Pd_bus1,Pd_bus2,Pd_bus3,Pd_bus4,Pd_bus5,Pd_bus6,Pd_bus7,Pd_bus8,Pd_bus9,Pd_bus10,Pd_bus11,Pd_bus12,Pd_bus13,Pd_bus14,Pg_gen1,Pg_gen2,Pg_gen3,Pg_gen4,Pg_gen5,theta1,theta2,theta3,theta4,theta5,theta6,theta7,theta8,theta9,theta10,theta11,theta12,theta13,theta14,branch1,branch2,branch3,branch4,branch5,branch6,branch7,branch8,branch9,branch10,branch11,branch12,branch13,branch14,branch15,branch16,branch17,branch18,branch19,branch20,Total_Cost
0.0,19.07642917160859,85.92948561304007,42.93063849321849,6.882287453022692,9.976807236934096,0.0,0.0,25.071307327334036,7.864654681204079,2.964601387830015,5.634416429871736,12.410738429464807,12.349875503104215,231.0912417266328,0.0,0.0,0.0,0.0,0.0,-9.584332170228128,-21.92063035398488,-17.881670051589552,-15.414663442190319,-24.78358925889047,-23.076762833696858,-23.076762833696858,-25.809701610282666,-26.27859350988246,-25.833828896578762,-26.521775982786874,-26.753720432946555,-28.10164540437522,161.97958712570775,69.11165460092504,62.31397779338662,47.05840449955435,33.53077566115821,-23.615507819653452,-58.584816181411355,24.84263954718489,14.254434820908902,37.17532662764919,5.280239505722939,6.7948349317712555,15.123444953220897,0.0,24.84263954718489,5.549016563311154,8.476750477448604,-2.3156381178929246,1.1604185018995192,3.873125025655611,1830.4624022458138
0.0,22.40888893861103,90.26247728386231,47.65360697132037,7.840856851909984,10.567619542374308,0.0,0.0,30.461183184179273,9.335238172186681,3.620993285676643,6.02414212598115,13.855686206142346,15.266507236918805,257.29719979916285,0.0,0.0,0.0,0.0,0.0,-10.653055049030044,-23.925963402531607,-19.95508664570981,-17.231113190447793,-27.95677728924752,-26.143501541090284,-26.143501541090284,-29.39898892938794,-29.91931464577669,-29.309005039947625,-29.915188728034373,-30.241309846172598,-32.09027150950222,180.04149144887685,77.25570835028601,67.0450490150101,52.75653128788433,37.831022207371454,-23.217428268852217,-64.68709226459309,29.592649652737546,16.97993865956728,42.55878144115438,6.798530672197577,7.655726667397111,17.53690455918538,0.0,29.592649652737546,6.157700785665748,9.953704342459806,-3.1775373865209335,1.631584541415961,5.312802894458999,2038.0385120463786
0.0,21.25060028636847,84.78937778274681,45.69803210286125,6.987437507891991,10.1747013417281,0.0,0.0,27.446395399803087,8.719879189636414,3.1602704785476137,5.660359715086586,12.8296968875975,14.534519462208046,241.25127015447583,0.0,0.0,0.0,0.0,0.0,-9.993928882441443,-22.448320049600927,-18.706375135045597,-16.136790478966653,-26.134239896034806,-24.401015212265314,-24.401015212265314,-27.39674663391289,-27.889966707078433,-27.33623749281617,-27.961877898377256,-28.25853055995887,-29.985157417086413,168.90195846613898,72.34931168833685,62.910497384247535,49.41269426386203,35.32816653166096,-21.878880398499277,-61.02077074516612,27.23144642893897,15.625106078728635,39.66926996693973,6.0432257253965105,7.1445135152748165,16.3068293845403,0.0,27.23144642893897,5.836923942787518,9.573233165077013,-2.882955246848896,1.4841538001882304,4.961286297131032,1910.9394895813655
0.0,20.23136210828345,90.27463623065707,44.517001148435085,6.787010096792257,9.768323879944685,0.0,0.0,28.237454991180904,8.303628692179158,3.3727346334174397,5.792621124542321,13.088588956552003,13.481562887930219,243.85492474991457,0.0,0.0,0.0,0.0,0.0,-10.113781818260938,-23.100306681105593,-18.879938305021124,-16.265726621985362,-26.205458015850816,-24.541108623748244,-24.54110862374824,-27.519232890978397,-27.981929660803655,-27.438769669261752,-28.045770106835672,-28.325889398581108,-29.923319469651293,170.92752777185967,72.92739697805489,65.59844856718009,49.71731219805005,35.38040489834612,-24.67618766347698,-62.080543410965596,27.071395938825162,15.533270858278385,39.44024836864317,6.200661907546181,7.19405844566224,16.277204135490067,0.0,27.071395938825162,5.475701418050416,8.891510387872234,-2.827927274128742,1.4014373211199187,4.590052500057984,1931.5629100527606
0.0,17.824310982052232,78.10981952919833,40.3410143168135,6.601142940254121,9.851655240094269,0.0,0.0,24.28851313532773,7.694657624226388,2.817785049328611,4.832731950349922,11.024990242009627,12.067921646083043,215.45454265573784,0.0,0.0,0.0,0.0,0.0,-8.924853918397462,-20.268343163025474,-16.709074067880493,-14.412942695382954,-23.2474578034756,-21.695067057023447,-21.695067057023447,-24.31800646375459,-24.761999622183712,-24.2932910629433,-24.803470097259094,-25.053311215967764,-26.475792261330483,150.83410374171814,64.6204389140197,57.29903139176642,44.14825402383751,31.562507344061956,-20.810788137431913,-54.526985810912805,23.842736176085285,13.680701204419604,35.054817506914716,5.258085769068343,6.082687517233467,13.862388980518638,0.0,23.842736176085285,5.254356904486658,7.98056734069049,-2.4403007197397306,1.2499555668835445,4.087354305392553,1706.6048751035091
0.0,17.458945038037427,73.9854546095086,37.42674502243982,6.687780687110413,9.22853363533726,0.0,0.0,23.68921663918554,7.885755202160368,3.0094169192807856,4.819854026220646,11.1099192522174,12.949749948869512,208.2513709803677,0.0,0.0,0.0,0.0,0.0,-8.617094973839647,-19.446032410691984,-16.147622480019596,-13.966437786753511,-22.761434348322247,-21.169624796213114,-21.169624796213114,-23.811507326838825,-24.279191244984847,-23.827628091333185,-24.337021195654305,-24.604731149832194,-26.12879850481067,145.63283714449292,62.61853383587478,54.69989107871055,42.70943458586631,30.764566441878678,-19.285563530798044,-51.7973092677769,24.01493073925745,13.779504561147881,34.89801032286618,5.360451196636207,6.159207409139826,14.149818081752889,0.0,24.01493073925745,5.534720924804946,8.570497736414845,-2.3510342773554225,1.33935338291918,4.3792522124546664,1649.5489052183145
0.0,17.541344156222202,77.52263053961376,37.20370159464811,6.541575246359765,8.789579596806222,0.0,0.0,24.260516856685012,7.315970161817617,2.7463929626189554,4.7535441063685635,10.579482135098875,11.625882174856175,208.8806195310953,0.0,0.0,0.0,0.0,0.0,-8.664453090391357,-19.790455358098924,-16.143722113038613,-13.928270015657642,-22.3879422742778,-20.994242813346712,-20.994242813346712,-23.54591545221862,-23.945535786799976,-23.44870151217519,-23.90859064461879,-24.14662783310974,-25.577592000527286,146.4332109243089,62.44740860678641,56.20044586405795,42.4187217709123,30.272699133116436,-21.32218467555581,-52.611068567584226,23.194915361075445,13.308988707217097,33.56746392595889,5.333128395663095,5.944444589112971,13.500311344376604,0.0,23.194915361075445,4.729234728773478,7.514152482834041,-2.586735433044139,1.1909004827444072,4.111729692022133,1654.5331521554488
0.0,20.79397628505502,87.51363659962698,48.76295452568146,7.688265014150105,11.379317123714493,0.0,0.0,28.40435321583496,8.991531690528566,3.474930518361282,5.725611400712732,13.565050312329658,14.090621366445932,250.39024805244122,0.0,0.0,0.0,0.0,0.0,-10.355239621911277,-23.282879697874744,-19.483853415703148,-16.81319530670334,-27.250103302318298,-25.359451489790068,-25.35945148979007,-28.450377963251718,-28.984655709221247,-28.472075018230516,-29.10838505040719,-29.415939037987947,-31.01661781964247,175.0082748337211,75.38197321872013,65.30100558652052,51.77299111724064,37.140301844904876,-22.21263101310646,-63.420995226782445,28.09677732444012,16.12162348079502,41.41301482269248,6.1436486471202425,7.264304554508779,16.625744497348965,0.0,28.09677732444012,6.322813561769605,9.491234027630574,-2.668718128758961,1.5386931537960473,4.599387338815358,1983.3288857012324
0.0,20.04907364864423,87.5605010074509,44.369471585729805,6.68322481427197,10.729253792450812,0.0,0.0,28.293385404898412,8.692093369544555,3.3475251742631538,5.8021651199088895,12.632587205569344,13.787100217202381,241.94638133993448,0.0,0.0,0.0,0.0,0.0,-10.022104082141388,-22.748339460673527,-18.767300659232458,-16.185622288670867,-26.27247701469774,-24.51556089523914,-24.51556089523914,-27.539499822950955,-28.03660580252712,-27.49704614498182,-28.094672418826615,-28.35872838120347,-29.995574718236384,169.3781321977588,72.56824914217569,64.28365600107149,49.5984379372225,35.44696461082056,-23.276845006379403,-61.30796415487037,27.487854992380846,15.772230507602753,40.024024783853946,6.156707542906362,7.123237575266316,16.014825873230457,0.0,27.487854992380846,5.882911000901347,9.083789094183842,-2.8091823686432074,1.3210724553574265,4.703311123018539,1916.4454312209352
0.0,20.234378459998254,87.5008131959335,43.860796930104556,7.326069604653314,10.541463397551365,0.0,0.0,28.31824156179248,8.093048413574154,3.4185732243743012,5.7408879263897,12.685587839440299,14.167743880974898,241.88760443478682,0.0,0.0,0.0,0.0,0.0,-10.019657976082314,-22.7282109317352,-18.742104359574963,-16.181733230173908,-26.227612053004126,-24.469639254599702,-24.469639254599702,-27.482675376451603,-27.942794915985044,-27.43422298835183,-28.05102833246554,-28.32828632485696,-30.00820522643361,169.3367918891721,72.55081254561472,64.19433730187845,49.46941006971783,35.438666057577585,-23.306475894055055,-60.80197410118867,27.38874758523688,15.715363761510023,39.86143489735029,6.066419986665184,7.128010161688021,16.12554135144572,0.0,27.38874758523688,5.445201651283271,9.340668133671162,-2.6478467622908832,1.387122235298321,4.827075747303736,1915.979862235329
0.0,17.11908268639154,77.4247240296393,38.75098655336775,5.93422991665838,9.430174851940373,0.0,0.0,24.75566461717325,7.567616870596266,2.8873361878573243,5.110691213342719,11.122164607852199,12.249751542924338,212.35242307774345,0.0,0.0,0.0,0.0,0.0,-8.793751470744727,-20.02253795559459,-16.481346875956927,-14.215233707500158,-23.077540673139428,-21.525123799059468,-21.525123799059468,-24.178461114048517,-24.610688005559247,-24.139635230294427,-24.683400066403536,-24.916631275421576,-26.365167537246602,148.6184125527248,63.73401052501864,56.71963673713117,43.6002461729367,31.179446956265416,-20.705087292508125,-53.81413366081143,24.119055676657144,13.839250311215062,35.16509390381425,5.339841916314761,6.277547372128167,14.117529763430953,0.0,24.119055676657144,5.115111142138829,8.087530228560134,-2.452505728457437,1.166856158785448,4.162221314364205,1682.033137930075
0.0,22.117803866223138,90.41716170659274,49.33290041563954,7.836864056372607,10.605355025841574,0.0,0.0,28.836068747820235,9.164995164554037,3.360202860130304,6.257249904350261,13.867137741080336,14.82145828274639,256.6171977713512,0.0,0.0,0.0,0.0,0.0,-10.626156266482353,-23.906807035486615,-19.91616341996631,-17.180839901176967,-27.748898208632912,-25.89283495707393,-25.89283495707393,-29.03693229734368,-29.563610829029873,-29.000439859619746,-29.7187281940553,-30.007177738371873,-31.716426671136006,179.586889749575,77.03030802177621,67.0841580492209,52.688334581918994,37.69659325221194,-23.333003657371833,-64.95662595082742,28.580104902006617,16.39895155772838,41.93341126678815,6.292315992895068,7.700363494086968,17.335376753964535,0.0,28.580104902006617,6.2328820317892735,9.910105680125481,-2.932113132764764,1.443113589736707,4.911352602620909,2032.6522493041819
0.0,20.51067381006339,92.14467092377944,48.498221577023116,7.4454910945493085,10.555651526184803,0.0,0.0,29.336955496418362,8.344679328385022,3.474069614436005,5.920752634768941,13.67263433537078,14.165068596982898,254.068868937962,0.0,0.0,0.0,0.0,0.0,-10.52112921046672,-23.923127104895688,-19.741861647976023,-17.00835779169697,-27.393278497246616,-25.623396430466492,-25.623396430466492,-28.71744597819878,-29.18473011490757,-28.644112694028415,-29.295447225115584,-29.598287964547907,-31.257972642716567,177.81188457777117,76.25698436019086,67.6971151913368,52.29544259022971,37.308652986141304,-24.447555732442638,-64.9134138275719,28.125166327900093,16.137912780435748,41.20673242421096,6.2887591592850365,7.435865399589417,16.926456339151706,0.0,28.125166327900093,5.5299897835359895,9.396133828381494,-2.814689544849032,1.5151127648204765,4.7689347686014045,2012.467061483019
0.0,19.219052729300458,75.61611048285093,42.359914067074556,6.545548597179598,8.95161711411713,0.0,0.0,23.576485027334705,7.6561638133795435,2.8946964474083283,5.212812180865658,10.760067344478239,13.106360390988305,215.89882819497745,0.0,0.0,0.0,0.0,0.0,-8.94584190044618,-20.068295504820867,-16.74456862818726,-14.432922410161327,-23.209709473761336,-21.705183323549317,-21.705183323549317,-24.314772184666285,-24.752675574558044,-24.277518369579155,-24.830763755202955,-25.055455720783566,-26.632921757572507,151.18881021541625,64.71001797956119,56.182520606024596,44.230528174575085,31.556708705516144,-19.433589876826332,-54.89542194314731,23.721378612098594,13.611067561722864,34.82575614475045,5.368571623015597,6.336946489353894,14.168620918263828,0.0,23.721378612098594,5.182288637772275,8.57367250871448,-2.4738751756072688,1.1241343084882356,4.532687882273825,1710.1240390898347
0.0,19.166585303648766,81.13730263720012,38.2100589143243,6.55265397906085,8.834825272977762,0.0,0.0,24.63926471821566,7.770651616999795,2.9914308588572474,5.068827110882479,10.985323410939422,13.202553907512149,218.55947773061854,0.0,0.0,0.0,0.0,0.0,-9.074889852683564,-20.691236960925405,-16.84990446125735,-14.539910294606496,-23.41370922790996,-21.936717189260975,-21.936717189260975,-24.612693988264798,-25.045279979524793,-24.53604656062287,-25.03514200428447,-25.2889094468956,-26.91729360132055,153.36977949439859,65.18969823621994,58.67731024014664,44.09604474009633,31.42983921050685,-22.459992397053483,-54.8561901365674,24.32485045908391,13.957333106202032,35.21069333109856,5.642721632543515,6.338426083321647,14.394720342255638,0.0,24.32485045908391,5.119360843313527,8.523558003756765,-2.6512907736862683,1.2695989724391676,4.678995903755384,1731.1989136898205
0.0,18.0504854155593,75.64667736126422,41.40253675722349,6.5059733465711505,9.058088068395103,0.0,0.0,25.13789469026461,7.326061692034569,3.086185403685047,4.890898816007539,11.203844158011783,13.127533160412955,215.43617886942974,0.0,0.0,0.0,0.0,0.0,-8.914184879133163,-20.06149413760167,-16.754012674003807,-14.449063542881776,-23.36342166309931,-21.864303757895332,-21.864303757895332,-24.552631618161715,-24.959412855450758,-24.476917159588364,-24.96831183722748,-25.244717840430216,-26.85275493957635,150.65379210973742,64.78238675969232,56.30807323568471,44.46363313787797,31.83160032061545,-19.338604125579515,-54.7363840209459,24.43712262763737,14.021753648383458,35.371629712790785,5.598267956204386,6.273758547860398,14.441515140330901,0.0,24.43712262763737,4.81397913951523,8.507002446240978,-2.512082552519339,1.382859731852859,4.620530714171977,1706.4594164519883
0.0,18.98101264087546,80.12726308616722,40.06930450991982,6.9102712217479665,9.539956711302212,0.0,0.0,24.54868811033527,7.325656711923228,3.0660529589532364,5.17097660608213,12.11333769327426,12.786724644989844,220.63924489557067,0.0,0.0,0.0,0.0,0.0,-9.146203696464442,-20.743310884534882,-17.058103721003395,-14.7349656138314,-23.83972289441833,-22.163796628883013,-22.163796628883013,-24.849705565358892,-25.28759908983598,-24.875899959571136,-25.50672185468076,-25.77567530278659,-27.20023015657524,154.57501599568096,66.06422889988971,58.58012420099217,44.872391246250864,32.14148790756245,-21.547138885175052,-55.16832360892886,24.415134410288896,14.00913704979592,36.12712197677536,5.209537783573657,6.516551191362458,14.861076290537037,0.0,24.415134410288896,5.1821718873028075,8.693411462446738,-2.143484824620421,1.3455745852803283,4.093313182543106,1747.6726474948152
0.0,18.955033282359686,88.71884141409322,44.57880444274872,7.083530378010481,10.521611622347127,0.0,0.0,25.608235335793246,7.7238351384801565,3.314626248878057,5.59135953844898,12.617167708224882,13.456242470017768,238.1692875794023,0.0,0.0,0.0,0.0,0.0,-9.871007293986416,-22.620571215591315,-18.461575420769535,-15.912735281281797,-25.6103700066535,-23.823611933544672,-23.823611933544676,-26.64437339476499,-27.11445115768699,-26.6994292423365,-27.37689328826718,-27.639585035676742,-29.127048177160855,166.82452753061375,71.34476004878854,64.40149478004199,48.721461699087556,34.74653776912458,-24.317346634051233,-60.52814389664537,25.640955015183323,14.712499503749601,38.4796235432573,5.475410938577097,6.905606823868023,15.576994158465045,0.0,25.640955015183323,5.563050448781116,9.18216873435856,-2.1607846896990406,1.314247285419043,4.274073735659208,1886.5272566213541
0.0,18.421294549986317,85.24586915691438,42.03625655583806,6.5089552206282715,9.918142734108748,0.0,0.0,25.46700615307202,8.245304224129278,3.035988198672732,5.37965721368328,11.306939279209649,12.570142018367399,228.13555530461008,0.0,0.0,0.0,0.0,0.0,-9.460733060176956,-21.688481911755975,-17.672662725707664,-15.221331241081284,-24.45863407707733,-22.890749937166614,-22.89074993716661,-25.635785199851195,-26.106806636844112,-25.593771142127792,-26.123949624646954,-26.349876639600122,-27.86071540264163,159.89070576604624,68.24484953856386,61.765665765413985,46.57401126095002,33.129734189695945,-23.480203391500396,-58.21257384531892,24.95259760644105,14.317527552489356,36.653054662312705,5.707074233536693,6.509970476406792,14.51786721826047,0.0,24.95259760644105,5.574218189265318,8.228900816593066,-2.6710860348639596,1.1303132627235124,4.3412412017743325,1807.0505549256063
0.0,18.58040173979566,81.78895056461495,40.02829770652375,6.6708545265571955,10.015690358895522,0.0,0.0,25.260747421579044,7.368649612932833,2.9135761536905136,5.5321637329345705,11.103687661451756,12.786206186432686,222.04922566540847,0.0,0.0,0.0,0.0,0.0,-9.206215295880344,-20.986657594874856,-17.175638666453363,-14.823235334441568,-23.95387966080278,-22.324730384440883,-22.324730384440883,-25.03346976802833,-25.45659020757878,-25.003053946534653,-25.627465874574632,-25.829372263851294,-27.327046806664317,155.5892394098419,66.45998625556658,59.50619941907618,45.19863526867638,32.304002982293675,-22.282751145538768,-55.86329451464722,24.622665063061973,14.128215868199083,36.229840196655864,5.274883286736388,6.542301762135386,14.396964788888562,0.0,24.622665063061973,5.007342479886958,8.482791029795065,-2.361307133045875,1.0101380292008155,4.303415156637621,1758.8410360836428
0.0,20.454790549175833,87.44919913501637,41.74601832420964,6.878126994243451,10.350387524769006,0.0,0.0,25.83288124979657,7.922055857939802,3.1922201729762243,5.40241714152757,12.543182960903529,14.025624430287218,235.79690434084523,0.0,0.0,0.0,0.0,0.0,-9.787092572562932,-22.318500044112145,-18.188181715065596,-15.699913601230682,-25.384515148956805,-23.614983177949917,-23.614983177949917,-26.469814991893603,-26.940222482243914,-26.487877789604497,-27.13725806850567,-27.42694818243425,-29.02247983191543,165.40633044723563,70.39057389360958,63.29952756250542,47.646830436153955,34.00518189940045,-24.149671572510954,-59.08972011006685,25.95065733972991,14.890203309770227,38.42790868869978,5.5473234823916355,6.851737303267532,15.678460378271607,0.0,25.95065733972991,5.566952548524392,9.441026851179178,-2.3551033094154104,1.449320161739962,4.58459757910804,1867.7357252355223
0.0,17.3147293852411,74.85575025956491,37.68339558463195,6.395717657844267,9.503719061525903,0.0,0.0,23.10132906461889,7.488255650944639,2.97081688426425,5.276473675480603,11.46565078213929,12.785266548517075,208.84110455477287,0.0,0.0,0.0,0.0,0.0,-8.642977383717934,-19.560204590806023,-16.189223185302108,-14.000408794365898,-22.87345731219068,-21.156661071406305,-21.156661071406305,-23.76983935110372,-24.235853243626554,-23.85684183088998,-24.514529939116596,-24.742138802932413,-26.140398587746464,146.0702616818985,62.77084287287436,55.14586658123997,42.79858099809535,30.811084717322075,-19.709883678324942,-51.97849420413704,23.754006723910667,13.629789215364827,35.207715728215156,4.944115227246358,6.4152012310930715,14.344680208349828,0.0,23.754006723910667,5.514957307962532,8.767509566694066,-1.9732983429821074,1.1387275556124683,4.017756981823009,1654.2201559642326
0.0,19.311078271472777,76.90868703134716,42.920126455966006,6.560230071650371,9.969777515076881,0.0,0.0,25.40154127611932,7.934290936943191,2.858071747685359,4.968231242447209,11.247379916958788,12.283312626003601,220.36272709167068,0.0,0.0,0.0,0.0,0.0,-9.125552746159935,-20.46579695975094,-17.109154112473252,-14.751134381073602,-23.80698517764469,-22.255410280286824,-22.255410280286824,-24.96265798983718,-25.409597426857978,-24.90155944078374,-25.404114076397402,-25.658998515022557,-27.13618220400591,154.22600551225173,66.13672157941895,57.28263986255989,45.279045861577345,32.35324151664173,-19.626047168787267,-55.99666899547969,24.60910562267392,14.120435609629844,35.933064028930595,5.503138577873529,6.2434185479563435,14.216729388023838,0.0,24.60910562267392,5.289224106755021,8.03877584942942,-2.6450668301881706,1.2751873055091343,4.244536776574181,1745.482363519496
0.0,18.34070475246158,86.74490783746937,40.962781106553585,6.395279617729822,10.105112856977446,0.0,0.0,25.924857350698794,8.056732918373683,2.961412449771539,5.629725137612917,12.430147745791125,13.235743565672138,230.78740533911196,0.0,0.0,0.0,0.0,0.0,-9.567794799158264,-21.979837329887264,-17.86685232794056,-15.409233027037335,-24.9670380543844,-23.23759089785833,-23.23759089785833,-26.06293017710782,-26.532654294680878,-26.052888860590354,-26.729959114632603,-26.982167710193185,-28.478835380798323,161.7000980084209,69.08730733069106,62.696582970798595,47.06815749082518,33.59465279433559,-24.048324866670775,-58.36189268352468,25.6825677597445,14.736376441380957,37.92478782377218,5.459280071422611,6.891525195450534,15.46886969992159,0.0,25.6825677597445,5.558865296722611,8.935221553704054,-2.4978676216510722,1.2618000578376165,4.300522011968084,1828.0557291082441
0.0,19.730439017577837,79.9224675152328,40.35654800965861,6.589065371278417,9.939734476194193,0.0,0.0,27.006797144420457,7.953869972593932,3.065326236343362,5.357739026165391,12.689715868429676,12.593851248171367,225.20555388606604,0.0,0.0,0.0,0.0,0.0,-9.329063300404927,-21.009435406905475,-17.431188556249147,-15.064149957907965,-24.571159348792555,-22.86369567949833,-22.86369567949833,-25.721529022213726,-26.178097423617775,-25.68818569913758,-26.2993753300508,-26.578831308564776,-28.01268227069504,157.66542674336534,67.5401271427007,59.00071781835898,45.951254853925924,32.98301505350264,-20.921749696873817,-56.210842990766594,25.977941484550435,14.905858653609586,37.72323383415835,5.616019860960404,6.7558577899935415,15.411621707010209,0.0,25.977941484550435,5.403176347976889,8.473826645762681,-2.5506936246170424,1.3981187638281503,4.1200246024086855,1783.8421572593886
0.0,20.93838930904777,89.57447236141032,46.82301380770156,7.263335856800154,11.137028180171809,0.0,0.0,27.574180174062178,8.696432026241451,3.493950343940951,5.661418608192933,13.08597998357184,14.455849092889036,248.70404974403,0.0,0.0,0.0,0.0,0.0,-10.303378594757648,-23.341021033987307,-19.284563118460873,-16.632594625286245,-26.897786432724118,-25.047851378526243,-25.047851378526246,-28.079695972490427,-28.597405528285105,-28.10384483943669,-28.730046204890296,-29.030098486378566,-30.694882300767475,174.1317998099991,74.57224993403086,65.85665726741257,50.93684507544933,36.39990815808946,-23.717815093997743,-62.97716678163448,27.55971815256966,15.813464802814833,40.731655453685704,6.0636420649198834,7.162580712896997,16.368404495697014,0.0,27.55971815256966,6.126740305262518,9.6722624760598,-2.569691720978933,1.501162104704064,4.783586616829236,1969.972591524024
0.0,17.427086091293436,81.15492522316879,42.10405680621569,6.140063311622091,9.11331779594947,0.0,0.0,25.823511340174583,7.55246287868828,2.851302523551964,5.3497594540094315,11.265281306081171,12.537105728187152,221.31887245894205,0.0,0.0,0.0,0.0,0.0,-9.166344977771896,-20.928076830500405,-17.209330950397916,-14.810627633299154,-23.823214063527672,-22.355827111481776,-22.355827111481776,-25.063201072273834,-25.468386538499754,-24.938778750763017,-25.48657854442775,-25.71695703585573,-27.256724187034784,154.91541284049174,66.4034596184503,59.411687895784766,45.615846033496034,32.46079281991752,-21.743237327384023,-56.962795466605606,24.610253256904457,14.121094109597465,35.76139366014013,5.608671127377316,6.502343461553814,14.537061275259529,0.0,24.610253256904457,4.795094274862927,8.112741751464409,-2.757368603825353,1.152584007544382,4.424363976722743,1753.0559441225294
0.0,19.79348081032887,81.87857169946336,42.63545097642954,7.218389711363509,9.840994586671751,0.0,0.0,27.44072890741578,7.793408283791017,3.3244014726670192,5.479177635108626,11.832101109234477,12.816928779994283,230.05363397246828,0.0,0.0,0.0,0.0,0.0,-9.52895491906489,-21.49589170372083,-17.830660960309757,-15.391978726251715,-24.86746788489969,-23.26925080491147,-23.26925080491147,-26.130284033701795,-26.564877118228104,-26.05583498495881,-26.584384803189117,-26.830738983525933,-28.38680385418635,161.04368631172707,69.00994766074119,60.44823349323597,47.083178546080234,33.718793462082026,-21.430338206227397,-57.9121879377355,26.007028713665417,14.922548587493335,37.598163473724206,5.974696330111173,6.711688043037517,15.070784513903766,0.0,26.007028713665417,5.143113426346864,8.345734967396105,-2.6502948574441527,1.232510407928891,4.4711938125981785,1822.2435620678564
0.0,19.973988697227824,84.9856603993436,45.47554576724,6.927944662653277,10.005568619549122,0.0,0.0,26.113019584593854,7.967203518611163,3.0525251976301697,5.746951003201732,12.620655448216953,13.64759542007611,236.51665831834381,0.0,0.0,0.0,0.0,0.0,-9.799315919092797,-22.18412662212026,-18.348499622271692,-15.81437189528052,-25.489466124881073,-23.76499966941515,-23.76499966941515,-26.61441230420021,-27.07597289742922,-26.59484753940243,-27.289160989376448,-27.546672101506008,-29.098679814583843,165.61291058125397,70.90374773708984,62.559027645741494,48.48674967773874,34.5931445605459,-22.426632753602107,-60.178763405157284,25.901396552904835,14.86193800914905,38.39018422982522,5.557473175069608,7.035279560984229,15.791862874222264,0.0,25.901396552904835,5.462255541171726,9.188059436288302,-2.5049479774394374,1.2883285577824966,4.4595359837878075,1873.4368612233436
0.0,18.224899023106406,77.03916388826217,40.444402666456554,5.92704394696234,8.62939889821825,0.0,0.0,23.96600754265103,7.676555865961462,2.6712855281379766,4.706156551064513,10.860884802526632,12.704896006022171,212.85069471936947,0.0,0.0,0.0,0.0,0.0,-8.826304740562616,-20.011829140024563,-16.499205483529604,-14.203659387337021,-22.81459082722236,-21.421961978258675,-21.421961978258675,-24.011635094101944,-24.42671132677421,-23.89575088668019,-24.368514116597918,-24.642022859194775,-26.220472531189788,149.1685776671052,63.68211705226426,56.501108246006666,43.516905302671205,30.92566509532094,-20.5380556422555,-54.51308706227932,23.540342840135178,13.507191216103308,34.167651138343544,5.4356966287472135,6.0745212828879165,14.028034328490163,0.0,23.540342840135178,4.912144765352225,8.169381748235235,-2.7644111006092373,1.3683647318234033,4.535514257786936,1685.9799231880843
0.0,20.012444192106056,82.48776134207779,42.367209284776536,7.373307068338909,10.841833408267593,0.0,0.0,27.594918442774212,8.624707198490608,3.2094403458028578,5.6307182967530975,12.425313983480727,13.979111402409982,234.54676496527838,0.0,0.0,0.0,0.0,0.0,-9.704647734917609,-21.825016775468356,-18.18814933412685,-15.731856498145978,-25.68491424034155,-23.876991209272294,-23.876991209272294,-26.869672419509232,-27.37183513866299,-26.856712401816512,-27.470642359929403,-27.740472993330922,-29.377512907308432,164.0129750704345,70.53378989484388,61.22326130499947,48.1142332078564,34.66303636547255,-21.26450003707832,-58.33039268536862,27.2037197549036,15.609196816466582,39.49312650660889,5.89139347146789,6.980681441647535,15.779218185225874,0.0,27.2037197549036,5.942754072825575,9.275244055770397,-2.681953125665033,1.3499631448944376,4.703867346639585,1857.8334324984867
0.0,17.080117386826558,76.7633745400576,40.848584668331675,6.112605291618125,9.53621836238344,0.0,0.0,25.115268578519146,7.45631862001124,3.048216675613231,4.891100802461401,11.52046016946101,12.931953670163814,215.3042187654472,0.0,0.0,0.0,0.0,0.0,-8.904230599440345,-20.165577657759524,-16.765626872088557,-14.457153597366679,-23.48485152883458,-21.905058551713307,-21.905058551713307,-24.608716160146347,-25.03481897632861,-24.57122312412065,-25.09589943311167,-25.37707647447412,-26.91242845157996,150.48556024066832,64.81865852477887,56.88410899792483,44.58595889659829,31.935374959318676,-19.87926554213277,-54.82007301643028,24.57647130654527,14.101710396018897,35.82135517604912,5.461898417727872,6.297830046820266,14.525408349117534,0.0,24.57647130654527,5.042636877896599,8.520276246148427,-2.4136817421146413,1.406729244358865,4.411677424015387,1705.4141669343876
0.0,18.039972134944648,76.55895828880206,39.42520303710108,6.459246209541451,9.184798484522515,0.0,0.0,24.542908314156257,7.475954914573025,2.7460224184288973,5.056283080283962,10.832356248693369,12.339190882887959,212.66089401393526,0.0,0.0,0.0,0.0,0.0,-8.81107392532615,-19.95098499443862,-16.48108468911404,-14.21873845753967,-22.95520806794538,-21.465522756382374,-21.465522756382374,-24.087644178437596,-24.502906015368193,-24.010896881781296,-24.543709514756234,-24.77425299612146,-26.26541605342545,148.9111699396003,63.749724074334964,56.27070298081762,43.50051476739956,31.099980056438465,-20.288255307984443,-53.724678973506784,23.83530062771772,13.67643476810305,34.66577894772522,5.307636067551083,6.209692532781569,13.963651862870053,0.0,23.83530062771772,4.9143412654508385,8.054485816213667,-2.5616136491221866,1.1534094524976064,4.284705066674292,1684.4765211005745
0.0,21.82068754266805,97.94148081861248,45.151799281895315,7.884958396633268,10.98124051945708,0.0,0.0,29.396122639705336,9.122598255382194,3.596700322532805,5.979165951656197,13.128485718694371,14.997393045504674,260.0006324927418,0.0,0.0,0.0,0.0,0.0,-10.791965645851125,-24.75151131979463,-20.0604934615628,-17.310466410869573,-27.872432278442325,-26.078810325173997,-26.078810325173997,-29.244815672179865,-29.76191766527538,-29.18512222799556,-29.777760371470187,-30.07139406236899,-31.88826598080523,182.3891439217699,77.6114885709719,70.51343978352021,52.56651438130487,37.48850221427678,-27.428041035092264,-65.30579555196451,28.779250495462872,16.513219120818917,41.90923683665086,6.599748363766846,7.448215836080912,16.880032117346023,0.0,28.779250495462872,6.119550214148152,9.776796762428308,-3.0030480412340417,1.4690498844247157,5.220596283076366,2059.4522699440154
0.0,22.120001766008844,96.35791207537304,47.1635304809986,7.789314694566347,10.697649896102094,0.0,0.0,28.7797571933457,8.817953040918466,3.439602865215431,6.177306076431778,13.256759926016278,14.72113695626976,259.32092497124637,0.0,0.0,0.0,0.0,0.0,-10.762578281139898,-24.577061229077277,-20.031558720369336,-17.26963946344647,-27.72182487119219,-25.93348373260162,-25.93348373260162,-29.03825979704153,-29.538584175206328,-28.982166127703543,-29.650765750440634,-29.923245307384736,-31.66521118751534,181.89248404833359,77.4284409229128,69.78068873029942,52.56908143846096,37.42271211356435,-26.57722334507362,-65.58820367900415,28.222671252067165,16.193860039325745,41.47363466290659,6.33655734797059,7.540521790580687,16.89890562825322,0.0,28.222671252067165,5.920998558163307,9.715775539883907,-2.8969544827551594,1.3632157141489092,5.005361416385853,2054.0683399719187
0.0,20.593400878661107,88.02108592733302,43.928155163606526,7.387384900106867,10.959208394162491,0.0,0.0,28.01491240541585,8.982115511224272,3.372556768479199,5.853545710056218,12.342289628753132,14.092483360550027,243.54713864834872,0.0,0.0,0.0,0.0,0.0,-10.090022653655094,-22.8713037264667,-18.859046094980627,-16.28663765284779,-26.41361928798836,-24.63039770380421,-24.63039770380421,-27.6664841158484,-28.187142597039156,-27.64541364100314,-28.23420958310558,-28.486741423274072,-30.169476845233355,170.5259870484214,73.02115159992732,64.56170668693031,49.73357214907856,35.637307333751416,-23.45937924040271,-61.08782811999135,27.598276629799074,15.835589235261564,40.18324591358055,6.193033449043637,7.11696296124944,15.914041109124986,0.0,27.598276629799074,6.161638830659835,9.257314628984954,-2.820476680564437,1.2634172511932222,4.835168731565073,1929.1249514237763
0.0,18.462469192758704,81.85414712934778,41.31272780665191,6.625020799666542,9.939004095875534,0.0,0.0,26.741016141189945,7.314714108920794,2.9067519334106007,4.951242152128179,11.821548040876815,13.420814550072127,225.3494559508989,0.0,0.0,0.0,0.0,0.0,-9.333582778203148,-21.216064519214672,-17.482048812134295,-15.079209803329224,-24.39519305588327,-22.814371787185387,-22.814371787185383,-25.61950209746356,-26.012914436980914,-25.502210529454448,-26.0477337995962,-26.34931068140987,-27.980745181171585,157.74180798044867,67.60764797045024,60.02162823160835,46.2140768712066,33.04363368487507,-21.832518897739433,-57.06100709582216,25.498866560114255,14.630970702523035,36.9652537598367,5.565698710765048,6.460031835006186,15.000519118189933,0.0,25.498866560114255,4.655767331566347,8.733053789881005,-2.658946777354447,1.5087896828780067,4.6877607601911215,1784.9819984637286
0.0,18.710561936995695,73.05786144440795,41.250349618031386,6.115694855591826,8.732376863237423,0.0,0.0,23.54164053342534,7.20237077364515,2.9744295440459014,5.023048357859693,10.808980101677841,12.375460236872293,209.79277426579048,0.0,0.0,0.0,0.0,0.0,-8.691272771683849,-19.46642491055841,-16.280195110140458,-14.03062081509529,-22.618532367457437,-21.141092517801273,-21.141092517801273,-23.698223943856963,-24.111923901853128,-23.668911895670618,-24.197857714710924,-24.42787430454033,-25.900333518207855,146.886475776303,62.90629848948749,54.428206995375895,43.040621248052446,30.70708559587899,-18.629654449032053,-53.42137960211747,23.244536188125547,13.33746059498095,34.07630962765713,5.2809428266122,6.1738217710546515,13.88916816675286,0.0,23.244536188125547,4.895857491078851,8.144498758602314,-2.306513282566299,1.1507734131949583,4.230961478269979,1661.7582851133873
0.0,19.836165416654527,87.43658275585786,42.97388325960683,6.877707705944835,10.695533975828011,0.0,0.0,28.2536613285029,8.077808678507152,3.302522395428626,5.566267590402663,13.272380453153556,13.934497432618915,240.22701099250588,0.0,0.0,0.0,0.0,0.0,-9.950694769055922,-22.62140754584847,-18.61359546486592,-16.07130974504834,-26.153559182468243,-24.340174873412757,-24.340174873412757,-27.35270835052751,-27.817603794853373,-27.32281467950704,-27.971864254489407,-28.280031660630236,-29.878473398204182,168.17128222166505,72.05572877084083,64.00319632667848,49.131696323786294,35.20022415454577,-23.43338642917938,-60.37249394009927,27.38417850299749,15.712742072101817,40.00575127934251,5.878609839310192,7.1080296783595855,16.32357778584472,0.0,27.38417850299749,5.501721234625586,9.341538011970824,-2.5760874438815655,1.541762087956923,4.592959420648091,1902.8263829481004
0.0,19.37925341930896,79.35141904154649,43.08432141549002,7.092098330561253,10.059746824540598,0.0,0.0,25.394735040312998,7.733114844648687,3.1469500917155684,5.362713408944403,12.447224491966997,13.82768888520705,226.87926579424303,0.0,0.0,0.0,0.0,0.0,-9.387339954178193,-21.082675967670518,-17.61502313767488,-15.21778211065562,-24.729062794335206,-22.960920040515845,-22.960920040515845,-25.77319107284912,-26.23618716612142,-25.803286136783257,-26.46409009126459,-26.747873887706824,-28.303410567227964,158.65032878448864,68.22893700975439,59.07630455873272,46.66335743816178,33.53141336828518,-20.27511448281377,-56.92806998383421,25.563776314273944,14.66821520941825,37.740182063644106,5.400821228999726,6.782484253662423,15.497129756441362,0.0,25.563776314273944,5.479243707364528,9.358012776014663,-2.2538711372841584,1.4197708447180197,4.4696761091923864,1797.099547272175
0.0,17.318655052200967,80.30175069807282,38.33025837503618,6.51068499903446,9.147952490138918,0.0,0.0,24.685410593380087,7.376259733584108,2.9157397265027614,4.826375313234998,11.44928278975555,12.824241585376853,215.6866113563177,0.0,0.0,0.0,0.0,0.0,-8.938955506734384,-20.471868362509056,-16.701359893757736,-14.411547674519372,-23.282641957319473,-21.754038869369296,-21.754038869369296,-24.412059212268243,-24.826929677232336,-24.353179401630676,-24.879311011549085,-25.162190308652225,-26.691411429730014,151.0724270193406,64.6141843369771,58.25586127077164,44.02452578847182,31.473384907896186,-22.045889427301184,-54.37692280309578,24.161624787736994,13.863676001493232,35.199961442743046,5.382289815541438,6.241620946130384,14.428098190932305,0.0,24.161624787736994,4.9097096445454325,8.430180551304712,-2.466550089038676,1.4152456328953864,4.394061034072141,1708.4430799094362
0.0,18.631768375361663,80.20180846705281,43.65251503278255,6.914060370796604,10.121497380889004,0.0,0.0,26.800248958455708,8.088408611173538,3.3173487691531,5.262344079395357,12.400422805264682,13.253062156606982,228.643485006932,0.0,0.0,0.0,0.0,0.0,-9.453045062946615,-21.290616550930952,-17.80040151445701,-15.363599616588111,-24.96386344184357,-23.268289850541322,-23.268289850541322,-26.14473589038751,-26.614140052420172,-26.127563403390575,-26.681116716222974,-26.971074403262577,-28.522658561060958,159.7607751047256,68.88270990220637,59.79477440008244,47.342085137876566,33.99214719140497,-20.407034066970375,-57.867534976701464,26.147132441107075,15.002938573718039,38.09326174611324,5.850678539703399,6.713002909891731,15.408082915629109,0.0,26.147132441107075,5.5550788406232385,8.794743215746177,-2.5333297705502993,1.4506588304963746,4.458318940860805,1811.073841209143
0.0,17.98143333311829,77.82062828328628,40.91695791175795,5.849850212080268,8.593633094608355,0.0,0.0,23.136666240931216,6.883376770097481,2.679052352139404,5.1624104293056785,10.476869895381393,11.759301420475477,211.26017994318178,0.0,0.0,0.0,0.0,0.0,-8.767839624850728,-19.98216269550314,-16.360764896280173,-14.0692939259975,-22.46223550593952,-21.06309152502259,-21.06309152502259,-23.536804954766048,-23.91880955199554,-23.465022606412255,-24.031222962780358,-24.225306235657243,-25.627166496508355,148.1804905332217,63.07968940996009,56.64657812119211,43.06332390783487,30.48915517107643,-21.174050162094176,-54.41631370892127,22.48625970133136,12.902369841572646,33.302680660035,5.04166465798252,6.133409393068433,13.533973514375692,0.0,22.48625970133136,4.520764464254365,7.731198837718428,-2.3626123058431157,0.9709989637627547,4.028102582757049,1673.3815335811255
0.0,20.991792528677216,88.43556897383246,47.02420884441469,7.133552559489832,11.333276989417516,0.0,0.0,30.086223680571116,8.972566355884283,3.448059506748115,5.8822144799364935,13.029717668241279,14.882310361440075,251.21949194865306,0.0,0.0,0.0,0.0,0.0,-10.394430089358886,-23.409769660453527,-19.52883052477356,-16.850422269243538,-27.419963853026914,-25.600643920859813,-25.600643920859813,-28.79479173887554,-29.295780471788675,-28.711175935016655,-29.30466179242185,-29.601554542580484,-31.41206684031532,175.67061161667883,75.54888033197425,65.7439994498895,51.80581009196163,37.129009546150506,-22.69156952394296,-63.60504050178161,29.035067884880707,16.660004340504834,41.93929681685333,6.491765118098242,7.367569443707968,16.746685265629605,0.0,29.035067884880707,5.928860744534155,9.679987800280273,-3.043705611350128,1.4853549637714742,5.202322561159802,1989.8972859701753
0.0,18.834296162117226,80.77973464496996,41.81644606303976,6.446901837367651,9.047026582496917,0.0,0.0,24.1689455713952,7.836808368618629,2.876472778150682,5.2175664650806,10.954219157343118,12.617217040192747,220.5956346707725,0.0,0.0,0.0,0.0,0.0,-9.151294357780024,-20.816330641851795,-17.07821648906148,-14.706049654598703,-23.55219614436355,-22.076679758319248,-22.076679758319248,-24.706179300453176,-25.14729610887895,-24.64474666154606,-25.176816660300066,-25.403344856696727,-26.93087216241615,154.66105049484577,65.93458417592674,58.92325243254924,44.9575892200627,31.94591268011662,-21.856482212420723,-56.332624898189906,23.902368349549395,13.714917493242648,35.100970120485854,5.492963887292641,6.35088743964865,14.210092211047646,0.0,23.902368349549395,5.220317259476671,8.228023011920174,-2.6164911091419585,1.1333209745680497,4.389194028272573,1747.32721304109
0.0,19.904576921694872,89.39538828189862,45.98596385099897,7.411689015022437,10.146849048631026,0.0,0.0,28.9617078090557,8.776840982969032,3.2777505946459833,5.896917496481475,12.617103437073007,14.078459082498979,246.45324652097008,0.0,0.0,0.0,0.0,0.0,-10.204894736984805,-23.202943906023886,-19.142909371112385,-16.501808187574586,-26.600051915003835,-24.9478186003254,-24.9478186003254,-28.001558387556287,-28.478186165472824,-27.875801717926386,-28.45157365446149,-28.719604971390396,-30.45772804608325,172.46737767424042,73.98586884672967,65.65666095387722,50.69200677250215,36.2141330261662,-23.738727328021398,-62.71909721058652,27.758747270528954,15.927665533539328,40.06921564728691,6.414026158484389,7.237878657822812,16.270461782348683,0.0,27.758747270528954,5.640565419130627,9.084139575881963,-3.1362755638384057,1.3409611613413368,4.994319506617016,1952.1440894835243
0.0,19.266762882706118,77.72569768936842,42.77856116002186,6.7681421822853975,9.892026871912414,0.0,0.0,24.740277430164515,7.635202703685308,2.873872714629931,5.52683178487803,11.714252930403116,12.559130229626902,221.48075857968206,0.0,0.0,0.0,0.0,0.0,-9.170958273340906,-20.60181046303425,-17.183712214686597,-14.829344998547963,-23.99057741475337,-22.31147745911682,-22.31147745911682,-25.00899780408511,-25.460106652171103,-25.018991688423096,-25.683569755671268,-25.901705088869384,-27.31034774937927,154.99337964071162,66.48737893897042,57.74032524975166,45.44438487605314,32.541906632200686,-19.985372439616754,-55.90993151599703,24.520683073977725,14.069699718433798,36.35121187288869,5.170509168776874,6.618163249747457,14.670512582451945,0.0,24.520683073977725,5.338566249538365,8.511539112708647,-2.2966364541469426,1.0913314648694277,4.047591116918255,1754.3382361524912
0.0,19.50252472480719,86.10568013924697,43.28679794684913,7.18924129183323,10.121551468292825,0.0,0.0,25.808507342303223,8.523658131299584,3.0297758540843844,5.708127308016556,12.043025103373473,14.032984440573031,235.3518737506796,0.0,0.0,0.0,0.0,0.0,-9.753048131740263,-22.20192789351965,-18.230094380344422,-15.728983741474135,-25.382643242398053,-23.673058503344826,-23.673058503344826,-26.536392871990934,-27.030694396637074,-26.51711151946232,-27.159200409267765,-27.406392703184242,-29.052080742339207,164.83096386243474,70.52090988824486,62.88265778541884,48.07762164589473,34.36815970631395,-23.223022353828128,-59.39469576989517,26.02794626530415,14.934550849808534,38.3051325328304,5.703711800222531,6.944830799693957,15.535038464621081,0.0,26.02794626530415,5.849722185161437,9.304267587648024,-2.6739359461381467,1.2367034916774005,4.728716852925007,1864.2106597373192
0.0,20.39658073060507,88.39210837283991,42.53291655541039,6.592498279720736,10.075968825945926,0.0,0.0,26.371584841411817,8.612127683591826,3.2320374226111617,5.743699684615761,11.78002606242835,14.088598211029181,237.81814667021015,0.0,0.0,0.0,0.0,0.0,-9.871704240334727,-22.53951649373329,-18.365775049859238,-15.831789689124625,-25.53228231617911,-23.86861106404024,-23.86861106404024,-26.76344173504278,-27.257282786061918,-26.72566089725014,-27.30826017141952,-27.547889607090912,-29.250186504259773,166.83630624192543,70.98184042828473,63.9885449987298,48.17417655129599,34.27700396129454,-24.403563374110114,-60.175382586906025,26.314250259090485,15.098828949591041,38.49096352295249,5.9998923130770505,6.942566182871701,15.47253620105781,0.0,26.314250259090485,5.8442727931259375,9.197221574143779,-2.7678548904658884,1.1988664982559403,4.891376636885402,1883.7458866855477
0.0,18.134192700817877,79.84356061571515,41.272999443140364,6.113856129116715,9.376947986016237,0.0,0.0,24.29986783336063,7.144093098392894,2.7634322863001897,4.882973872125585,11.924312430564308,12.544665285949648,218.3009016814996,0.0,0.0,0.0,0.0,0.0,-9.049308132248894,-20.600051486698334,-16.923311370315577,-14.57866721925878,-23.492723197910653,-21.914941600257606,-21.914941600257606,-24.540846542854787,-24.94864908688076,-24.503425547141898,-25.10811124957344,-25.39430392439543,-26.82283441503817,152.93743674579846,65.36346493570113,58.34592794084668,44.6574593810497,31.799856723084226,-21.49763267486847,-55.679034696195615,23.86969314241598,13.696168816820471,35.37043083347303,5.081459774918228,6.3147963397161355,14.597226732822431,0.0,23.86969314241598,4.826065609774856,8.439928516100975,-2.3180274886180374,1.4318224675905507,4.104736769848673,1729.1507454749758
0.0,21.42151768047457,91.85428236074743,47.538587145805536,7.50779751756314,10.690214012565763,0.0,0.0,29.67333377075949,9.080433313134543,3.356917938030218,5.795316518410269,13.796906636156702,14.749464822154671,255.46477171580239,0.0,0.0,0.0,0.0,0.0,-10.581811005290039,-23.965051096768565,-19.81724557762691,-17.090961270278264,-27.628496458961372,-25.8405878409239,-25.8405878409239,-29.009236857686048,-29.513448020301972,-28.91545011696824,-29.53617848708573,-29.868399276174593,-31.629208199591996,178.83743460013585,76.62733711566653,67.60236445662737,52.378825841293505,37.434726621740424,-24.251917904120063,-64.74196882803716,28.803281672231197,16.52700794717383,41.81229739180664,6.470355243875663,7.457417724578228,17.194310410786986,0.0,28.803281672231197,5.966996007289098,9.68995984135643,-3.113437305845445,1.662101206167959,5.059504980798241,2023.5239389870565
0.0,21.797936361645633,85.79779527670918,46.582538185276135,7.625797874709089,10.404179241050732,0.0,0.0,27.592945343154984,8.23618031195959,3.4098494459457265,5.558660041359897,12.905578496077226,14.969974125857057,244.88143470374524,0.0,0.0,0.0,0.0,0.0,-10.144333970890328,-22.75502606512947,-18.975642812125162,-16.379513741745367,-26.465286342773883,-24.697002217065524,-24.69700221706552,-27.70678965077578,-28.178955889033123,-27.670274977723196,-28.290075209515855,-28.60482939796568,-30.377312510932992,171.44387309262004,73.4375616111252,63.700015629838425,50.08682419030645,35.85909691082953,-22.097779646870755,-61.65112966943232,27.359216741298585,15.698419286293316,40.01973097781332,6.058263624682298,7.133375813072089,16.423912299008197,0.0,27.359216741298585,5.587766133223018,9.876924551213897,-2.648414178736572,1.5747157717121913,5.09304957464316,1939.6938450980656
0.0,21.687451587349873,91.23506916687921,47.81383197882768,7.528589903750423,10.981691019061,0.0,0.0,28.99490846925162,8.61625835545423,3.411365031901984,5.973807857750956,13.778823301238592,15.067792272897774,255.08958894436336,0.0,0.0,0.0,0.0,0.0,-10.566340428395518,-23.881017430966907,-19.779883004554428,-17.065596500720748,-27.626695058511398,-25.748554622053234,-25.748554622053238,-28.88844351188225,-29.38347424793224,-28.853763156169645,-29.55581608594785,-29.869111627640187,-31.609977878867646,178.57597479120363,76.51361415315974,67.25603375547489,52.254665245910324,37.377824202468545,-23.979035411404325,-64.45705304758206,28.54184973937838,16.377001163881875,41.905795404295894,6.1692714814391305,7.541226017108201,17.213606886687558,0.0,28.54184973937838,5.858351905917084,10.06559052809156,-2.7579064495371455,1.5674181593572447,5.002201744806214,2020.5521346384437
0.0,20.18248854466616,91.42871794491028,46.70537451490517,7.074723703035549,10.695404058752372,0.0,0.0,28.983646255308276,8.554370915585281,3.2556214164247166,5.813822256657452,13.858463415283225,15.03587580098005,251.58850882650847,0.0,0.0,0.0,0.0,0.0,-10.416512863168915,-23.701862910232464,-19.542272625819752,-16.84948726857328,-27.313392569790974,-25.478816598675067,-25.478816598675067,-28.601804368634003,-29.082291144792112,-28.53140809459407,-29.225490225126503,-29.557462286883013,-31.307547140972545,176.04382057071007,75.54468825579842,67.10789537335725,51.756804461495214,36.99663219119143,-24.320822571553023,-63.94645825804967,28.38821716170291,16.28884847138381,41.52013848590466,6.123758294635967,7.474679079533754,17.226297052982567,0.0,28.38821716170291,5.686234037374031,10.007185340404408,-2.86813687821125,1.660856822876302,5.028690460575641,1992.820250577841
0.0,19.928529183360315,82.94815059234293,44.185170154728226,6.954134742058419,10.684975885205201,0.0,0.0,26.095253435832657,8.118428296061007,3.3016049622534895,5.594809033064471,12.246779127736719,13.544511591926387,233.6023470045698,0.0,0.0,0.0,0.0,0.0,-9.673279903983069,-21.816140721320874,-18.119963974768815,-15.639453857775477,-25.360343832482034,-23.569833206538405,-23.569833206538405,-26.436800087692635,-26.926290313337834,-26.479603762580542,-27.11448992301061,-27.366821128972305,-28.90440320514477,163.48284441411303,70.11950259045676,61.33687335120361,47.905422361534406,34.31201951801478,-21.61127724113932,-58.905488411145505,26.060966104483498,14.953497272328773,38.571898955267656,5.62724952286833,6.857222510959607,15.402451036234519,0.0,26.060966104483498,5.792783735446167,9.126426205533452,-2.3256445606148395,1.2624134778951364,4.418085386392935,1850.352744108194
0.0,21.97942008012674,96.42154835765254,49.22961748830977,7.699295410789162,10.818254009689555,0.0,0.0,28.31533632167224,9.166158044524941,3.2837611866529954,6.249761381930811,13.237055011805806,14.871615420813226,261.2718227139678,0.0,0.0,0.0,0.0,0.0,-10.838508281395038,-24.72121562034848,-20.22376973063301,-17.41855124749723,-27.908325295478043,-26.112755999277155,-26.11275599927716,-29.21072548767397,-29.73222960930734,-29.157073759637704,-29.848526813655262,-30.115322630105037,-31.869148842267954,183.17573570044004,78.09608701352775,70.12530857682185,53.22856992535146,37.84243711814005,-26.29623978083069,-66.6164446244545,28.16079891279718,16.15835836786825,41.62278409642414,6.278272821315538,7.5845413321497155,16.941715933269332,0.0,28.16079891279718,6.171646409862399,9.832174549130796,-2.994511634662542,1.3347799502189046,5.03944087168243,2069.521305398026
0.0,18.601462956238514,78.31462714467327,39.630590854769444,5.885164153945042,9.17884018917493,0.0,0.0,24.158160428503717,7.521491504980974,2.701530266647178,4.734683982291282,11.330966329424804,11.546113316752745,213.60363112740194,0.0,0.0,0.0,0.0,0.0,-8.865292664846386,-20.15471621740583,-16.513710509293837,-14.224630209668435,-22.882394491109622,-21.40600779093013,-21.40600779093013,-23.979657484660088,-24.402761535201435,-23.919831679442996,-24.430629676983454,-24.69399189343948,-26.048874560137513,149.82749137817115,63.776139749230786,57.025930962062056,43.37805038820015,30.822047071670397,-21.28869618261121,-54.35954166766567,23.394688607671643,13.423616410813496,34.353480999290475,5.21587324451167,6.052285625557369,13.90648194004651,0.0,23.394688607671643,5.007148527116481,7.6529960628649505,-2.5143429778644926,1.3176016432660873,3.8931172538877945,1691.9438955822254
0.0,17.151841014158794,83.35256029995782,41.24888612294108,6.26636502133867,9.17112146286106,0.0,0.0,25.23234219093068,7.269445163435182,2.8231262710603313,4.874120438476529,11.545562400128498,12.89794419671944,221.8333145820081,0.0,0.0,0.0,0.0,0.0,-9.194456077666848,-21.147785252880336,-17.218702369838724,-14.819404638117684,-23.778497823624228,-22.30316887059845,-22.30316887059845,-24.977911409564488,-25.369646706882722,-24.863825659027082,-25.393644521718137,-25.681418236551803,-27.248093142533765,155.39050325615764,66.44281132585044,60.3794977785194,45.50956381676427,32.34960064671518,-22.973062521438415,-56.976911225861755,24.31363093324278,13.950895465003718,35.54913572536522,5.456650756173239,6.313852852092994,14.607510654237926,0.0,24.31363093324278,4.6359206783222735,8.39626352899355,-2.6335244851129085,1.4397324136164649,4.501680667725889,1757.1308149716715
0.0,16.51673699930882,72.2761392307025,40.908743848543985,5.993283510026857,9.362839052738314,0.0,0.0,22.998618428049063,6.940656896382435,2.8719136410509805,5.102703898659907,11.11638442233898,12.09992749949465,206.1879474272965,0.0,0.0,0.0,0.0,0.0,-8.522682325567644,-19.207318254164637,-16.076587750404304,-13.86209817690168,-22.50051412172609,-20.888897317321884,-20.888897317321884,-23.420468546552005,-23.84074845112186,-23.462960164711003,-24.087474725238465,-24.307535658309632,-25.649478765682055,144.03722030704148,62.15072712025502,53.97098514217807,42.84202260002643,30.70747556552816,-18.305154088524425,-52.58821119692766,23.012191884647947,13.20414397523769,34.27670797882869,4.838843856133308,6.203669143162399,13.871355926794669,0.0,23.012191884647947,4.973726681300108,8.243990750536469,-1.9669302150823267,1.1009652445024916,3.8559367489581806,1633.2046283621917
0.0,19.78855428289238,84.303111116966,40.35984729752742,6.939279553072889,9.802847321302394,0.0,0.0,26.439169826369167,7.926425341972228,2.897564742762455,5.178246182187826,12.256304807500982,12.479161647321867,228.3705121198756,0.0,0.0,0.0,0.0,0.0,-9.476527982596673,-21.583750263803328,-17.6250458182274,-15.214197400124911,-24.544039540335348,-22.934731591979,-22.934731591978995,-25.727953340116017,-26.170723306730586,-25.65471878523479,-26.22621266975436,-26.50556958150091,-27.966814327145087,160.15764716235716,68.21286495751843,61.15685346874094,46.2143706648748,32.99786874584908,-23.146257648225053,-57.25120916890258,25.390616745177887,14.56885814284695,37.02024498139209,5.584108823023798,6.575869314800107,15.057419522265791,0.0,25.390616745177887,5.239881261710885,8.280423799944778,-2.686544080261343,1.3976231326122805,4.198737847377089,1808.9116363464407
0.0,18.899466273241256,82.11187514067159,42.49560609375528,7.00752711701399,9.540212966156844,0.0,0.0,27.03462446478529,8.030848852830754,2.997141479016343,5.546913926192024,12.33727817725224,13.594564687923171,229.5960591788388,0.0,0.0,0.0,0.0,0.0,-9.502710846162827,-21.50446000939224,-17.829402445903263,-15.38884769383402,-24.936233759887326,-23.30367783843244,-23.303677838432442,-26.18348386335657,-26.625773272621107,-26.088619812007494,-26.702679737929042,-26.974194872307372,-28.59779337157086,160.6001495041884,68.99590967465038,60.62408023048637,47.2248842997983,33.85171870066248,-21.487794910185215,-57.95665523793023,26.177674983402717,15.02046355038532,37.88344602036864,5.793796139367351,6.905304632507395,15.644132282337047,0.0,26.177674983402717,5.2341941924797455,8.929319876522996,-2.7966546603510087,1.3583907063153706,4.665244811400175,1818.6191345486823
0.0,18.0000178116749,82.87471072741015,40.64547554072883,6.752369428492769,9.823731389594533,0.0,0.0,24.249374157401622,7.728952484200257,3.1595787310753054,5.477852539327396,10.915926929115486,12.22919419012307,221.85718392914436,0.0,0.0,0.0,0.0,0.0,-9.199392374493788,-21.080807265973732,-17.17132289537572,-14.806121196118553,-23.805372645861986,-22.20418042613387,-22.20418042613387,-24.851773468208773,-25.31452287601789,-24.881860590814213,-25.447676401489577,-25.635995614158144,-27.055486904748165,155.473928925026,66.38325500411834,60.01623928615415,45.21285458757901,32.24481723961792,-22.858471441255993,-56.16722154493389,24.066839760702702,13.80928938982533,35.708481270309626,5.4122068625049025,6.420013899486314,14.052529118723875,0.0,24.066839760702702,5.476324352770661,8.150430640355765,-2.2526281314295966,0.9421613601589183,4.078763549767306,1757.31988290074
0.0,21.447097194387464,93.96695247967477,44.793314918457455,7.344129060554321,11.197959411872866,0.0,0.0,28.756076990849763,8.699252008698124,3.309258214367938,5.930723176809353,13.292586432477831,14.945888921905354,253.68323881005526,0.0,0.0,0.0,0.0,0.0,-10.522837655609907,-24.014550920530503,-19.5991274421312,-16.915906901970054,-27.386371704127278,-25.523514963260862,-25.523514963260862,-28.64010769087885,-29.13871972008958,-28.601208380276017,-29.282478349889722,-29.578589501832884,-31.324647957515246,177.8407580802756,75.84248072977965,68.15029178623323,51.476235177638905,36.767133922016015,-25.81666069344155,-63.719319405394046,28.330085697827393,16.25549327330658,41.54616618584725,6.107776149566354,7.41216780330106,16.828262821106968,0.0,28.330085697827393,5.9007340734997085,9.928767906784508,-2.798517935198416,1.4814446264917063,5.017121015120846,2009.4125041357458
0.0,19.474943173233832,78.8791074761793,41.46680653091731,6.249357087642846,9.475407780057857,0.0,0.0,24.522420021274463,7.75350087232362,3.1547521677302184,5.134700795689807,11.837598663630777,13.330401144631113,221.2789957133112,0.0,0.0,0.0,0.0,0.0,-9.172242915230065,-20.681595932444427,-17.134048347051863,-14.779501379781436,-23.939977538901033,-22.297715240804205,-22.297715240804205,-25.014122064549877,-25.473475971104964,-25.028380642368845,-25.60512270986833,-25.879878487989316,-27.421047373482107,155.01509067483633,66.26390503847487,58.13685415575269,45.15543008065902,32.24786326519076,-20.742253320426613,-55.91420012515855,24.692362728348996,14.16820762612466,36.348211090864204,5.47211213407645,6.509304448486361,14.891386728243532,0.0,24.692362728348996,5.43614090597739,8.902009427221802,-2.3173599663462303,1.3746036527965542,4.42839171740931,1752.7400823743478
0.0,17.902269446158687,79.29052879952992,42.28225864245155,6.548232605465151,9.035150468867794,0.0,0.0,25.98242826621268,7.437914621585999,3.15697987482295,5.142183960112876,11.324880858212335,12.234028033863739,220.3368555772837,0.0,0.0,0.0,0.0,0.0,-9.122651511563513,-20.694853753442697,-17.13123740433556,-14.756300137838615,-23.731455615672356,-22.273660732415994,-22.273660732415994,-24.978892132196638,-25.385599722549692,-24.881453033715527,-25.362860299237965,-25.60975683585991,-27.116289378696486,154.1769733237031,66.15988225358059,58.45432258361963,45.420745762091926,32.39963553183287,-20.836206215910295,-56.398415257585974,24.590777200078588,14.109918961237508,35.612869922362286,5.7817869182663,6.377407777513039,14.41852475771515,0.0,24.590777200078588,4.813107578142648,7.905160316960761,-2.624807043443351,1.235223817400163,4.328867716902978,1745.2774365217408
0.0,20.532633154073995,90.25986366715007,42.79869411081559,6.86584212592599,10.424358677061543,0.0,0.0,26.481907700258265,8.098212606448607,3.2483536094846563,5.239052362251673,12.426725030098057,13.321918913369203,239.6975619569376,0.0,0.0,0.0,0.0,0.0,-9.955641842061176,-22.814579947552012,-18.486513527811823,-15.934573550406128,-25.602177586773735,-23.918524377765124,-23.918524377765124,-26.7760966501607,-27.24497890796433,-26.75533290798509,-27.318385431288558,-27.612181808452384,-29.16875825489048,168.25489001286422,71.44267194407338,64.95397335702793,48.382892954574906,34.38539054718744,-25.305890310122138,-60.601756765749094,25.97556833374762,14.9044969656386,38.36046359958578,5.797663756718691,6.7089161663532515,15.42952499945229,0.0,25.97556833374762,5.548902459214572,8.849255139913389,-2.549310147234035,1.4698638041015784,4.472663773455814,1898.6326430803667
0.0,17.08840082480667,78.84587775317837,39.4962860044144,6.402372221649612,8.788306289764392,0.0,0.0,24.610400205878808,7.5468025048913825,2.960410735511561,5.2379708442744795,10.86975337960495,12.824277811593086,214.67085857556776,0.0,0.0,0.0,0.0,0.0,-8.89097713387456,-20.295491938839874,-16.663055933012796,-14.365847584519845,-23.171638620463405,-21.698697296014917,-21.698697296014917,-24.347754805310363,-24.76775481340492,-24.272907930310815,-24.801153759683128,-25.02742799732463,-26.59630657099051,150.26157062488696,64.40928795068079,57.60728799800629,44.07939427823408,31.4864875238399,-21.23858975517208,-54.552561113582314,24.080151888877783,13.816927743352093,34.94084213928878,5.536798943425894,6.370021262732983,14.245715643365514,0.0,24.080151888877783,4.97041429697705,8.316265129374017,-2.5763882079143325,1.1320504184585038,4.50801268221907,1700.3973519050019
0.0,19.92375136219403,86.3149408708844,45.11666229937579,7.515861113350855,10.989523883798874,0.0,0.0,28.156549230417532,8.326661839392926,3.3014053502910867,5.818432129885992,12.41054242810339,13.894258812186745,241.76858931988158,0.0,0.0,0.0,0.0,0.0,-10.005500526854302,-22.629905290878657,-18.773921259793248,-16.20855428917387,-26.266402561536147,-24.486086748974945,-24.486086748974948,-27.49103761672972,-27.96865525482174,-27.45498668513231,-28.078959028922597,-28.332232050488415,-29.9730221257401,169.0975245370002,72.6710647828814,63.7692820327542,49.73015388463558,35.674337257416425,-22.5456588381302,-60.92061198336214,27.315251956683714,15.67319277380789,39.90892894358494,5.975787448950053,7.085557512944957,15.858060097891057,0.0,27.315251956683714,5.652279740733961,9.179615759340118,-2.674382098658965,1.267125383058965,4.714643052846627,1915.0371493419052
0.0,18.194938751469248,81.45896768424848,41.022985877400814,6.301666530039998,9.038791261532047,0.0,0.0,22.91394056093464,7.253105559350248,2.9711162505483055,4.900089885968478,11.098314304092085,12.272937265850393,217.42685393143475,0.0,0.0,0.0,0.0,0.0,-9.025909005031757,-20.678433123978014,-16.813340250104886,-14.471922099104773,-23.1165374792707,-21.616435114695946,-21.616435114695946,-24.143158842955614,-24.569698453557677,-24.146126575380826,-24.686447677190433,-24.933684574315357,-26.35628444629317,152.5419808185188,64.88487311291595,58.86005010327948,44.16646577287392,31.320526190896132,-22.598917580969,-55.60242581334867,22.968127699842476,13.178860428010228,34.30130696042349,5.176415767270588,6.137016527578032,13.949083404042822,0.0,22.968127699842476,5.047806042627966,8.185241524290102,-2.205299516722282,1.2369266416095543,4.087695741560291,1722.227456075052
0.0,21.34414021323171,92.39404622550275,45.40985938068422,7.218453884190216,11.542127426902024,0.0,0.0,28.82887336802993,9.373007806484738,3.4065747212233832,6.041092718423382,13.96778056697561,15.370404085589337,254.89636039723732,0.0,0.0,0.0,0.0,0.0,-10.558796526092872,-23.961868671038225,-19.738880621455632,-17.05093537764314,-27.820959931809647,-25.823980025670686,-25.823980025670686,-29.02511710226641,-29.582794603711935,-29.050131854706702,-29.77062464848319,-30.08652333321063,-31.827998544436664,178.44847939991334,76.44788099732398,67.7025415211667,52.06490525954378,37.336892405971184,-24.691504704336054,-63.83151849471604,29.098600823522638,16.696458845716815,42.734801024388965,6.17984878279068,7.621534407073771,17.39129040762249,0.0,29.098600823522638,6.599733744917442,10.366452556292076,-2.773274061567296,1.5804416886503887,5.003951529297261,2019.0215807848572
0.0,21.368278281004184,89.51521192661997,45.54125120304404,6.975256828367036,10.220101978632492,0.0,0.0,27.969953711565058,8.79659799052114,3.433500853154549,5.6140726008202275,13.03386482889579,13.677966995097792,246.1460571977223,0.0,0.0,0.0,0.0,0.0,-10.210342989231727,-23.16282250848242,-19.042926059565794,-16.412755615155135,-26.448815363943563,-24.746473270456935,-24.74647327045694,-27.746890393018784,-28.248778168249757,-27.700015414560816,-28.26447677565582,-28.561023262811624,-30.184131278406443,172.559455623318,73.5866015744043,65.42647633101319,50.09405098873677,35.670650022563876,-24.088735595606778,-62.45952135860031,27.27403983784976,15.649545710836406,39.82247341000089,6.290598545084285,7.097695210164808,16.214077676119302,0.0,27.27403983784976,5.939500298591404,9.014131538529703,-2.857097691929737,1.4836226093445806,4.663835456568089,1949.7108579063556
0.0,18.563018746958,83.40511317071,38.07934123365038,6.045409424006896,9.161172650292931,0.0,0.0,25.970873533588676,7.332279806626066,2.8592833812189418,5.280666071546649,11.268681127450495,12.924471460835054,220.89031060688407,0.0,0.0,0.0,0.0,0.0,-9.17131297394873,-21.049332448657285,-17.046199983881994,-14.696314446636816,-23.72286917196401,-22.22581722827956,-22.22581722827956,-24.950614918869537,-25.342959071982275,-24.826453314237952,-25.384060650501418,-25.62655162755517,-27.212778774355204,154.9993742428381,65.89093636404598,59.999088117939785,44.6624716988048,31.77479567913553,-23.40602505277021,-55.80350361541624,24.76863640205416,14.211972625746238,35.81681900375841,5.548437115504964,6.493848866492343,14.613360371468172,0.0,24.76863640205416,4.643126072340044,8.366609421871683,-2.6891537342860223,1.213182794945694,4.557862038963371,1749.661326691909
0.0,17.35699547858768,71.0706768003352,36.20227375221823,6.397286082569628,8.568324358008576,0.0,0.0,23.182243303492843,7.56978982194103,2.6365036708579432,4.986648691457905,11.44049220242202,12.02610650238648,201.43734066427754,0.0,0.0,0.0,0.0,0.0,-8.337486425751951,-18.7580414579733,-15.605336749029862,-13.500614673020985,-22.030189313444712,-20.464012384206857,-20.464012384206857,-23.01997502109392,-23.463237136747395,-23.016850263085797,-23.620722885660314,-23.866772712540794,-25.220145608860797,140.90732509298547,60.530015571292076,52.63704112856163,41.21965927448906,29.6936292113471,-18.43363567177358,-49.98152638349268,23.23391179790072,13.331364436089135,33.84483231657695,4.960587982106968,6.217636418496554,14.098283557964848,0.0,23.23391179790072,5.245705510692006,8.137327419805,-2.324084311249024,1.2309877270386487,3.888779082581479,1595.5753049720497
0.0,19.92750219754465,89.95832637776769,44.88936549682681,7.494925304636702,11.325686341095745,0.0,0.0,27.520610444524756,8.72662780033315,3.358199370259302,6.162786193790135,13.148257674968281,14.125839551204766,246.638126752952,0.0,0.0,0.0,0.0,0.0,-10.211695662509293,-23.247348248720826,-19.123520709393784,-16.517407936895722,-26.83445274105562,-24.894438678447592,-24.89443867844759,-27.93029696926439,-28.46060147775054,-27.989869637619062,-28.725914138383345,-28.972010917756812,-30.535191680675755,172.58231641895037,74.05581033400162,65.84660598177258,50.54347236209444,36.26473587753868,-24.111720395995107,-61.888215922537654,27.59620298897192,15.834399402838303,40.93740498436591,5.809034170756378,7.394008824235659,16.40867564827813,0.0,27.59620298897192,6.275792999836073,9.634198947449393,-2.450834800497077,1.231222630445524,4.491640603755373,1953.6085167419217
0.0,19.670966490653466,86.08967783822975,43.807176848389844,7.420891366607643,10.61192997309509,0.0,0.0,28.832870424081776,8.672876091813347,3.1434840673583326,5.869145368804252,12.76729142180114,13.4032056498286,240.28951554066322,0.0,0.0,0.0,0.0,0.0,-9.943738033636691,-22.51652376142836,-18.65447181223952,-16.11147401902495,-26.16624832254167,-24.4218644254916,-24.4218644254916,-27.45586816202498,-27.94041044934601,-27.3759843588145,-27.99796272345062,-28.256068448106156,-29.845208840062703,168.05371021863598,72.23580532202722,63.50854032323916,49.40298195668573,35.47122144805764,-22.581137514990587,-60.38940378092073,27.579344937127384,15.82472643709853,39.89673162255662,6.082131906851809,7.160448774125136,16.04222096848459,0.0,27.579344937127384,5.734228252319871,8.836972697824269,-2.938647839493476,1.2913034053208845,4.566232952004331,1903.3214784113318
0.0,20.490682052370087,85.94609121423026,47.33974566913319,7.454072177747603,10.782281074220412,0.0,0.0,28.34651401953714,8.553101584939993,3.157100604687351,5.777015360759907,13.181964236974999,14.03170877838161,245.0602767729826,0.0,0.0,0.0,0.0,0.0,-10.13830004126683,-22.810071419868247,-19.05809265322882,-16.442147440485186,-26.622900680353663,-24.829339479494145,-24.829339479494145,-27.865370769458988,-28.350451516702176,-27.81025444466735,-28.47171608988109,-28.76159882458684,-30.39233216887595,171.34189692862648,73.71837984435611,64.00854361065528,50.58866045804214,36.254010807558984,-21.937547603574984,-62.12171011027385,27.59777556553808,15.8353017300697,40.39660836389364,5.969601630536367,7.227299204594921,16.41742645454194,0.0,27.59777556553808,5.740600559090977,9.345962716979656,-2.8125010258490164,1.450283843835014,4.685746061401954,1941.1104443652332
0.0,21.328536997280356,87.07758015928411,44.459552105082466,6.997507755571182,10.497486449232595,0.0,0.0,27.27989480419168,8.92833369437154,3.4727428919131973,6.047002662234918,12.529804821417132,14.14573225595379,242.764174596533,0.0,0.0,0.0,0.0,0.0,-10.06414738018234,-22.73065402894511,-18.780608409077185,-16.20954161903169,-26.281457472154386,-24.48583834262123,-24.48583834262123,-27.487140680939802,-28.015988726133894,-27.50320466801725,-28.135634250482596,-28.37574108874969,-30.028117244860134,170.08868311952577,72.67549147700721,63.9819500366862,49.43546409309691,35.34273199246231,-23.09563012259791,-61.05596746724046,27.282086522303192,15.654162810353872,39.96474824665779,6.142519838425645,7.248257606536928,16.07648435246262,0.0,27.282086522303192,6.258556747859092,9.397797780606293,-2.6697769465124477,1.2012549443020104,4.747934475347497,1922.9231315345826
0.0,18.27162086211863,72.30091834661505,36.86954481680306,6.1651357170131895,9.58418665044931,0.0,0.0,22.873010860103193,7.474382467373228,2.964567362423942,4.897390679695203,11.371996558431237,12.8327232764798,205.60547759750582,0.0,0.0,0.0,0.0,0.0,-8.51465231359682,-19.113535496055878,-15.904483612655582,-13.762453057729406,-22.545833418265232,-20.84036910961851,-20.84036910961851,-23.436948889270827,-23.902713893497964,-23.5258013756157,-24.12999285405289,-24.3889030696498,-25.80583382444123,143.90150944054113,61.7039681569647,53.53782483436401,41.91147515346394,30.180588590594574,-18.76309351225104,-50.86750308539957,23.603124985476903,13.543214924332487,34.85191794514652,4.926937945452336,6.19271895464469,14.148074394600187,0.0,23.603124985476903,5.512011884344835,8.761317165361367,-1.9623705830283935,1.2953282749494868,4.071406111118433,1628.5909133814414
0.0,18.96636656157473,80.1083338909308,43.066776487865,6.683838865456974,9.913695539595512,0.0,0.0,26.939463500211986,7.874964291901217,2.931210197973363,5.436826650906982,12.16376029016118,12.71520276989255,226.80043904647027,0.0,0.0,0.0,0.0,0.0,-9.386066376553082,-21.157686452285073,-17.626481709245,-15.205001315386125,-24.642983867099147,-23.011416765841016,-23.011416765841016,-25.84422427146519,-26.281528626896044,-25.762984798044116,-26.36315468987503,-26.620516459539278,-28.118423092964814,158.6288047414751,68.17163430499518,59.4616359838965,46.73556790319825,33.46523429280563,-20.646697907034294,-57.50369018900197,25.750454555260212,14.775329142040688,37.449339543341885,5.6309750173201,6.724408048066477,15.180260938359792,0.0,25.750454555260212,5.17519947255448,8.411120724534438,-2.699764819346737,1.2875813971594958,4.304082045358111,1796.4751644655778
0.0,18.74420258118078,75.44141335255242,41.658940848639006,5.983061731795254,8.88580424194708,0.0,0.0,24.738790480556904,7.095458162045279,2.8602215380965137,5.091692047913237,10.550522975453518,12.835090186311822,213.8851981464918,0.0,0.0,0.0,0.0,0.0,-8.863444852099251,-19.93697225823553,-16.60085557052134,-14.294396206690596,-23.006105276782,-21.58241201958776,-21.58241201958776,-24.203017532985797,-24.584419521988465,-24.088528364257005,-24.601469118084033,-24.830297063564068,-26.43030671918169,149.79626249956482,64.08893564692698,55.9353811493472,43.88277403823779,31.23390473079909,-19.506032203205216,-54.77224801307871,23.821520892628264,13.66852810684393,34.56753063285217,5.44204669419305,6.236518671287406,14.003161025424632,0.0,23.821520892628264,4.513633005948743,8.237625512966542,-2.581825156096536,1.1448266233741693,4.59746467334528,1694.1741741436524
0.0,21.11716756696138,96.02120125923757,46.098166232305644,7.7598410497986405,11.081422072621391,0.0,0.0,29.818997099664703,8.688326885704623,3.285954090136783,5.635676766753437,13.211049422775918,14.532873646072057,257.2506760920321,0.0,0.0,0.0,0.0,0.0,-10.66932108578781,-24.432447068570138,-19.900163964291984,-17.159422078748975,-27.59665773406109,-25.858356139289498,-25.8583561392895,-28.99273219691897,-29.46446512183689,-28.867955489195303,-29.45000359351155,-29.77167700402389,-31.544673205826545,180.3163948924761,76.93428119955601,69.52127081266003,52.352784020554516,37.32517249230022,-26.499930446577537,-65.08529768565683,28.491737638664453,16.348247388663715,41.414314956400744,6.391642811132215,7.245009418906449,16.696240653740688,0.0,28.491737638664453,5.582638164709191,9.438349762954275,-3.105688720995431,1.6093326521530118,5.094523883117782,2037.6700000418577
0.0,20.911973845480233,83.14094673676853,45.305283316298386,6.789846230292051,10.757346103629752,0.0,0.0,27.89767520422136,8.154851730154977,3.2262174534057757,5.836622222333008,12.427912958618245,13.56554783328103,238.01422363448336,0.0,0.0,0.0,0.0,0.0,-9.856260229896805,-22.105115394912296,-18.467535230842405,-15.933738549352643,-25.87096811600831,-24.106274016575068,-24.106274016575068,-27.07259791585993,-27.539708419471346,-27.035156514271666,-27.678072510945587,-27.92344965914442,-29.50878716855444,166.5752954182323,71.43892821625109,61.87227946161275,48.838900867431946,34.952141243707366,-21.268667275155778,-60.17090195891143,26.964129618078932,15.471722616810256,39.430321270754966,5.853134229579479,7.064244536715837,15.755596400829898,0.0,26.964129618078932,5.527934953981274,9.010242076686549,-2.6269167761737036,1.2276223143828284,4.555305756594482,1885.2990027117844
0.0,19.50839830564926,80.04177859445753,39.843965532780174,6.74409565322742,10.066307173902985,0.0,0.0,24.49611571642556,7.658763715158718,3.014251460013749,5.435479655867849,11.897473906692413,13.086259679603756,221.7928893937794,0.0,0.0,0.0,0.0,0.0,-9.195287337382807,-20.797884897358895,-17.13204138181868,-14.807254789109846,-24.05934149739133,-22.30665264201667,-22.30665264201667,-25.028816876591936,-25.49522340962145,-25.08435499183291,-25.755925587695565,-25.99512683793048,-27.442557399037213,155.4045519246714,66.388337469108,58.607857554054,45.01335097797116,32.27494508699701,-21.433921040403526,-55.207470736376955,24.744698069041632,14.198237072122792,36.71171616650061,5.153411233994809,6.632203941613843,14.859793816988967,0.0,24.744698069041632,5.519603941177658,8.927215483561206,-2.13915977398106,1.1967242857459945,4.159044196042551,1756.8106090365463
0.0,18.376784430435272,76.2869644362794,41.13773943244682,6.278556717539517,8.683787215192936,0.0,0.0,24.52465949691153,6.927082063861008,2.7306993482118025,5.1745409152814785,10.60329994775401,12.611595160464333,213.3357091643781,0.0,0.0,0.0,0.0,0.0,-8.842083782062156,-19.97613310964252,-16.547687844347767,-14.25235826289422,-22.878737353640524,-21.46767832529844,-21.46767832529844,-24.055896347531526,-24.424531241830802,-23.93196024838197,-24.481913084305297,-24.700285105160724,-26.256658426074576,149.4352506686185,63.900458495759594,56.24109373935631,43.702382385921105,31.114990112905826,-20.045870696923096,-54.50794541566249,23.52711591885363,13.499601753359988,34.228946475463474,5.295238284270711,6.267056528926833,13.982864447072988,0.0,23.52711591885363,4.3625431278021,8.1395150475,-2.5645389360589084,1.0925156136453547,4.472080112964333,1689.8216988412898
0.0,19.01971702107337,83.0478053435857,41.27348071563508,6.404729243297322,9.33476210217871,0.0,0.0,25.88662593018969,8.154242515691827,3.1476091939930315,5.421697946179642,12.029056182024242,13.092554824891906,226.81228101874046,0.0,0.0,0.0,0.0,0.0,-9.403106614405921,-21.401203714383126,-17.56291892227659,-15.143409750998941,-24.47996843756527,-22.880600951251154,-22.880600951251154,-25.678029222136246,-26.142953009967393,-25.633547672803655,-26.199255304454443,-26.458950310816817,-28.011670965431545,158.91679253685857,67.89548848188191,60.60563267150166,46.27842733592711,33.01301550835645,-22.442172672084034,-57.45687891896579,25.428854384920434,14.59079848225333,37.04689582797527,5.7997950489612125,6.720952530742256,15.191386146093095,0.0,25.428854384920434,5.502056660723645,8.630970276260438,-2.652185854968182,1.2992545845626138,4.461584548631468,1796.5689641476731
0.0,19.654908834227733,83.09475216513687,41.6376587746622,6.278630646082902,9.62911285040311,0.0,0.0,25.656193849511784,7.677690473721514,3.194508440397454,5.039263214801684,11.573435347693342,12.2066630656451,225.6428176622837,0.0,0.0,0.0,0.0,0.0,-9.366990151930857,-21.32088152472524,-17.43637726002777,-15.018712846618703,-24.128804767023894,-22.595793078613838,-22.595793078613838,-25.309963574992246,-25.746436823085766,-25.263894254760476,-25.752161718015262,-26.01334186749821,-27.47490164460863,158.30640784064317,67.33640982164053,60.38233759051562,45.7655802410215,32.503581174878335,-22.71241457462125,-57.41307084799489,24.672034327592144,14.156543412140815,36.14828950244104,5.706835031355388,6.345947973071311,14.466393647611227,0.0,24.672034327592144,5.16536388276358,8.00702000745759,-2.512326590957934,1.3066847582696273,4.19964305818751,1787.3057022048836
0.0,21.433716932259355,87.03373204425475,46.92790828001169,7.0310872462249,11.054380420518449,0.0,0.0,26.48279579121592,8.929820442375139,3.3900591720612585,5.65101770575798,13.214619479072217,13.768692997085678,244.91783051083732,0.0,0.0,0.0,0.0,0.0,-10.14955991381982,-22.8721455404779,-18.978046945642095,-16.36793238682834,-26.48243710767668,-24.606394169715823,-24.606394169715823,-27.567251467536934,-28.114760765727425,-27.644108507247395,-28.297176754541386,-28.585618422865704,-30.10759376853006,171.5321939127906,73.38563659804672,64.2652201174828,50.07082028029874,35.762436582749714,-22.76851192677195,-61.98324765646534,26.91443775857751,15.443209971402853,40.13373827810627,5.840479635850684,7.094091891891267,16.14478632984587,0.0,26.91443775857751,6.479399978585713,9.395451960178733,-2.450420463789426,1.4430741861332876,4.373241036906945,1939.9821345026473
0.0,19.286298872875527,89.29030466801291,44.529588144518506,6.742453553808459,10.099049823485576,0.0,0.0,26.775321600237756,8.436125184307366,3.175323462646665,5.53577077307262,12.849715990946741,13.146654090246283,239.86660616415838,0.0,0.0,0.0,0.0,0.0,-9.944565527705077,-22.77777230532125,-18.593299783932174,-16.014029091188846,-25.770155950170196,-24.08193990246659,-24.08193990246659,-26.9693026580135,-27.45459909278267,-26.93735993959269,-27.546715764754232,-27.828360751696454,-29.345339771650455,168.06769524598744,71.79891091817093,64.8239974623234,49.05135127170541,34.90604763908311,-24.466307205689503,-61.25078823897719,26.2463662898547,15.059877870619815,38.7117167644685,5.868295572762668,6.944841150009918,15.799530218210336,0.0,26.2463662898547,5.743153074191363,8.787769486045391,-2.6929721101160036,1.4090703769372972,4.358884604200892,1899.9716339625963
0.0,21.97491591021012,93.65580818613074,47.167352924142975,7.726713267302152,10.594926344443131,0.0,0.0,29.703561103365892,8.378186176691223,3.45003131208265,6.264616430819817,13.67566413163676,14.595848049552401,257.18762383637784,0.0,0.0,0.0,0.0,0.0,-10.663434567665178,-24.213262648496688,-19.901260659226562,-17.16754800288854,-27.68469230448611,-25.87160586632434,-25.87160586632434,-29.01237516736119,-29.48051298958683,-28.935400350687488,-29.644507174380788,-29.923658875035365,-31.63176044399585,180.21691005011286,76.97071378626498,68.44384543532604,52.39238935776646,37.40575934681025,-25.2119627508047,-64.9183722711475,28.549852750085012,16.381593203881167,41.7313875946257,6.288124918056204,7.661212891969338,17.187123440157027,0.0,28.549852750085012,5.540092570717669,9.687792279882615,-2.8380936059735538,1.396596461149521,4.908055769669787,2037.1705662143809
0.0,20.12849330141985,85.18890673708044,40.91375441049296,6.489098222711913,10.47654347013175,0.0,0.0,27.50405581428819,8.114581982134998,3.136656670727629,5.413662928993382,11.827858191455274,13.22974845866209,232.42336018809846,0.0,0.0,0.0,0.0,0.0,-9.641907129621416,-21.918876999141347,-17.95532305730917,-15.494751613954284,-25.124406782896934,-23.468808280701648,-23.468808280701648,-26.369241091649464,-26.82270946471525,-26.29488336511955,-26.839367162526862,-27.097287658992727,-28.70064057285596,162.95263021161765,69.47072997648083,62.01429443612634,47.14959124142327,33.66025123264818,-23.174612300954102,-58.43199817988329,26.365174174600615,15.128048535258896,38.2098848065338,5.8847490307823165,6.704039637347742,15.14455266827199,0.0,26.365174174600615,5.36648962208031,8.622677273491014,-2.748092360054688,1.2903767083543602,4.607071185171076,1841.0140473052786
0.0,18.100212872675066,81.31072498485226,39.11267745990268,6.343171333652471,9.374955570364824,0.0,0.0,23.53103478274166,7.426397042480155,2.7451946531397327,4.9554568899080635,11.106255006672122,12.503204999618893,216.50928559600794,0.0,0.0,0.0,0.0,0.0,-8.986284029334984,-20.598567191183932,-16.724063347805195,-14.416633122830742,-23.169023433077495,-21.629016159670503,-21.629016159670503,-24.209323441773137,-24.63748692680645,-24.184322048873256,-24.753053667315022,-25.000256655740657,-26.457665453929078,151.87230064787872,64.63698494812922,58.6567821480474,43.8848645557521,31.230441071404158,-22.65394283680486,-54.795303371513945,23.455206636693333,13.45834099386519,34.728951314366924,5.104568204101353,6.192213886234033,14.057213653666711,0.0,23.455206636693333,5.067023491518535,8.315489356298334,-2.35937355096162,1.236756996325969,4.1877156433205585,1714.9594422509847
0.0,20.67389519095773,91.09218648166443,45.0885719302389,7.266051140424963,10.077112405449334,0.0,0.0,27.726999641884884,8.074924487953536,3.1732797851997576,5.6140153681647496,13.362330058218506,13.79417650650807,245.94354299666492,0.0,0.0,0.0,0.0,0.0,-10.202710387270608,-23.292521346934954,-19.021558149718786,-16.396357771216014,-26.357643692834003,-24.641855048552493,-24.641855048552493,-27.598477379466303,-28.051195791100216,-27.52928203076437,-28.18730754862154,-28.49480644147691,-30.089339299951465,172.4304611673248,73.5130818293401,66.1201745702093,50.016151102814064,35.6202403033437,-24.972011911455127,-62.34149557118905,26.87594155907472,15.421121273234409,39.52577542106972,5.890589934290415,7.152432882950393,16.405640198379576,0.0,26.87594155907472,5.35761433886288,9.212448851561359,-2.7173101490906566,1.5384175147856434,4.581727654946711,1948.1067528429758
0.0,20.002339147639645,90.73673858547608,44.46477083494389,7.013707633510888,10.682719852761347,0.0,0.0,27.259884773690175,8.152462313761156,3.19535854797757,5.709862755409253,13.262610298698371,14.294491923498613,244.77494666736698,0.0,0.0,0.0,0.0,0.0,-10.147219048968452,-23.19643588651205,-18.951194918702992,-16.344887412414334,-26.43050900981644,-24.60354113912505,-24.60354113912505,-27.577023387157897,-28.05267210973131,-27.567986663005012,-28.271920256011732,-28.56944012777688,-30.186026786198937,171.492632228637,73.28231443872997,65.91512268294989,49.93180506882111,35.643365329226384,-24.82161590252619,-61.89284032981855,27.029199600335,15.509059060834455,40.01913180462703,5.718841896372919,7.19835520970755,16.419214845785216,0.0,27.029199600335,5.628978965365806,9.64939492211347,-2.5234833483953496,1.4884924542982976,4.645097001385144,1938.8503585798271
0.0,19.347813783813237,90.00158243926646,43.113541905878165,6.61933184307042,10.34837542060761,0.0,0.0,26.933400684877565,8.547099227841752,3.190635341417689,5.6881360283141005,12.980751166086387,13.043524837405092,239.81419267857854,0.0,0.0,0.0,0.0,0.0,-9.94555834690181,-22.826111380793883,-18.560892341937105,-15.998596377467537,-25.846097828541243,-24.096224421639857,-24.096224421639857,-27.00815002458601,-27.508290885609686,-27.00347859226506,-27.64520220012972,-27.914007861213285,-29.388956695800875,168.08447434344788,71.72971833513064,65.06315620494046,48.86192147819473,34.81158287649945,-24.938426234326002,-60.84768379172567,26.469644604546453,15.187992525169744,39.074285576833994,5.818907811582829,7.032971234855854,15.874031109787698,0.0,26.469644604546453,5.918826757676612,8.80540968716203,-2.6282724701651397,1.3448352065417533,4.238115150243063,1899.5564693115793
0.0,20.477227645049688,89.14864311217973,45.18512698013491,7.561654475473914,10.926683044901095,0.0,0.0,29.10388799518473,8.9972953842547,3.4520964248607724,5.516534673711362,13.065753235624914,13.548673914613323,246.98357688598918,0.0,0.0,0.0,0.0,0.0,-10.22818597925927,-23.19680607036276,-19.15354802885195,-16.532297252061742,-26.75643045175821,-25.00573141868188,-25.005731418681883,-28.084340326080454,-28.595528214993553,-28.029356836380444,-28.559625252657604,-28.865926695117007,-30.48767743139206,172.8610102967597,74.12256658922948,65.50800672376359,50.620247558942154,36.2555283690043,-23.64063638841614,-62.24770308217072,27.9848096300207,16.05737764254109,40.5687374005891,6.399830993575856,7.048961342009296,16.193262020102853,0.0,27.9848096300207,6.049560815539616,8.88873846183745,-2.9477345687150844,1.5324266682979335,4.659935452775873,1956.344810318653
0.0,18.547241487976123,85.64086220228836,43.85258568773824,6.537579911403962,9.936001684866612,0.0,0.0,25.395417769981226,8.015885084624632,3.2335692341880202,5.220745302929842,11.566491129194427,13.175120102001502,231.12149959719295,0.0,0.0,0.0,0.0,0.0,-9.580601148447458,-21.919780710791777,-17.932672947398636,-15.435476161323695,-24.769683367997217,-23.18205793223985,-23.18205793223985,-25.94355775139814,-26.406205004400118,-25.918199374942876,-26.43815870538234,-26.69831797011303,-28.27832469250737,161.91653115510323,69.20496844208974,62.32853241574131,47.36882826083926,33.67192899054657,-23.312329786547053,-59.301752222154875,25.10226178673112,14.4034032219776,37.037565299077535,5.774338898670948,6.522322572945246,14.804902142594727,0.0,25.10226178673112,5.475115420141705,8.635131818585798,-2.5407696644829265,1.3015772700154038,4.539988283415704,1830.702073355885
0.0,19.994463122906577,86.89135749741233,42.577303405096856,6.9457361019791195,9.58226846392674,0.0,0.0,27.01621542497098,8.4772478270073,3.2443035499805286,5.286274685852283,12.754690604167271,12.831745159648447,235.6016058429484,0.0,0.0,0.0,0.0,0.0,-9.77328653381451,-22.27638306100291,-18.217014030848297,-15.708395780495168,-25.29605556244404,-23.684825966814667,-23.684825966814667,-26.561231815493226,-27.040089195252644,-26.500315529739364,-27.031622180698427,-27.33110595385194,-28.850357953357122,165.1730020925217,70.42860375042669,63.1565213274152,47.88865413471975,34.13336350748022,-23.73483616999713,-59.57298148546966,26.146767100068722,15.002728945026663,38.043249670458174,6.054600137231424,6.784592542333714,15.621788526966293,0.0,26.146767100068722,5.666951239756405,8.466329380367995,-2.810296587250895,1.4983178564814308,4.365415779280452,1866.188775403308
0.0,18.438965578307908,78.81514905896019,41.95461589891785,6.574093285722154,9.902012434176466,0.0,0.0,25.010351728930495,8.022351989850772,3.044387286461415,5.541395869802593,12.159954475167202,13.70902273556344,223.1723003418605,0.0,0.0,0.0,0.0,0.0,-9.231597414287979,-20.816261441491296,-17.344715259732443,-14.978048579034594,-24.41024000540261,-22.654884827289894,-22.654884827289894,-25.448361080766343,-25.928896341415946,-25.48030837239358,-26.153170411691395,-26.407414340605243,-27.953690334819832,156.01820879310426,67.15409154875624,58.51727043088996,46.013599395669594,33.0483733882368,-20.29787862807023,-56.2020109403431,25.39293021976593,14.570185589258692,37.42636071092776,5.379931457973707,6.813378704072493,15.33103811470509,0.0,25.39293021976593,5.6868078183384805,9.265956261755651,-2.335544171512292,1.2719828342698998,4.443066473807789,1767.7368555651603
0.0,17.318269448005996,77.46824193081432,37.40932886461445,5.971435331722466,9.340602223018061,0.0,0.0,24.701118850111584,7.567560532034527,2.963615721265289,4.8689123191409065,10.624101846942596,12.118225130122633,210.35141219779283,0.0,0.0,0.0,0.0,0.0,-8.718643024743153,-19.888552867482844,-16.289054284645587,-14.052047858821279,-22.767128970306068,-21.285649318839805,-21.285649318839805,-23.914166054263035,-24.34088958349923,-23.857338389039132,-24.31572248704779,-24.55253512935924,-26.03722347398531,147.34904554238895,63.00236665540387,56.42223489791216,42.93563554844846,30.67290564802236,-21.046007032902153,-53.12292628412035,23.893434555251613,13.709791379800507,34.58091068758348,5.481193658788595,6.053686395143746,13.705428410633083,0.0,23.893434555251613,5.04998259451122,7.852124490429309,-2.517577937523307,1.1847740760028396,4.266100639693325,1666.1832287995192
0.0,18.047579735107448,79.3292933106587,40.172018030448406,6.148655163165116,8.828560222367605,0.0,0.0,25.38734567305273,7.25549428325202,2.7545849104234765,4.72215067447434,11.288167074368676,12.445500905447616,216.37934998276612,0.0,0.0,0.0,0.0,0.0,-8.971900166560019,-20.434378945302967,-16.769340541933275,-14.441871934715111,-23.20930532700485,-21.80446139529696,-21.80446139529696,-24.45324508446365,-24.83367507480365,-24.304836409057362,-24.78450517559597,-25.07144168993325,-26.617281883611714,151.629206803448,64.75014317931812,57.900079702696985,44.22323261894995,31.45831474669365,-21.429213607961714,-55.271161415772106,24.077662841257094,13.815499555054792,34.78864134707458,5.507949130480188,6.157694572499599,14.294437421727187,0.0,24.077662841257094,4.502130063195308,8.003686660063845,-2.753364220056712,1.4355438980252595,4.441814245383771,1713.9302286253412
0.0,16.567017464679832,75.10083004825117,37.638082641568204,6.262384048442443,9.148874135325297,0.0,0.0,25.22513829571073,7.215173993312626,2.8878964125037974,4.699080916760615,10.865404895894372,11.309688685951974,206.91957153840104,0.0,0.0,0.0,0.0,0.0,-8.564951909871864,-19.481625594116853,-16.068249993577062,-13.865945360011153,-22.45812503241393,-21.018974125664027,-21.018974125664027,-23.62335994132435,-24.01968803832904,-23.534730369335154,-23.97895837366243,-24.22802619357629,-25.608652246822885,144.75159556991488,62.16797596848616,55.143070587689934,42.5550027433371,30.486504774208015,-19.957759460561235,-52.298851426404866,23.674082498503083,13.58392956910944,34.093245267846896,5.412797068482787,5.945167668380851,13.586406395657956,0.0,23.674082498503083,4.690273337333636,7.342600434568153,-2.52490065597899,1.2460867516202354,3.967088251383821,1638.9997870966693
0.0,21.128938958330224,86.25919938453586,42.120484471789815,6.690870226219648,10.260104492371362,0.0,0.0,28.110651587609325,8.308209448268506,3.1717229580750756,5.900471443381865,12.000095706682917,14.495822080709491,238.4465707579741,0.0,0.0,0.0,0.0,0.0,-9.890690573881441,-22.381469528011745,-18.41957711726804,-15.900384835309339,-25.814029784049968,-24.12136413942706,-24.12136413942706,-27.120855294303276,-27.57799996269713,-27.021340120221552,-27.637332539863102,-27.882604275907894,-29.659639976497903,167.1571839425628,71.2893868154113,63.094301935294766,48.37163420704741,34.56230884189036,-23.164897449241096,-59.824086486789405,27.26562271499148,15.644716057814431,39.33673894429262,6.069936330676629,7.127566380568121,15.879131740676508,0.0,27.26562271499148,5.409996075666953,9.389691109529647,-2.8982133726015533,1.2270949371862558,5.106130971179844,1888.7236030919455
0.0,19.567140926781097,82.25218857991452,42.80690435865399,6.925671095275969,9.427171487967966,0.0,0.0,25.11696040732425,7.622189159766443,3.034541849325083,5.052542773251995,11.721271654139398,12.91892099409836,226.44550328649902,0.0,0.0,0.0,0.0,0.0,-9.391631101937326,-21.302840223703615,-17.52556561093988,-15.104860334817236,-24.220173936649644,-22.671163809880614,-22.671163809880614,-25.378065387278614,-25.809162755156997,-25.325060853044217,-25.865988507651767,-26.142061851159877,-27.67788660166918,158.7228511397216,67.72265214677742,60.16673799952664,46.13166123526856,32.85731097814532,-22.085450580387878,-57.48528321355125,24.605959252777044,14.118630257000856,36.169008816095584,5.554987010530774,6.4337382080533345,14.753112109543508,0.0,24.605959252777044,5.101743998560752,8.505885103892908,-2.520445161205691,1.3811954348013398,4.413035890205451,1793.6637357026975
0.0,20.29121721705937,84.38042934148604,42.1570887394347,6.67012197253134,9.75717704531839,0.0,0.0,25.92279776965756,8.535202891376231,3.176197573002807,5.407295237029547,12.281772127486187,12.897943744675901,231.4772436590581,0.0,0.0,0.0,0.0,0.0,-9.60385157302121,-21.789904599876728,-17.88607977961954,-15.427179358171102,-24.902080392439704,-23.25198327701772,-23.251983277017725,-26.074779010322874,-26.57169086048904,-26.061823897490502,-26.625543237634954,-26.891380004782732,-28.394408282853913,162.30947393985483,69.16776971920329,61.555048880413786,46.9727098831575,33.49049795922414,-22.82538046107225,-58.39231587386458,25.65944671670898,14.72310983980606,37.59582983203158,5.830786852945173,6.73727706186329,15.270588871904733,0.0,25.65944671670898,5.8806136114338665,8.579145175423612,-2.654589279942365,1.3299818248337436,4.318798569252289,1833.5199046384598
0.0,21.572766974322953,92.3539699442525,46.446838157861116,7.834825815931432,11.418901435201247,0.0,0.0,29.31059061164647,8.564800550107158,3.3985947418907765,5.706301413253282,13.217416630207667,14.688654722396675,254.51366099707133,0.0,0.0,0.0,0.0,0.0,-10.547702351373104,-23.933593526230204,-19.702616760388032,-17.00739734847823,-27.48233057820875,-25.647704421918025,-25.647704421918025,-28.77518669833785,-29.260662176520825,-28.719115314679538,-29.34102148611867,-29.652754855587876,-31.393952439190727,178.26098278474066,76.25267821233065,67.61575579561091,51.922155223542006,37.150304791264794,-24.73821414864159,-64.00426055354559,28.42907259721687,16.312290873368006,41.5638966341184,6.218123360838486,7.265904022164584,16.66096781591408,0.0,28.42907259721687,5.745271931159448,9.685500927778964,-2.81952861894771,1.5596026089113018,5.003153794617711,2015.990237588413
0.0,19.448870872855284,83.91372803219363,41.68507837614247,6.484298026167965,9.932780052098888,0.0,0.0,23.96404555318056,7.91351560876244,2.896023209292187,5.414161773982722,12.07254584536625,12.13959683727727,225.8646441873197,0.0,0.0,0.0,0.0,0.0,-9.376204672576378,-21.402068005473907,-17.43967222588156,-15.033455103973862,-24.1848940955714,-22.491688934366007,-22.491688934366007,-25.149360883966114,-25.630179235184944,-25.203138939767356,-25.866434812286467,-26.09814277281697,-27.411390561048403,158.4621374442518,67.40250674306789,60.74588742181913,45.73200744841866,32.535371701158745,-23.167840610374505,-57.141228257128844,24.158457863831533,13.861858855198957,36.312352160929834,5.119380815464879,6.573397117841628,14.686794175524435,0.0,24.158457863831533,5.690158002589747,8.36611316326018,-2.2233576061726925,1.1592353438589056,3.77348367401709,1789.062779240194
0.0,20.18480449658766,82.93531231685832,43.90101790184015,6.77121799983396,9.739627244469764,0.0,0.0,26.793563910474425,7.836575717604859,3.091214457895204,5.37598570890419,12.012360581660928,13.68765105762676,232.3293313937562,0.0,0.0,0.0,0.0,0.0,-9.629019867443843,-21.733611783023495,-18.006569543978195,-15.522357680034744,-25.029313407127738,-23.429796240465652,-23.429796240465652,-26.282747507109608,-26.713764589593172,-26.18830297118877,-26.75849135042561,-27.03505182177515,-28.69442895324738,162.73482960020016,69.59450179355606,61.14356678072255,47.51332620538993,33.8931321175,-21.791745536135764,-58.99339501171809,25.93356300921699,14.880394769915164,37.72302089950398,5.8269962999549,6.7596182451736535,15.39677910990566,0.0,25.93356300921699,5.100793875545162,8.919599993112563,-2.735781842059697,1.383632536269464,4.7680510645141965,1840.2692498327044
0.0,20.438549673882015,92.6798116963924,46.727511742921095,7.284319733691669,11.163207351181793,0.0,0.0,29.101939519922485,8.505226884347861,3.450324895952605,6.041557414191722,12.249305825451978,14.742904889707516,252.38465962764312,0.0,0.0,0.0,0.0,0.0,-10.457480300118068,-23.854998628520683,-19.57833806406445,-16.872634900142934,-27.206734689854915,-25.458053703155592,-25.458053703155592,-28.551146269416186,-29.025148598616457,-28.46896537945451,-29.07016542012941,-29.31859133326277,-31.13001830252559,176.73618894909697,75.64847067854615,67.67448769208771,51.729002744704985,36.89414883842229,-25.005324004304697,-64.25322165569973,28.116467287161154,16.132921366017722,41.005078127577086,6.346056760178922,7.284432705033012,16.211381311183356,0.0,28.116467287161154,5.609495020121543,9.537954113134848,-2.8957318642263177,1.2428752908412903,5.204950776572668,1999.1265220622392
0.0,18.375622539372827,80.86305889236021,42.465419322269724,6.062301443313887,9.44657257521719,0.0,0.0,25.517879849435044,7.282828314352232,2.8899471717742244,5.072950232404158,11.828745277194715,12.272170743062722,222.07749636075698,0.0,0.0,0.0,0.0,0.0,-9.20437332210438,-20.93288716915254,-17.235361528813932,-14.836484109544385,-23.879200386350114,-22.34183517383973,-22.34183517383973,-25.028154826141222,-25.432149569391658,-24.95162395796657,-25.518592115520747,-25.785567856907864,-27.226686089282286,155.5581092125128,66.51938714824419,59.24389476712716,45.54780062788992,32.39079127812287,-21.619164125233056,-56.96692992803482,24.41886785111801,14.01127925730391,35.88094705501837,5.391772607423113,6.408630347408753,14.633971524969308,0.0,24.41886785111801,4.781002878703343,8.131264380283532,-2.5018254356488887,1.3356801150045952,4.140906362779189,1759.0649668762344
0.0,18.68675500996963,72.18379364694334,41.35551162812312,6.331393650071386,9.500320613399508,0.0,0.0,24.755896547746396,7.6392939749924365,2.938052583063887,4.756054165244639,11.34997345158465,12.550095076630189,212.04714034776921,0.0,0.0,0.0,0.0,0.0,-8.771203017546558,-19.535316928181427,-16.489042810538507,-14.232139340618122,-23.125757908350696,-21.564981756435134,-21.564981756435134,-24.235238276318874,-24.672716967402245,-24.19983460435187,-24.700321921150792,-24.979984988357526,-26.470521329145935,148.23733340453876,63.80980694323046,54.37244991986084,43.77177741034454,31.40635106436372,-17.8113437270825,-53.59542792496758,24.27285264870231,13.927497331404162,35.28933643255524,5.400083941685084,6.155208994175732,14.233722883294915,0.0,24.27285264870231,5.177262616371239,8.267190815988828,-2.4620313586211973,1.3991548289310929,4.282904260641361,1679.6150083848029
0.0,19.194992879812176,84.07749733465964,41.55305155591068,6.2077617910458835,9.595186401354116,0.0,0.0,25.035497715111834,7.330961474971,2.9499132039289555,4.996205612817499,11.998446456379623,13.450514488370091,226.3900289143615,0.0,0.0,0.0,0.0,0.0,-9.395623726233316,-21.459871462652618,-17.502627226151084,-15.077437222304432,-24.270318205719853,-22.66886708443832,-22.66886708443832,-25.386627446001917,-25.80188797889616,-25.337724771155838,-25.929882284894088,-26.227959631773846,-27.801150681374423,158.79032831220746,67.59970060215402,60.93977742293927,45.978921846176085,32.67663616327993,-23.137719911720367,-57.59178351571246,24.70466649907823,14.175267395179318,36.47679145867558,5.366548845832012,6.487487116118347,15.027569095371097,0.0,24.70466649907823,4.914325833067943,8.930110346077766,-2.4166356419030564,1.491281503300848,4.520404142292325,1793.2243259192405
0.0,19.047300386505373,78.6100806176176,38.8231994467678,6.00347153383597,9.321834863687837,0.0,0.0,23.22437232861735,7.105809968888321,2.8788605499992257,4.951817171819131,10.874016311711475,12.074136139390916,212.91489931884098,0.0,0.0,0.0,0.0,0.0,-8.844023175039053,-20.119449247287587,-16.415819445646626,-14.151190336220472,-22.76687701217872,-21.231848478915087,-21.231848478915087,-23.765376376533027,-24.183418213363403,-23.768821808615485,-24.326580091444672,-24.555502292535945,-25.94807697919748,149.46802729489696,63.44687202394401,56.95522590416991,42.943490645460365,30.522010358761325,-21.65485471344769,-53.77889122360851,23.029978162148343,13.214349546705023,34.18651962526088,5.037429846338687,6.097115356186034,13.730139559048322,0.0,23.029978162148343,4.947240672548861,8.072714707687165,-2.1585692963394605,1.1452981843669034,4.001421431703751,1686.4884846744726
0.0,22.326312687547887,91.98157115258375,49.06912014658833,7.357477164509101,11.016132165952408,0.0,0.0,30.498210438586863,8.966599560655672,3.401023286079543,6.104399777912161,12.801126577253221,15.269601033576311,258.79157399124523,0.0,0.0,0.0,0.0,0.0,-10.722652661208006,-24.182374794957006,-20.078873346059126,-17.302071757889312,-27.91554220626611,-26.18369555510659,-26.183695555106592,-29.395208041799922,-29.875487851613563,-29.244957607381938,-29.83665429688287,-30.117589253357593,-32.034520734282175,181.21772285293233,77.5738511383129,67.98869593245934,53.063865045661984,37.838849187263094,-23.992875220124418,-65.9416192868633,29.19291415956131,16.750574806251212,42.11360387420364,6.683838115212819,7.509917871141713,16.903715721896702,0.0,29.19291415956131,5.683784731522396,9.761493795703277,-3.282814829133276,1.405518093229552,5.508107237873034,2049.8753767975277
0.0,20.75733138753559,91.39383425822575,46.562097692769164,6.9828925896700635,10.974720937994503,0.0,0.0,29.31938788286344,8.92817934001322,3.384059604287853,5.878210497378146,12.49980757263213,14.738464495202633,251.4189862585725,0.0,0.0,0.0,0.0,0.0,-10.417241674123584,-23.679617096952544,-19.506144760235514,-16.80892971832437,-27.163800189635232,-25.437143755244282,-25.437143755244282,-28.557214525332814,-29.049553676016433,-28.453813899432195,-29.020439804605985,-29.29620918569654,-31.122971663922453,176.0561378084094,75.36284845016307,66.99184433413623,51.547771586387995,36.7591905003496,-24.40198992408952,-64.05165143460324,28.36170139158745,16.273634012545042,41.08749492623943,6.485740119642853,7.257885207657054,16.36914866094502,0.0,28.36170139158745,5.826498824658219,9.48944869661084,-3.1016805153550004,1.3796747102789082,5.249015798591794,1991.4774706238259
0.0,20.101801370770183,85.26118872803359,42.54503948737818,7.141237559533564,9.879676293585002,0.0,0.0,25.86247950777473,8.35014298703227,3.0847807975419577,5.516216013213466,12.78960840064336,13.155950730617644,233.68812187612392,0.0,0.0,0.0,0.0,0.0,-9.690312109601612,-22.00698537727485,-18.065369557648594,-15.594382564573252,-25.18417319176709,-23.458458769510887,-23.458458769510887,-26.295555863031215,-26.787274816885486,-26.301148764215775,-26.94832870596467,-27.224190059688077,-28.703428000457965,163.77069646107168,69.91742541505224,62.21484703577926,47.499191515692964,33.95485653882932,-23.04634169225433,-58.67933965982768,25.789447264069874,14.797702731818148,38.05170473452041,5.615764567363936,6.8963508627402295,15.659913010831245,0.0,25.789447264069874,5.8191592172102915,8.905511270902995,-2.5309837698219777,1.3801348495267636,4.250439459714649,1851.0321626628056
0.0,20.06542819358382,89.39339836701852,47.72268463060148,7.2649854108796035,10.466191196654423,0.0,0.0,29.752617593481173,8.600642188164521,3.511148778253005,6.182223928363564,13.063597109935154,15.127767843102443,251.15068524003772,0.0,0.0,0.0,0.0,0.0,-10.387909196229115,-23.509162971740718,-19.55590754473974,-16.859655982685656,-27.322553250058988,-25.560349463354274,-25.560349463354274,-28.719055734714185,-29.192580264270386,-28.616984580631758,-29.25775654619071,-29.534146332251627,-31.377321522613666,175.56040554722182,75.59027969281588,66.27900073501841,51.996360869502176,37.21961574911743,-23.114397632000106,-64.02877136200624,28.712901294063382,16.475148674843478,41.516138669047415,6.507950379953596,7.5650025258266815,16.976994566612717,0.0,28.712901294063382,5.603840586463931,9.831591788961763,-2.9968016017005903,1.3827785974631173,5.29617605414068,1989.352271402762
0.0,21.85498697752569,86.63228924981021,46.817057149041034,7.296880227633919,10.63439211436434,0.0,0.0,26.879536899173186,8.346867518290884,3.4371365715513917,5.961975036099624,13.599078739551322,14.703889096633027,246.16408957967462,0.0,0.0,0.0,0.0,0.0,-10.198657853126852,-22.906344776746824,-19.068033673758563,-16.46082441848147,-26.694168059308208,-24.7760995659941,-24.7760995659941,-27.77889379325515,-28.28757777280757,-27.84064264398522,-28.59109007823091,-28.881591709462747,-30.498410024090642,172.36197149107406,73.80211808860055,64.18996273990986,50.30272130576061,36.01430046787794,-22.442326509900354,-61.91425445920436,27.295647916199012,15.661944189824498,40.60528386964026,5.764075337742635,7.415355220369413,16.791461197163873,0.0,27.295647916199012,6.0199287520996405,10.058126454750688,-2.326938766191243,1.4533801842697889,4.645762641882339,1949.8536915202133
0.0,18.609226943895926,76.97263171479648,38.13725409130959,6.577772625648925,9.539364059957745,0.0,0.0,26.04832280310626,7.536187137134045,2.907054238827122,5.081812230988133,10.910730836399267,12.280352460068931,214.6007091421324,0.0,0.0,0.0,0.0,0.0,-8.892320839927072,-20.092750385213947,-16.604382561677614,-14.34513638478414,-23.27855066778566,-21.767519278028125,-21.767519278028125,-24.483647195806046,-24.8958732037769,-24.385394774086777,-24.878931332189055,-25.113654006226632,-26.627718217139936,150.284279870324,64.31642927180837,56.576398167837844,43.739007042596086,31.35964771599419,-20.396233546958634,-53.65106095686233,24.689827450031135,14.166752911159039,35.447243405291324,5.564827080448045,6.256130191952607,14.086922072932932,0.0,24.689827450031135,4.8784142955131236,7.929843262570796,-2.657772841620922,1.1743179609644745,4.350509197498135,1699.8417016800827
0.0,20.262316447253315,94.69629859218996,46.37375521006472,7.681546391685247,11.351721917871831,0.0,0.0,28.784329413371665,9.148747261411296,3.325300536654743,6.077388030346899,13.355374660964115,14.274825017082163,255.33160347889594,0.0,0.0,0.0,0.0,0.0,-10.577856024260889,-24.211468606209866,-19.793894546408765,-17.076167639812134,-27.588703755367312,-25.72080742678198,-25.72080742678198,-28.83872864890257,-29.369799446113635,-28.81973290896737,-29.493727793719376,-29.767491279013353,-31.416908296280344,178.77059361603665,76.56100986285928,68.86706360533913,52.26882101944122,37.37239254400303,-25.829234986850835,-64.53875342191002,28.342161822748736,16.262422421686868,41.7131025932671,6.189186292609651,7.447027240342688,16.725167142442935,0.0,28.342161822748736,6.284861505456388,9.535393325607554,-2.8638857559549082,1.369639209995789,4.739431691474609,2022.4691199077643
0.0,20.029803610149614,87.76879589329742,42.514810535902434,7.009872986768747,10.050673238415941,0.0,0.0,27.933253485079057,7.979484672267192,3.131264665055609,5.268433625906107,11.73176553980598,13.550874115950009,236.96903236859808,0.0,0.0,0.0,0.0,0.0,-9.831525860044193,-22.43982331771832,-18.32127105776976,-15.79385474686989,-25.388862778942034,-23.845402308287827,-23.845402308287827,-26.75143558520774,-27.17440207204203,-26.603192783894837,-27.09501263586551,-27.37507736513314,-29.08605014162892,166.15727328112547,70.81175908747261,63.68791967305205,48.14964381650162,34.28990618142223,-24.080876220245372,-60.01938520303654,26.41608287355617,15.157259389834188,38.07240707908953,6.10522878307088,6.66959797085131,15.246907086751403,0.0,26.41608287355617,5.005520554251921,8.634568224059388,-2.973964118015271,1.4011643449452027,4.916305891890621,1877.0200939090792
0.0,21.59228236327259,86.00058424442061,45.381197436020294,7.183691651393885,10.230312894195214,0.0,0.0,28.342847439587935,8.567253051824695,3.3760362960590764,5.923107310992623,12.318485577465548,14.272673449974628,243.18847171520707,0.0,0.0,0.0,0.0,0.0,-10.078610472113516,-22.66756654498738,-18.83472213787169,-16.24965854477539,-26.27339605384116,-24.58259052113732,-24.58259052113732,-27.60632331017257,-28.084050394718286,-27.524420244589177,-28.112712972670863,-28.3659730965926,-30.11023518898537,170.3331159728497,72.85535574235737,63.590221108621705,49.66034293193157,35.49026956902388,-22.410363135798903,-61.3883541461957,27.485981174759136,15.771155331548925,39.77357951379165,6.289714382845726,7.19016816711504,16.06338406963567,0.0,27.485981174759136,5.653574965038046,9.260714101682087,-2.913678086786649,1.2670608561224173,5.011959348292541,1926.283968221041
0.0,21.29033628954908,93.91480825002196,45.9073420681113,7.650292223279809,11.272916571529874,0.0,0.0,27.78231180309844,8.378217238262911,3.521819284061429,6.16059626369924,12.706726269106209,14.241070494880333,252.82643675560055,0.0,0.0,0.0,0.0,0.0,-10.488586854960747,-23.960257088240628,-19.536436286085035,-16.853913403598266,-27.14113588066559,-25.282637014157746,-25.282637014157746,-28.305492513848254,-28.805196232184088,-28.331827469488488,-29.018591419934285,-29.25418228894362,-30.887248617121692,177.26190392024247,75.56453283535808,68.04904901389035,51.314935521349184,36.60758309545388,-25.86575923613161,-63.70275189947208,27.47800654204624,15.766579574532015,40.81907180806017,5.986383050894359,7.339257805671004,16.220514379964932,0.0,27.47800654204624,5.913653471429981,9.548620842049841,-2.4645637668329297,1.1786615419717634,4.692449652830492,2002.6258170457108
0.0,18.291614766771715,83.92418192078381,41.365964543197144,6.447917932765132,9.528675794232065,0.0,0.0,25.90827379016589,8.199181254384076,3.1440737219246695,4.977357167899446,12.196666198735066,13.289615991231107,227.27352308209012,0.0,0.0,0.0,0.0,0.0,-9.417755751194898,-21.52056965832602,-17.622864996039542,-15.191065585246282,-24.54487264672743,-22.955011288515504,-22.955011288515504,-25.760048652877018,-26.224928236989957,-25.706791040449417,-26.215865759473523,-26.526640736527078,-28.11741082923454,159.16436963317386,68.10915344891626,61.13458557928536,46.53532920170511,33.2028400854117,-22.789596341498452,-57.74873927317172,25.498021674043418,14.630485916137715,37.11533632839119,5.841721436510694,6.532164937829224,15.212774159819203,0.0,25.498021674043418,5.501533539798052,8.718700260217195,-2.697647714586024,1.554807769929778,4.570915731013912,1800.2224399306047
0.0,17.74647614948787,76.47258811773284,38.35003358230725,5.917207018087386,8.902139918054937,0.0,0.0,24.97926735417354,7.37452230970797,2.7222819044758797,5.29351512652657,11.694818027001778,12.672887154383606,212.12573666193964,0.0,0.0,0.0,0.0,0.0,-8.786047683984727,-19.912309125834096,-16.445388541595335,-14.19371282230137,-23.102371666015667,-21.533295230463175,-21.533295230463175,-24.209847520260183,-24.62165826297056,-24.141286891375497,-24.771302025926996,-25.017271595249007,-26.491219109722074,148.48821504114798,63.63752162079165,56.201755022727504,43.440000326738925,31.099983542193712,-20.270833095005337,-53.47128281391511,24.330081717998464,13.960334745342962,35.34901533098285,5.223304300451621,6.52410132485568,14.699469787620616,0.0,24.330081717998464,4.873499913732229,8.437649195435657,-2.501022395975741,1.2305861983291102,4.235237958947948,1680.2375659381273
0.0,18.4457652676086,84.01357632167539,38.39045224804903,6.324378815742394,9.163001784261528,0.0,0.0,25.30593770161715,7.8634729627480695,2.9869590535764856,4.942728151149977,11.835442028273429,12.801819298048942,222.07353363275098,0.0,0.0,0.0,0.0,0.0,-9.21828356071771,-21.17771940184773,-17.140858611953202,-14.783165927379521,-23.84862979653832,-22.313505651056094,-22.313505651056094,-25.03463658435615,-25.47582041854034,-24.9683018533517,-25.48440885100963,-25.774590578280623,-27.30612727294604,155.7931985924913,66.28033504025969,60.41034419927272,44.93293472796899,32.004154397640974,-23.603232122402666,-55.98890250709286,24.735305274975566,14.192847589634562,35.97120811506545,5.629321552606259,6.394507855327431,14.784376922870228,0.0,24.735305274975566,5.221110463718296,8.401104699274686,-2.6423624990297734,1.4517797041774543,4.400714598774256,1759.0335783018725
0.0,19.591510543951212,81.14501564218617,41.58316921586934,7.0464930794922225,9.682086492874806,0.0,0.0,26.73271393618412,7.574776923075495,2.975531517536019,5.100854872494902,12.129935446100264,13.114814613967768,226.67690228373237,0.0,0.0,0.0,0.0,0.0,-9.392315922708665,-21.216164645603016,-17.55277753155202,-15.15389015048213,-24.494801092548162,-22.900608716950714,-22.90060871695071,-25.713897301044582,-26.128737180457183,-25.616788186768442,-26.176353398768683,-26.470694198358093,-28.040378460456125,158.73442492324938,67.94247736048301,59.7254570030527,46.28210985051812,33.135347525727305,-21.419558639133463,-56.96716649417928,25.57302594394937,14.673522545745193,37.06416531253881,5.640960755255306,6.573442422972208,15.167675641436494,0.0,25.57302594394937,4.909347685356209,8.604486868154233,-2.6654292377192865,1.4725875504773063,4.510327745813536,1795.496635821232
0.0,21.90390112679681,91.05079278954751,44.82647110807864,7.323841158279767,10.993527848329704,0.0,0.0,29.33183531705049,8.636124962022883,3.3889123358570488,5.836995775773217,12.39290479055879,13.859651174381062,249.54495838667592,0.0,0.0,0.0,0.0,0.0,-10.353860975272509,-23.495568366167117,-19.276519033438714,-16.629858677516697,-26.83134451997694,-25.11792490363,-25.117924903629998,-28.190864171895797,-28.669105841387452,-28.097417124183355,-28.655550480559416,-28.914215462177967,-30.616058696365926,174.98497507643248,74.55998331024344,66.38231747686318,50.604911854390906,36.09384461838159,-24.668475312684336,-62.851112702968805,27.933272141312585,16.02780599528405,40.478874067376566,6.365372570167992,7.131097144687365,15.988876504191504,0.0,27.933272141312585,5.65966472771194,8.969578091834201,-2.9764602343109434,1.2941013689141476,4.890073082546861,1976.6333876778988
0.0,20.46450319126773,87.33696663852369,48.111229770098355,7.75401680871437,11.216356525370557,0.0,0.0,30.03716001897637,8.476548183869504,3.5605118419060817,6.231931080891969,13.409798362549292,15.201881298473719,251.80090372064166,0.0,0.0,0.0,0.0,0.0,-10.40356531920785,-23.362628558485294,-19.62096520053599,-16.94566530497446,-27.609862372208195,-25.709286020770517,-25.70928602077052,-28.912117760604104,-29.39551428594611,-28.86619255937608,-29.563060210784922,-29.843574767873758,-31.632539194799413,175.82500116964425,75.9759025509974,65.45973248107,52.27654197667957,37.62422352062694,-21.877234157453685,-63.53122525674494,29.11400545253694,16.705297853335452,42.314884006165094,6.316391086816938,7.635345915236812,17.146790478740787,0.0,29.11400545253694,5.720668938958647,10.06147434793738,-2.755879244910857,1.4034148343448427,5.140406950536338,1994.5026201269202
0.0,16.868377915997485,74.89747938217779,38.75368363898878,5.766109225547941,9.112597228761183,0.0,0.0,24.50417316318476,7.579622749357801,2.960162048858911,5.169164317935375,10.847741264708205,12.651906131890291,209.1110170674085,0.0,0.0,0.0,0.0,0.0,-8.652616618891797,-19.606196165080213,-16.259483296020566,-14.024275198419607,-22.825928630252765,-21.2956379478976,-21.2956379478976,-23.94496547875545,-24.377381213393882,-23.904451712776833,-24.43656689911202,-24.661844531793605,-26.183555975242108,146.23316915483855,62.877847912569976,55.32949207550851,43.14239267881561,30.892906484516967,-19.56798730666928,-53.08022079318355,24.082606407216126,13.81833611912489,34.9244243783555,5.42243882616429,6.296228719984578,14.093159603445455,0.0,24.082606407216126,5.117345972052421,8.279423391103842,-2.46227677730538,1.1270644020492027,4.372482740786449,1656.3581197511064
0.0,18.842470309820843,84.76487818348961,44.166367230919704,6.664314539940404,10.2615629633485,0.0,0.0,26.80541075694327,8.363809364520366,3.1571365943918757,5.2054946103780555,11.51621965021647,13.229000684196464,232.97666488816554,0.0,0.0,0.0,0.0,0.0,-9.65009042627373,-21.96084145560126,-18.09899329550809,-15.587313939392754,-25.093827641038583,-23.522673085208467,-23.522673085208467,-26.375862706789086,-26.840760737758835,-26.291045350137427,-26.767414878968673,-27.034616692699384,-28.676851948690942,163.09093165918082,69.88573322898473,62.18493220855442,47.91800629102973,34.145522849775844,-22.579945974935193,-59.64567456935017,25.935729675307847,14.881637979217144,37.72126696947,6.019194113116349,6.542305765724901,14.898204127280255,0.0,25.935729675307847,5.5017518457958925,8.510205051785832,-2.8620575187244732,1.3368111553468456,4.718795632410632,1845.3967467225796
0.0,18.58279236540553,84.48972924849429,40.9019718520164,6.578933916927401,10.284807787406926,0.0,0.0,25.852395880487776,7.527592592948539,3.0854992535151986,5.488326170979161,11.411988250359208,12.849323348358018,227.0533606668984,0.0,0.0,0.0,0.0,0.0,-9.41458307136611,-21.542947576619568,-17.570590996319734,-15.153919906266589,-24.47403609516194,-22.8216522582315,-22.821652258231495,-25.584033902373204,-26.01887130230788,-25.561439722038877,-26.16031767342226,-26.380905979388302,-27.887638967890002,159.11074989633445,67.94261077056397,61.26364855914251,46.25685075404731,33.007458217739135,-23.226080689351775,-57.38948207202909,25.1102776487747,14.408002635933457,36.98165299934667,5.467087113508974,6.591929863024594,14.63782823540618,0.0,25.1102776487747,5.146004732954765,8.519879671265613,-2.3815878599937745,1.103603692045433,4.329443677092405,1798.4785442278296
0.0,19.2343302209466,84.19097339455288,38.18802667729923,6.615969893772008,9.313852449825061,0.0,0.0,26.144794056606266,8.005629793899608,2.9824683724429235,5.063815435947598,11.787882354180324,12.210873336263605,223.7386159857361,0.0,0.0,0.0,0.0,0.0,-9.291260372953454,-21.28159673538934,-17.241091264651658,-14.87946142351066,-23.990480632204225,-22.47076821539803,-22.47076821539803,-25.221900394776412,-25.664732195785383,-25.133655425884026,-25.631806755570928,-25.902119820579266,-27.3773534743892,157.0265400194939,66.7120759662422,60.56643108771967,45.08751640028473,32.138262310542935,-23.624542306833213,-56.082399457159745,25.008019083523187,14.349327789788834,36.15196892585337,5.747485136650555,6.416192187039991,14.67443915233776,0.0,25.008019083523187,5.240613029691977,7.971939787013776,-2.7650167642076315,1.3523767510923932,4.238933549249829,1772.2226140308321
0.0,17.57333095573716,79.0937282348948,38.14501971534097,6.027805997105666,9.696926199903938,0.0,0.0,23.48372137700961,7.00079462819373,2.7215123435355775,4.828121029131648,11.618776470384045,11.953092123180147,212.14282907441725,0.0,0.0,0.0,0.0,0.0,-8.799062643583515,-20.13468085519594,-16.40033392091039,-14.148465513018508,-22.89252685079196,-21.264559217729808,-21.264559217729808,-23.82344131845237,-24.240635523386306,-23.844282732778268,-24.463423957645016,-24.725817122189845,-26.0368019590602,148.70817379725392,63.43465527716332,57.25927267572067,43.110658333296705,30.76491183249937,-21.834455559174124,-53.47585865333372,23.260449965662847,13.346591746452557,34.69590245922328,4.785097445883899,6.140874503940655,14.073004309494785,0.0,23.260449965662847,4.937209525845407,8.186110809260398,-2.0635851023483225,1.312753474809007,3.7669813139197483,1680.3729540998343
0.0,19.002370219678298,81.12357549686614,41.85042566833867,6.6058658333054785,10.00608738815233,0.0,0.0,26.7545077037545,8.209518170361896,3.1737259996028055,5.2427537854263875,12.090054391849087,12.890833453401449,226.94971811073702,0.0,0.0,0.0,0.0,0.0,-9.39682234926417,-21.247438029989347,-17.610842301427425,-15.197752117787553,-24.6713115575562,-23.029154769537318,-23.029154769537318,-25.879520849380317,-26.347404944830284,-25.83411164444149,-26.36508379842282,-26.640610025684996,-28.173797038024755,158.81058558837535,68.13913252236169,59.86066414469447,46.585866334864185,33.36168488913838,-21.26291135217167,-57.30444511137192,25.910063447350282,14.866910978375515,37.59050646682266,5.846154282982813,6.621211996663996,15.11705279902352,0.0,25.910063447350282,5.537089886981889,8.485376834989406,-2.6724282833800075,1.378458211237609,4.4054566184120425,1797.6575966189605
0.0,20.81138395163464,93.9828662784071,45.753946360664685,7.3852119212380964,11.46975156257837,0.0,0.0,27.891739651291672,9.293943535495332,3.4624589460254054,5.9750912025816545,13.765542284924491,15.230251550245976,255.02218724508742,0.0,0.0,0.0,0.0,0.0,-10.567031867811743,-24.11589255104281,-19.74711806330018,-17.04795686020141,-27.689210980195043,-25.708624970925545,-25.70862497092554,-28.844744782076393,-29.40754538287972,-28.901713404186303,-29.612940148205986,-29.921766185363275,-31.63312752828452,178.58766043285013,76.43452681223731,68.43895884846718,52.06491717041991,37.27240046232842,-25.54390742993992,-64.0978675634949,28.507588502416613,16.357342440893618,42.22384778983267,6.096040341836396,7.5201484227002275,17.13790746271767,0.0,28.507588502416613,6.6603621396843415,10.31282915233422,-2.6335813958109906,1.545057220118573,4.917422397911755,2020.0182490811624
0.0,19.182851909688214,84.00312016459581,42.069050313337684,6.3064807135196235,10.104963621265595,0.0,0.0,25.286320445963653,7.365579258996377,2.895995432842375,5.436291094879996,10.997663623375784,12.758827821860466,226.40714440032554,0.0,0.0,0.0,0.0,0.0,-9.396267225306485,-21.457094718870902,-17.509616397746022,-15.078829004838738,-24.2159887560599,-22.63732390740391,-22.63732390740391,-25.33481388032598,-25.750126731238254,-25.279433405503887,-25.87352192227047,-26.082048106473273,-27.602945953799793,158.80120374018057,67.60594066014498,60.92250085146432,46.01491136819157,32.68093961083651,-23.080619313131493,-57.72470655206091,24.52040698956526,14.069541304217989,36.255693005401,5.346629710628418,6.479547970019045,14.324551703487938,0.0,24.52040698956526,4.914944981210333,8.388682866609264,-2.450634277786044,1.0432568751390487,4.370144955251202,1793.3598968449028
0.0,18.64510798976832,89.59041160884439,41.890517427240006,6.719752771973489,9.90250660643077,0.0,0.0,27.337431810845448,8.553984068957416,3.066656154370122,5.612383345526994,12.527294720101352,13.985149867640114,237.8311963716984,0.0,0.0,0.0,0.0,0.0,-9.858462548809674,-22.674143516344735,-18.423202828479063,-15.884614556463578,-25.68093373032956,-24.01920272192344,-24.01920272192344,-26.963043331515134,-27.437943649759877,-26.874436783188703,-27.47690671088862,-27.758407070860187,-29.438819773498484,166.61251561280505,71.21868075889337,64.73546985672095,48.57497890012131,34.656958866194515,-24.854941752123437,-60.28468943280656,26.759754654955888,15.354454498608492,38.87119742030783,6.000518113922254,7.020730153469611,15.947442546485195,0.0,26.759754654955888,5.620122109405283,9.156655233313657,-2.9338619595521322,1.4083468079426167,4.828494634326457,1883.8492527316007
0.0,19.983462346844803,86.9591573480821,45.97719121924879,7.389341212064954,10.178170111812593,0.0,0.0,28.65255774058103,8.90180668849755,3.381100162115353,5.672532202479149,12.820512264909741,14.254907736336138,244.1707390329721,0.0,0.0,0.0,0.0,0.0,-10.10393182156374,-22.84658647941715,-18.98258040772492,-16.37329518332129,-26.482441440094295,-24.795820728890142,-24.795820728890142,-27.853943183611765,-28.34823956015942,-27.76201398788441,-28.313969133489234,-28.611228011828878,-30.354117757670004,170.7610583330022,73.40968069996991,64.36659422060603,50.35531185436241,36.05568991118903,-22.59256312747607,-61.96355317985349,27.798586080552898,15.95052460693812,40.11247621924054,6.433245589693899,7.159718906199668,16.341341611534382,0.0,27.798586080552898,5.849661260919004,9.246891685990978,-3.0521454275785453,1.4871867037205186,5.0080160503451605,1934.0644595139593
0.0,19.03471087558152,84.18258391303789,40.126094831871114,6.84599710085995,9.868355823505423,0.0,0.0,25.053126759826466,7.945931775652571,2.9833366909375814,5.454426854986196,12.131457057828701,12.411365001549344,226.03738668563676,0.0,0.0,0.0,0.0,0.0,-9.377253165512323,-21.435111930314637,-17.454375183776556,-15.068031319978267,-24.334915947046337,-22.646875831168497,-22.646875831168497,-25.37845098524074,-25.85055616152656,-25.397484491639894,-26.03701238543079,-26.27673360423197,-27.659754194609455,158.4798574533095,67.55752923232724,60.90750499975904,45.80944883316829,32.72819274480068,-23.275078913278847,-56.66929146991896,24.83024410573805,14.247322452199256,36.77043340634898,5.342224960249101,6.653752544405819,14.906100078188633,0.0,24.83024410573805,5.58704350634105,8.43739629176979,-2.358888269311521,1.1993256894196227,3.9739687097795535,1790.431064104981
0.0,21.59682674464156,92.43699929389331,49.59961755389541,7.806013568839508,11.357666373033744,0.0,0.0,30.575448125288567,9.124343633425687,3.5603908294842084,6.2862055922298525,13.118808268958553,15.273446253269851,260.7357662369602,0.0,0.0,0.0,0.0,0.0,-10.790379597834319,-24.357621990831046,-20.269117437643516,-17.480409213930912,-28.271407659932784,-26.44500160418426,-26.445001604184256,-29.693897057326698,-30.200932062429764,-29.60091894797835,-30.228994684059973,-30.502090390964263,-32.371314063676394,182.36233898655263,78.3734272504076,68.53180983480698,53.758721868246354,38.47498053885777,-23.90518945908633,-66.2243700715413,29.532728416893374,16.945556509912585,42.8180241488845,6.684320201335148,7.652503905739383,17.123533668776222,0.0,29.532728416893374,6.000414261574746,9.902422539942656,-3.1239293718509407,1.3662983135095308,5.371023713327196,2065.275228310416
0.0,21.201413296420167,91.94395751593129,49.72834787854667,7.813888178360433,11.34119218565142,0.0,0.0,30.597356508128588,8.929038008489925,3.431894304913941,5.848637255357646,13.784985326896127,15.137414397720123,259.7581248564163,0.0,0.0,0.0,0.0,0.0,-10.745662605693134,-24.260986039146452,-20.211952657286037,-17.430915788495682,-28.20299409917037,-26.36781001713664,-26.36781001713664,-29.60617013648039,-30.098524985776578,-29.502655967963065,-30.127600769922505,-30.4623880686164,-32.28388567668539,181.60660141445217,78.15152344196414,68.26955313155185,53.6881241583082,38.447510828171986,-23.674404384379443,-66.04219588673367,29.436961361183066,16.890606420932702,42.742950205042,6.534247706348395,7.523578713702108,17.343931599340074,0.0,29.436961361183066,5.826684607055472,9.903526666931711,-3.1023534014344536,1.6749414583444615,5.233887730788412,2057.5313788395556
0.0,17.42240487217361,83.29693328045353,38.31161670900095,6.617520922172632,10.050680305542,0.0,0.0,25.689885024997626,7.938623460299683,2.9924982177050015,5.472065918813193,10.87456497296673,12.677456683033334,221.34425036715825,0.0,0.0,0.0,0.0,0.0,-9.173404466914219,-21.086380999928835,-17.1319506007935,-14.789677334516503,-23.955388035217478,-22.357567671683075,-22.357567671683075,-25.106564104202974,-25.55935547852039,-25.06378690204083,-25.61271923635916,-25.81393694109235,-27.344886094924977,155.03472142832888,66.30952893882937,60.175665671640246,45.13694495167467,32.29970593284037,-23.121267608813284,-55.622732516670496,24.98860496791113,14.338188182619794,36.36898143282665,5.572643875431672,6.478758458002725,14.26689879385025,0.0,24.98860496791113,5.358477802573012,8.278430322960283,-2.5801456577266704,1.0066925391895314,4.3990263600730515,1753.2569612899924
0.0,20.304988337966673,81.70674971518393,44.4277123591616,6.87587510650252,9.957976777027703,0.0,0.0,25.522722148895234,7.923856383894483,3.0745898903115227,5.713205738045131,12.375720008091452,13.843855829374455,231.72725229445473,0.0,0.0,0.0,0.0,0.0,-9.599290806128606,-21.584984970085277,-17.965345792803955,-15.50013299365269,-25.080183060026602,-23.33341723260186,-23.333417232601857,-26.157353437135942,-26.62517276363387,-26.166599301594132,-26.86361472611799,-27.115163410171263,-28.682655713602585,162.2323948982357,69.49485739621902,60.542982087976284,47.44813399883932,33.93629047345345,-21.163767627207648,-58.54221798031974,25.66981369451944,14.729058298270322,38.01305478285022,5.462122883697989,6.971704257423044,15.621250864701482,0.0,25.66981369451944,5.536323390508017,9.339826453386511,-2.3875329933864657,1.2584985193779126,4.504029375987944,1835.5002107890134
0.0,18.93678866075197,81.70439451816205,42.70732584289625,6.845961196887248,9.087582998044237,0.0,0.0,25.51931508989714,7.5504504138094966,2.942986626704488,5.1573762250823965,11.776116242722251,12.56935181210044,224.79764962705795,0.0,0.0,0.0,0.0,0.0,-9.318673423574213,-21.164496605175167,-17.42442306942568,-15.012335401786517,-24.06640471061383,-22.56372220602562,-22.563722206025624,-25.2673100886641,-25.682542143250856,-25.176156963329383,-25.72546833072987,-25.990939856356647,-27.496290447597087,157.48983308389745,67.3078165431605,59.836455935752596,45.97181060487447,32.74477788251844,-21.86793858240945,-57.280638034651176,24.575837493305002,14.101346720914854,35.92599519414059,5.579448228836394,6.485530745928763,14.7734332213312,0.0,24.575837493305002,4.913988811677592,8.243880312645121,-2.636461602131905,1.3281545208463665,4.325471499455318,1780.6111676110943
0.0,18.389032172293508,76.6602820609913,42.31944717332262,6.350133878144207,9.522741612556702,0.0,0.0,23.97248660245987,7.599241832190974,3.1549453500072335,5.313963385492631,11.800566185519893,12.965925082164937,218.04876533514388,0.0,0.0,0.0,0.0,0.0,-9.02377724922991,-20.308815365512828,-16.9469636363246,-14.618668824706766,-23.711206886390606,-22.02966377850219,-22.02966377850219,-24.703477104061466,-25.166670107380874,-24.75992964757798,-25.385317422563716,-25.631247382450134,-27.082056627121435,152.50595317272115,65.54281216242273,57.00377893763151,44.93640192317769,32.176740139618445,-19.656503123359798,-55.290781562997736,24.305184306511048,13.946048882981893,36.07863686089929,5.2726131784182115,6.544351417744064,14.738930652180308,0.0,24.305184306511048,5.481574003779997,8.797172583253086,-2.117667828410977,1.2303880322514331,4.16875249891185,1727.1535858301731
0.0,17.342873836620623,78.41880298874187,36.68720166701344,5.967236269807072,8.79210416355591,0.0,0.0,22.541765502109023,7.283227400180696,2.713598501852447,5.212114768472475,10.377554489239317,11.88628859663528,207.22276818422813,0.0,0.0,0.0,0.0,0.0,-8.603841818589764,-19.762323727444237,-15.990377880220207,-13.786975693277526,-22.1869149924954,-20.704341416994637,-20.704341416994637,-23.184176577096746,-23.6089241121853,-23.17549331258596,-23.754594190777013,-23.937720337907347,-25.32229908305738,145.40885277319188,61.813915411036255,56.36450931380749,41.89278619345759,29.8086834293062,-22.054293674934385,-52.32491538690761,22.541906736679543,12.93429950173782,33.33044718362778,4.970227853647851,6.128295212390505,13.439819954033517,0.0,22.541906736679543,5.026598048385292,7.907842687923052,-2.2566293517954037,0.9161804439180301,3.978445908712228,1641.40139287163
0.0,20.449392318292308,86.1162958117221,43.3338205556618,6.928723195349625,10.061413522852645,0.0,0.0,26.513604150880834,8.105931299571338,3.2815596560020226,5.909476259792408,12.585733922500879,13.106201121186894,236.3921518138128,0.0,0.0,0.0,0.0,0.0,-9.803932288741734,-22.251835466895507,-18.277342666326774,-15.769200661712915,-25.476415992317136,-23.73143973847507,-23.731439738475075,-26.600630724067237,-27.08005647336765,-26.61289348733509,-27.285474182202922,-27.517815884894418,-28.995927001978984,165.69092933482736,70.70122247898546,62.87772479746299,48.057000780314425,34.306811438757656,-23.238571014259108,-59.56167192148798,26.081183397801723,14.965097734079727,38.517638800905566,5.713813449059563,7.071882216824154,15.6705296121692,0.0,26.081183397801723,5.673677506513798,8.85899947448682,-2.4322537930575407,1.162405957031746,4.2472016467000735,1872.4506513017723
0.0,20.521215350048134,82.92095204232685,41.09569165554215,6.919346001542159,10.224487643717747,0.0,0.0,25.135382755482983,8.523336074320975,3.0646878822520893,5.600644444051265,12.436183687054184,13.581894540670442,230.023822077009,0.0,0.0,0.0,0.0,0.0,-9.539299783337537,-21.556177494009923,-17.755813344213983,-15.346334745118035,-24.939242581736295,-23.137660304746728,-23.13766030474673,-25.96884328164137,-26.486420119086436,-26.025804298558754,-26.700555136496302,-26.957319557361426,-28.467692799198876,161.21851923842382,68.80530283858516,60.70049861429703,46.60000885252068,33.39679642155796,-22.220453428029813,-57.218679627070685,25.735687454728126,14.766855941291283,38.06407363153027,5.462854282666947,6.885237304092906,15.491494401052675,0.0,25.735687454728126,6.125169673906117,9.241990966630311,-2.3981664004148575,1.2845928600416405,4.339903574040131,1822.0074235047064
0.0,17.086696651092975,77.24989489660926,40.482073990613785,6.497765335881764,8.633926903732183,0.0,0.0,24.601503555962577,7.637356194596777,2.7319565478223624,4.996231457901722,11.210531080838562,12.341773388040957,213.46971000309293,0.0,0.0,0.0,0.0,0.0,-8.836862768337056,-20.08746155789937,-16.595015564463413,-14.301926305165615,-23.0218875644485,-21.584937311866316,-21.584937311866316,-24.20994348742003,-24.626038034077887,-24.104921320628723,-24.624933661767038,-24.878844886500897,-26.380366196524854,149.3470131542514,64.12269684884153,56.82981658616106,44.00041286369304,31.430087053304348,-20.420078310448204,-54.45474374965083,23.861523275645094,13.691481036636732,34.60027481661332,5.445116923982962,6.2665497725598485,14.25468121633833,0.0,23.861523275645094,4.9241958184361785,8.027304937883063,-2.713160376160599,1.2703183146581267,4.314468450157895,1690.8831129187088
0.0,17.517732569757033,81.39086284131393,39.72368555538054,6.465735852708247,10.096658816783885,0.0,0.0,24.325208925956304,7.856778083848427,3.1620049590192583,4.977103477901158,10.88857737544556,12.651404824447699,219.05575328256208,0.0,0.0,0.0,0.0,0.0,-9.077600463790695,-20.782178212983144,-16.97370341890349,-14.640382005384547,-23.65169728187074,-22.049780115981196,-22.049780115981196,-24.72010910147048,-25.187914176994013,-24.742192051326345,-25.23350092208743,-25.474637416403567,-26.97508451965843,153.41559005899435,65.64016322356773,59.12298706466859,44.78279806665605,31.99207235791265,-22.26787577664534,-55.41014992920789,24.27351136705101,13.92787529678699,35.75634979956428,5.482628302944217,6.18350979327114,13.99355288656504,0.0,24.27351136705101,5.536154739923468,8.34002299795824,-2.320623343924959,1.206406315369982,4.311381826489459,1735.1298880192633
0.0,21.8408679838927,96.3767777050652,46.60764211938908,7.277184994707449,10.921047301852708,0.0,0.0,29.222657996183113,8.936841111138618,3.4839770065902353,5.830717849667653,13.541289068670437,14.017805654814977,258.0568087919722,0.0,0.0,0.0,0.0,0.0,-10.711678096035326,-24.504559606281894,-19.93716862132727,-17.179558107362027,-27.628022808425126,-25.849582071291,-25.849582071290996,-28.959875699975534,-29.467289234818633,-28.904150134641466,-29.508661890004504,-29.812676352743896,-31.465734007102924,181.03224769368475,77.02456109828742,69.67157402761313,52.322428115312746,37.1973775668662,-26.70520367745206,-65.48588254488821,28.27282636746237,16.222638495897485,41.45887112555788,6.41592421426018,7.351702754307411,16.770196855137577,0.0,28.27282636746237,6.004893903468673,9.267912963708078,-2.9319472076699444,1.520984904639758,4.749892691106899,2044.0553376575806
0.0,19.218808606734886,82.12211810001003,38.20591542295048,6.252900031694846,9.176753896046362,0.0,0.0,23.722867727376535,7.594257868137689,3.049150039642038,5.2373718586913425,11.680193857408232,12.009806710206574,218.27014411889903,0.0,0.0,0.0,0.0,0.0,-9.06970345681801,-20.75289434325124,-16.800876449988507,-14.494927329800802,-23.359970604886538,-21.756442409034555,-21.756442409034555,-24.363375323890402,-24.820503533469513,-24.400934959811565,-24.997955883752578,-25.230968084826806,-26.570157811379275,153.2821270376544,64.98801708124464,59.01495623798156,43.84739673985082,31.200965453087136,-23.10716186202847,-54.76013108971042,23.697235840885835,13.597214703696455,35.175951412926494,5.233606610985525,6.403132320339463,14.362458585555142,0.0,23.697235840885835,5.4098012967942015,8.161781520411544,-2.184456571343487,1.1657604616481203,3.8480251897950293,1728.9071163287372
0.0,18.72337102431527,80.96377019042778,41.169057565291745,6.629100191759557,9.33412895553168,0.0,0.0,25.17138015165864,7.674936423782825,2.908933568922264,4.793531562744775,11.017218621526974,12.978728965442249,221.36415722140373,0.0,0.0,0.0,0.0,0.0,-9.179605823517889,-20.880403934152813,-17.1417094954395,-14.770741483389454,-23.70397176452396,-22.248475182879027,-22.248475182879027,-24.934948467477447,-25.35228219315882,-24.82676412100761,-25.286267253802322,-25.5644804142765,-27.185078985364935,155.1395271846863,66.22463003671741,59.10389508832105,45.15712155127955,32.15513952077045,-21.859875102106727,-56.304156068630846,24.420264381405545,14.012080571106386,35.446513297097475,5.645009333753904,6.1854325056813995,14.281942502130489,0.0,24.420264381405545,4.938860658951186,8.32210414190211,-2.7360757648316385,1.3919009429366245,4.65662482354014,1753.414642507035
0.0,19.56740529646952,82.40389010910955,42.29035422545475,7.124431223378304,10.242812796251796,0.0,0.0,26.872000583033287,7.854560216368499,3.2145282227935144,5.432969181097662,12.043958897749327,13.601059489246692,230.64797024095287,0.0,0.0,0.0,0.0,0.0,-9.551225259152103,-21.579644646179485,-17.877684669726346,-15.440591935554044,-25.042384068869683,-23.347232954501504,-23.347232954501504,-26.22455222959769,-26.673843158455334,-26.18646403456947,-26.773581657415157,-27.04033034470924,-28.650809974697353,161.4200652214315,69.22790501952136,60.75879874237192,47.223567437467345,33.870293745122744,-21.64509136673763,-57.874441561916434,26.155070221763378,15.007493185428002,38.0993259793494,5.752036026645543,6.76751334406581,15.336963812386253,0.0,26.155070221763378,5.317052412516471,8.973510411641621,-2.5375078038520282,1.3345441629681476,4.627549077605071,1826.9512705280458
0.0,20.691616742980713,96.98873585125253,46.67040960906762,7.53556747567296,10.632399945435754,0.0,0.0,28.10605710742749,8.96615697384393,3.63944403797787,5.841783417060693,13.818251209000552,14.722648222779819,257.6130705924999,0.0,0.0,0.0,0.0,0.0,-10.68434095278098,-24.547645433914727,-19.936430973998657,-17.183633493305585,-27.645919617416325,-25.811315023951696,-25.811315023951696,-28.901865876741162,-29.43030189401867,-28.909316571845242,-29.550699033734276,-29.87136403097395,-31.56599827510365,180.57023749841102,77.04283309408889,70.02729949554843,52.47328732541786,37.37803393446402,-26.961436355704095,-65.37158586305087,28.09336290145867,16.11966432223831,41.51371368982913,6.351920333981515,7.446070975794342,17.083322434617518,0.0,28.09336290145867,6.253680677840285,9.853289438429204,-2.7124762960036444,1.604287558733649,4.869358784350615,2040.5405091227328
0.0,17.890233295987862,76.71273842841627,38.9310596918664,6.121497891386271,9.150128117675154,0.0,0.0,25.95479687441178,7.802320367607737,2.8330898422519364,5.04671177348456,11.196788514766386,12.268760559236728,213.9081253570911,0.0,0.0,0.0,0.0,0.0,-8.858310150906568,-20.048984017631657,-16.596637628986976,-14.318865033774362,-23.237925221095153,-21.76053552454256,-21.76053552454256,-24.477063869464473,-24.899117104683217,-24.359859927398276,-24.849825361045355,-25.10056478537937,-26.616526491128297,149.7094837063811,64.19864165071002,56.52711959754051,43.887973446463285,31.404157366389427,-20.18561883087576,-54.091013897236145,24.693467365893206,14.168841455064003,35.39028722847708,5.64069736703428,6.301161565029531,14.298300178738117,0.0,24.693467365893206,4.994712842825393,7.912799103720028,-2.8076075247823438,1.254449791544971,4.3559614555167006,1694.355779455376
0.0,20.354220054030403,86.67489959923861,43.966728011960356,7.351348286465557,10.789591616307215,0.0,0.0,28.901404029852074,8.253912273157619,3.219543615261684,5.7034422014225665,13.21027907491633,14.483679886651561,242.90904864926392,0.0,0.0,0.0,0.0,0.0,-10.054884981110654,-22.720577461037227,-18.83869892160981,-16.27676873520504,-26.501015686509756,-24.68430181086467,-24.68430181086467,-27.75944896965831,-28.22311151193061,-27.691695770906183,-28.35185908312537,-28.65803221127632,-30.356213430838814,169.93214434866746,72.97690430059647,63.97783744974779,49.817456559092314,35.782630285797,-22.697062149490826,-60.83899753989012,27.953342048846874,16.03932188868442,40.56918876003776,5.986325210640607,7.235226913004244,16.558045020085697,0.0,27.953342048846874,5.487130677778695,9.604129229900522,-2.766781595378924,1.5317847115816772,4.879550656751039,1924.0706718074357
0.0,20.432654843425606,90.2116701602359,45.5360567413389,7.004997746931688,11.06790272204466,0.0,0.0,29.151910354520375,8.794435575890859,3.3118574411675032,5.876609451260444,12.39786625964919,14.448358125717192,248.2343194221823,0.0,0.0,0.0,0.0,0.0,-10.2834237874017,-23.374946804934492,-19.256057393109643,-16.603045177151945,-26.879801638438256,-25.138697381630966,-25.138697381630966,-28.2333283358067,-28.720911165416144,-28.140048351373558,-28.72188604776873,-28.986602573499685,-30.76118538577397,173.79455446005915,74.43976496212314,66.12882263743377,50.888348489722894,36.3447284894769,-24.082847522802126,-63.001952409349286,28.13045136056484,16.140945274366313,40.777543295319056,6.3360820157631625,7.200986706268218,16.17257185124302,0.0,28.13045136056484,5.7702110012952,9.34927527911559,-3.0242245745956584,1.3243772550077733,5.099082846601602,1966.2518806614542
0.0,18.812217552334054,77.2899060031192,38.68371013528539,6.1868252793770955,8.934539289988333,0.0,0.0,25.046114891799274,7.322974100136165,2.8205902989234213,4.876586473197472,10.990381407682527,13.21053462822224,214.17438006006515,0.0,0.0,0.0,0.0,0.0,-8.881951989894343,-20.094669859828347,-16.562654729143173,-14.289133096079869,-23.10621613854176,-21.640682893355386,-21.640682893355386,-24.31203847075107,-24.706264508469413,-24.19582365488539,-24.701762766379435,-24.973728836434358,-26.61150171966359,150.1090415733369,64.06533848672825,56.63846981832602,43.561154374142625,31.097199828534183,-20.651436184793177,-53.9900649029519,24.282843172399648,13.933229784616309,34.98564813293347,5.478167502984549,6.237233211515079,14.335708128445514,0.0,24.282843172399648,4.665396896075036,8.504561169141647,-2.6575772040611287,1.360646738317607,4.705973459080592,1696.464769911153
0.0,20.204227733036827,85.36195047166159,43.87463532942563,7.2014995236829815,10.711887625957695,0.0,0.0,27.575023420735796,8.271572461335047,3.211595317158732,6.048940254961676,12.923189797251748,14.174833599189764,239.55935553439753,0.0,0.0,0.0,0.0,0.0,-9.917113554125521,-22.39498301471763,-18.575394331692042,-16.04897951503971,-26.13568657818872,-24.27495763955229,-24.27495763955229,-27.273278983745605,-27.759363352277344,-27.275520828017967,-28.004598293257075,-28.25583115284939,-29.859761765581755,167.60374436581918,71.95561116857833,63.02909259277724,49.10549442812228,35.26492961188285,-22.332857878884347,-59.995602390223944,27.254989039117486,15.6386145709187,40.02343886655428,5.730690044390358,7.305858703992627,16.275002492213602,0.0,27.254989039117486,5.7524777341034214,9.566102455196962,-2.519094727231626,1.2569184490309508,4.608731143992802,1897.5379167795415
0.0,18.801987999544973,82.67435935658546,42.694941226428654,6.792661394831455,9.416131393921232,0.0,0.0,26.86297503353828,7.980286667991194,3.068824616149071,5.094086153646629,11.93562560892859,12.445627554966924,227.76750700653247,0.0,0.0,0.0,0.0,0.0,-9.436634158313785,-21.442187030956358,-17.674213887998487,-15.230082023674866,-24.496473334292673,-22.993945966980963,-22.993945966980966,-25.792452690435738,-26.225102667324187,-25.675750084647674,-26.15936315737608,-26.440474748895248,-27.96954919754183,159.48342332793283,68.28408367859964,60.643293795234406,46.71948576273084,33.31865577042259,-22.03106556135105,-58.04160209745002,25.438657607988123,14.596423464413046,36.76847595674076,5.928993214454448,6.50048795232167,14.922863396043407,0.0,25.438657607988123,5.120118069685817,8.051987969177066,-2.8601685983053775,1.4064017986750414,4.393639585789858,1804.1352623909004
0.0,19.32917436842323,89.08197560335259,42.880728844611426,6.95891798612514,10.819520811462649,0.0,0.0,27.09245580094188,7.9044621320096,3.34507942116599,5.388531116176073,12.472470020921552,13.894682034627902,239.16799813981805,0.0,0.0,0.0,0.0,0.0,-9.914162161619219,-22.70277815784883,-18.515413343131335,-15.972816370213172,-25.831640262952195,-24.06939492565594,-24.069394925655935,-26.99113131573595,-27.45253447876265,-26.983102017215963,-27.582053656027067,-27.87269910717982,-29.490832468806875,167.5538644857059,71.61413365411214,64.59875736843767,48.782050711842764,34.84388203700225,-24.483218234914915,-60.37988536970228,26.55882547113908,15.239163530879594,39.11921233528697,5.789149091321101,6.842630831769172,15.667911600734046,0.0,26.55882547113908,5.460392461854489,9.245140739222308,-2.4440696701551117,1.4540997155930997,4.649541295405594,1894.4379940335898
0.0,20.518849580300373,84.97152560351923,41.95424258730154,7.212782343746293,10.419041943373692,0.0,0.0,28.350637488463533,8.326938673351197,3.1852407360755293,5.8307567507090265,12.444777271643911,13.336247410708584,236.55104038919293,0.0,0.0,0.0,0.0,0.0,-9.802145660049073,-22.156408660023338,-18.29680840008637,-15.811373826716473,-25.694267748735584,-23.967845181771438,-23.967845181771438,-26.95115981620704,-27.41895778899306,-26.882915774251142,-27.500844913978476,-27.74698249583652,-29.32839792305938,165.6607344946607,70.89030589453225,62.40472293768884,48.17753368895926,34.55962828771221,-22.566802665830387,-59.022431094036975,27.11857680606861,15.560342723795666,39.214720744461204,5.976108725568497,7.062183516058376,15.757386559460638,0.0,27.11857680606861,5.53607068385823,8.79221135754251,-2.790867989492967,1.2314267653493491,4.544036053166074,1873.709199921818
0.0,20.51541706148045,85.13663295080886,41.33385067629548,6.8091253481305,10.500097470925574,0.0,0.0,25.483642791515628,8.50400983915412,3.1363340074949373,5.559119302774419,12.878480493270374,12.870790003134974,232.7274999449853,0.0,0.0,0.0,0.0,0.0,-9.655916595339711,-21.919654613575165,-17.953609812648775,-15.509778575652982,-25.17742151562195,-23.34466680004143,-23.344666800041427,-26.180694818323115,-26.704140259293546,-26.260575868743903,-26.937275397019825,-27.20120011240359,-28.585344371140188,163.18939657494863,69.53810337003668,61.94745677746858,47.060419789638516,33.666102946361114,-23.18917617334028,-58.034463001562415,25.779729281716985,14.792126659848142,38.3606179667049,5.445723243448708,6.87953512918914,15.535262123141475,0.0,25.779729281716985,6.19462060320035,8.893592546849153,-2.3093892359537707,1.3204158264147212,3.977197456285822,1843.4231234167312
0.0,16.827666369023593,75.88797657397949,40.55540372774482,6.1666793473769825,9.719093321293178,0.0,0.0,23.30703805474003,7.22799006695548,2.818589484853929,4.727068862877994,10.867707548373046,12.135778909173583,210.2409922663921,0.0,0.0,0.0,0.0,0.0,-8.702141479942979,-19.76757835563755,-16.348096399009762,-14.089622003713945,-22.747849185712994,-21.191181902767745,-21.191181902767745,-23.738943170309906,-24.164660013781273,-23.74404190393528,-24.27659239142883,-24.526246441599735,-25.92978939546882,147.0701619054078,63.170830360984326,55.894513692451156,43.36408189125898,30.983899952674065,-19.99346288152833,-53.63273320579,23.15936067214033,13.288587815635484,34.35531776049142,5.008510398302104,5.976088525530036,13.651625515366097,0.0,23.15936067214033,5.038069153507304,8.102841279528487,-2.1899209134481765,1.2490196626520422,4.032937629645096,1665.3085979334708
0.0,21.32531581270318,93.06367148915989,43.87547025720449,7.135087016976849,11.012163993127732,0.0,0.0,29.42654391915038,8.949073108021933,3.4016584539602137,5.6346116733423965,13.415112054959932,14.533934682575662,251.77264246118267,0.0,0.0,0.0,0.0,0.0,-10.44293864401619,-23.81651662031655,-19.45352199582835,-16.7909450408364,-27.23112833479782,-25.425945518351348,-25.425945518351348,-28.56780814130829,-29.072303935197827,-28.500183358397617,-29.089626491975007,-29.415538598720204,-31.14998541342578,176.4904283254384,75.28221413574427,67.55355850027958,51.10358071581307,36.5079732966426,-25.51011298888031,-63.229089408500315,28.559791136777925,16.387295741450497,41.42601100690984,6.380367137253877,7.265150530382655,16.76832934614557,0.0,28.559791136777925,5.97036442472827,9.550178534349769,-2.9787086832936627,1.6305388570402588,4.983756148225893,1994.2787640755473
0.0,19.298476455476305,84.25777594191034,41.3927359785439,6.29423233258411,9.870243715721939,0.0,0.0,24.51875135118291,7.502881796859385,3.16118937650698,5.423838136321281,12.217214635169123,13.261410422150014,227.1987501424263,0.0,0.0,0.0,0.0,0.0,-9.427386184708412,-21.51992999815871,-17.55629822368119,-15.138086523682183,-24.46133685570515,-22.733368395596315,-22.733368395596315,-25.456826169182687,-25.912972433391893,-25.50872248248759,-26.177717591977004,-26.43471407952472,-27.90228033765086,159.32712835403774,67.87162178838855,61.08270855912651,46.10317626459151,32.8427670748434,-23.17506738278383,-57.42606744238911,24.75645644565381,14.2049838999991,36.994089088258725,5.2658905318373215,6.7095920263940165,15.148362814305447,0.0,24.75645644565381,5.398180641529043,9.044508352940952,-2.104701155330342,1.2857538900727352,4.216902069209063,1799.6301671394017
0.0,18.503958374485855,82.53959377944815,40.39981324598968,6.464125542297352,8.993055385219707,0.0,0.0,24.024740171392416,7.267762081191819,2.8654023401584436,4.94986796576345,10.91873203807874,12.363852916865016,219.29090384089062,0.0,0.0,0.0,0.0,0.0,-9.106526909637713,-20.88207420246844,-16.93844387728258,-14.58379239115804,-23.279968680372377,-21.83860884205453,-21.83860884205453,-24.416397421695706,-24.82070375703547,-24.343780171363793,-24.858673768651464,-25.10283300897731,-26.597846207010384,153.90446019330258,65.38644364758805,59.4814734193601,44.418766831016704,31.50026156843989,-23.058120360088054,-55.91668216871382,23.43231142297222,13.445203970680575,34.50589750501681,5.348474062299741,6.1713970848641075,13.992970972633255,0.0,23.43231142297222,4.784690359050521,8.068084863209844,-2.4830717221412977,1.2215291191006576,4.295768053655172,1736.9925040694063
0.0,17.552283547770696,73.18841365417211,36.60773493290412,6.291056885468065,8.920070933251427,0.0,0.0,24.71448561427015,7.06814669027518,2.8958682219497054,4.785823483359981,11.502835329455758,12.244707601317925,205.77142689419514,0.0,0.0,0.0,0.0,0.0,-8.518837176529493,-19.217118954417895,-15.94215106142302,-13.783691641043085,-22.485729496733427,-20.938687110994195,-20.938687110994195,-23.56717281687275,-23.968458189807812,-23.52300803109704,-24.063179963689205,-24.339148102777152,-25.767892187242552,143.97223553370785,61.799191360487285,54.03991401671156,42.10137185171011,30.278666117515474,-19.148499637460546,-51.2576447489892,23.893152494123807,13.709629536210812,34.52915584354551,5.215075587549599,6.166492580257913,14.227516742486571,0.0,23.893152494123807,4.748939324675286,8.13935709138918,-2.319207365599894,1.3806690968979316,4.105350509928746,1629.9053896290018
0.0,19.4243161146112,83.58095148104135,44.81932032039161,6.764381139524552,10.390339850580448,0.0,0.0,28.015340564005214,8.513830016569022,3.304923026057543,5.410400058161928,11.839730625037353,13.977294725147164,236.04082792112737,0.0,0.0,0.0,0.0,0.0,-9.767136557529978,-22.047671401259525,-18.362205895021813,-15.829542071739057,-25.640387984521414,-24.012527282078636,-24.012527282078636,-26.98494434304899,-27.45437900458991,-26.886160992149676,-27.379324599448044,-27.6566313777152,-29.4054509631675,165.0690646870032,70.97176323412418,62.03230208480846,48.746990344214126,34.865456143369435,-21.548649396232896,-60.14399960301008,27.0195169618249,15.503503268774818,38.92883863495896,6.263313261077232,6.797766369284343,15.477419154016935,0.0,27.0195169618249,5.555439781549333,8.952239885045163,-2.9583902350196896,1.387366311122415,5.025054840102001,1869.6678319626817
0.0,20.153820641690768,83.70873703122234,43.56829072674695,6.755491896944862,10.90243223584011,0.0,0.0,26.237618730819804,8.5697785034912,3.2123546243035306,5.94935922549176,13.15338333203511,13.678824819649007,235.89009176823546,0.0,0.0,0.0,0.0,0.0,-9.766359738613218,-22.018305267235807,-18.286285752249004,-15.798850081840675,-25.80457917008035,-23.867326262575304,-23.867326262575304,-26.803297315277085,-27.33480928027355,-26.896948054668588,-27.64926291226726,-27.90146923087768,-29.364857729251142,165.0559360928379,70.83415567539757,61.88788972380958,48.320814505647604,34.69341122169,-21.820847307412762,-59.06995180262004,26.688219731858744,15.313408542249055,39.70212319752271,5.4920507018011,7.211147891743529,16.096492368137973,0.0,26.688219731858744,6.290082425993631,9.473927117294375,-2.2796960774975688,1.2617886662517694,4.204897702354632,1868.4738582816965
0.0,18.508653329039245,78.7379302530484,40.0470646868203,5.914460139413249,9.083063423519084,0.0,0.0,25.16960139617256,7.073833416553461,2.8984758494665956,5.087302833638342,11.32811855396497,12.710897893334225,216.55940177497047,0.0,0.0,0.0,0.0,0.0,-8.980059487208118,-20.384676385259628,-16.770790840513797,-14.451274308598917,-23.337746835777363,-21.832108293869222,-21.832108293869222,-24.494673008117644,-24.88303095701354,-24.407104284464573,-24.964682636018928,-25.21905700031362,-26.74552122036941,151.76710304559944,64.79229872937104,57.60780369779009,44.18518235767739,31.465463661092677,-21.130126555258315,-55.082320871880285,24.202933499213014,13.887378488266116,35.2609813791701,5.376357208080473,6.359938236353399,14.441622511217139,0.0,24.202933499213014,4.595952057939583,8.324758533367,-2.4778813586138773,1.272635402715057,4.386139359967226,1715.356410048854
0.0,18.58504516730443,84.17125731786746,41.36739523912349,6.49542512437807,9.950766496988853,0.0,0.0,26.069044112136307,8.260675309882155,3.0646715039175807,5.208526213229095,12.539528329097235,13.630414510179232,229.34274932410392,0.0,0.0,0.0,0.0,0.0,-9.500743245708584,-21.6657006053168,-17.779425533240925,-15.339766290018074,-24.89782680812317,-23.200508542260714,-23.200508542260714,-26.052332097263903,-26.529460057716648,-26.027352474783786,-26.620341350746074,-26.92516710356696,-28.508003297498366,160.56689615867137,68.77585316543254,61.44848896099513,46.95259918065075,33.58076284972101,-22.72276835687233,-57.935389295247,25.92331201711835,14.87451286278359,37.92580159552851,5.678862074713977,6.733570003607763,15.56260302021792,0.0,25.92331201711835,5.646484739085758,9.082296028679878,-2.6141905707963966,1.5250437903786684,4.548118481499355,1816.61267960151
0.0,17.342487160571284,82.80284729889391,40.97663484706582,6.472454044842472,9.606918270331656,0.0,0.0,25.175128694337964,8.049303636715477,3.0484026011125556,5.121124067066677,11.691524543078884,12.429910812910622,222.7167359769273,0.0,0.0,0.0,0.0,0.0,-9.225650890843324,-21.14862762954368,-17.28734012128597,-14.898854791048386,-24.03043358350805,-22.45475336514014,-22.45475336514014,-25.173130999782437,-25.63709567848432,-25.145665879729155,-25.672722545900413,-25.93233308674492,-27.39644669778633,155.9177098334177,66.79902614350962,60.22617941455952,45.72192167900773,32.62712157927916,-22.57666788433439,-56.72014557676521,24.710277562424302,14.178486961948408,36.23354810118112,5.606999981000979,6.4199560704912315,14.599673779357254,0.0,24.710277562424302,5.490706256827052,8.222929573207697,-2.5585973798884245,1.2988320034245548,4.206981239702925,1764.1283525531783
0.0,20.37021848322345,91.54853073554746,46.45913878198825,6.940510652782535,10.436185812685466,0.0,0.0,28.825817291626166,8.495869059473712,3.358165874173731,5.798321902682585,12.667730129808795,13.177103430933618,248.07759215492575,0.0,0.0,0.0,0.0,0.0,-10.28645409404245,-23.486446314700302,-19.23262221983102,-16.556666053926584,-26.58834076072997,-24.94022670609536,-24.940226706095363,-27.94277820539691,-28.4110908780021,-27.8437723258233,-28.405591457473655,-28.66655199977925,-30.26429889355642,173.84576802505407,74.2318241298717,66.67672991189497,50.73824935224915,36.06057027768652,-24.871800823652492,-63.546809924113845,27.293441498968726,15.660678171753549,39.8050738306618,6.311873127668828,7.103907965848428,15.953106924459071,0.0,27.293441498968726,5.542161805978615,8.5861405731175,-2.9537072534950974,1.3055860631658431,4.590962857816118,1965.0104516571512
0.0,18.496036577584942,80.31741132523835,39.300469177346706,6.68072288194769,8.978020677076374,0.0,0.0,25.21031255851029,7.647634633300918,2.8434073750116453,4.883013050284929,11.454308799529537,12.587572111482638,218.39890916731403,0.0,0.0,0.0,0.0,0.0,-9.05736691110899,-20.629190166924612,-16.889618686269582,-14.570149421080817,-23.45835987785011,-21.9836344327967,-21.9836344327967,-24.663400463188093,-25.08113028457384,-24.561756399887802,-25.064102534330633,-25.342750840991275,-26.875793218421446,153.07363378585413,65.3252753814599,58.452408222536896,44.42066569396888,31.704523291763444,-21.865003102701458,-55.08119841341165,24.359294885841226,13.97709694149108,35.267877377864025,5.5474938262327385,6.277091030376155,14.465271844178755,0.0,24.359294885841226,4.943548182079825,8.182531086742195,-2.7040864512210936,1.3940779800912262,4.405041024740443,1729.9270579677452
0.0,20.80382172925282,87.9549871479815,45.64726040412264,7.386624342541062,10.137796373355677,0.0,0.0,28.000140059004767,8.623363541244348,3.402010657917751,5.9076587107279535,13.28777409123057,14.032537727035004,245.1839747844141,0.0,0.0,0.0,0.0,0.0,-10.156733222935705,-22.97534158621833,-19.00663657604391,-16.400253576314917,-26.520458316788265,-24.751553639534688,-24.751553639534688,-27.773733852592358,-28.270433412915985,-27.743150895316756,-28.393558586038992,-28.676303574274577,-30.303594123162675,171.65342611011837,73.53054867429572,64.75025692419374,50.19228308251023,35.90706437416156,-23.204730223787763,-61.89463309734012,27.471868130694233,15.76305742124573,40.15635560857609,6.147272893557009,7.3222323961171405,16.549053945546266,0.0,27.471868130694233,5.878101305605091,9.356684187330117,-2.7452622356392578,1.414573685389187,4.675853539704887,1942.0902502525794
0.0,18.825526626707216,79.38386354789455,42.284252483809205,6.498367244864561,10.298151589391736,0.0,0.0,25.45376629276035,7.492914040120905,2.9068250602909225,5.3050515604201065,11.283348695442724,13.23167329573041,222.9637404374327,0.0,0.0,0.0,0.0,0.0,-9.232690618368286,-20.84814852900153,-17.305938522268143,-14.927410569465772,-24.17550288758208,-22.52478827434582,-22.52478827434582,-25.270224680361817,-25.699051528598634,-25.234618567265805,-25.83686819941104,-26.07462083153221,-27.6352990048984,156.03668444090394,66.92705599652875,58.67281866259146,45.787476768942014,32.75086238266326,-20.71104488530309,-56.48368446455405,24.956244032506113,14.319619831877583,36.695866669773466,5.324865156780888,6.494528407134046,14.578321516466799,0.0,24.956244032506113,5.074873943630939,8.747223627992398,-2.4180400964899658,1.1894768467139398,4.484449667738012,1766.0848627816229
0.0,22.256333302963053,94.50620075124571,45.814826846763786,7.779707174712579,11.490699822321076,0.0,0.0,28.496939602881746,9.15849026084376,3.629744257081975,5.7361264495097455,13.865614888406942,14.89417486149747,257.62885821822783,0.0,0.0,0.0,0.0,0.0,-10.685730508430765,-24.297383684259273,-19.893350914946957,-17.181916866207708,-27.823785098607445,-25.878851997834275,-25.878851997834275,-29.0275942230085,-29.578316969773674,-29.071048324914077,-29.715670106936262,-30.047378629182422,-31.739813054106936,180.59372162296376,77.0351365952641,68.75614070732175,52.221077623163524,37.36016998951541,-25.750060043923966,-64.38931485963546,28.62232729001204,16.423178302099217,42.226284550431465,6.270805562124875,7.395664783741122,17.069114382244393,0.0,28.62232729001204,6.517428955800859,10.031137033428646,-2.641061305042901,1.6595383342313763,4.8630378280688245,2040.6655621325299
0.0,17.88091155062596,81.22328889369287,37.462943873935465,6.163843913161415,8.78310543716838,0.0,0.0,25.45138846313698,7.841706407753294,2.7510508810441205,4.977990083291245,10.592203649403586,11.898894134864603,215.0273272880779,0.0,0.0,0.0,0.0,0.0,-8.926645527952498,-20.499987858987414,-16.60679649540305,-14.310903147379287,-22.991261268884877,-21.636608215177183,-21.636608215177183,-24.28259897307864,-24.695212163898464,-24.126932721389256,-24.560244005975594,-24.791185529784393,-26.315538139207842,150.86438276073176,64.16294452734616,58.46008148221909,43.5580249968838,30.96536473100293,-22.76320741147378,-54.521333365560736,24.0522748650255,13.800932212009757,34.44313197962696,5.7097609477344236,6.13339094285101,13.816874651873148,0.0,24.0522748650255,4.8829963410629915,7.51882227283528,-2.958710066690302,1.155400859559765,4.3800718620293235,1703.220923109828
0.0,18.773190611531366,79.60554567120018,39.59326966662937,6.345714081307914,9.32893725753092,0.0,0.0,26.99218779374173,7.759685869747583,2.9611754143171107,5.478059798578919,11.486321937191246,12.63745895295074,220.96154705472708,0.0,0.0,0.0,0.0,0.0,-9.155029804223178,-20.73162782036483,-17.117931727614454,-14.77358207036539,-23.980483929575463,-22.44780502942061,-22.44780502942061,-25.251646660693055,-25.669573854748638,-25.129126920660482,-25.677173004954064,-25.907945367524047,-27.461551582211793,154.7241812442653,66.23736581046175,58.47652682801255,45.16164883956033,32.31281496516109,-21.129018843187623,-55.672041255024105,25.487152361353065,14.624249223414367,36.53242543929082,5.774977330744216,6.632614344156213,14.795896506859474,0.0,25.487152361353065,4.945883953320477,8.17332983770522,-2.8138019164271055,1.1545545455772945,4.46412911524552,1750.2255871046875
0.0,17.04887846493075,75.20372317495064,38.63323526076522,6.3847153504764504,8.724253310864704,0.0,0.0,23.2279134498916,7.26263297010333,3.0070620875187615,4.807942135711018,10.543073235434147,12.235112705966172,207.0785421466128,0.0,0.0,0.0,0.0,0.0,-8.57781334043611,-19.49347432302891,-16.061626019058338,-13.852921287788494,-22.323733196911025,-20.871276543230547,-20.871276543230547,-23.40144895220235,-23.82084073880732,-23.379191800017285,-23.856872984620175,-24.09379740345207,-25.565893483252133,144.96895961527989,62.10958253133292,55.13795515781579,42.444491144636046,30.3376348478973,-20.06576801713485,-52.45083664853581,22.99947649278982,13.196848022481955,33.61166538021795,5.306478648095829,5.993275429846946,13.58765799141047,0.0,22.99947649278982,4.963216409526262,8.005194655853916,-2.2994165605770682,1.185333294135928,4.229918050112255,1640.2589854947546
0.0,21.510766454258924,95.64306983672246,45.34564076411317,7.5468656040446715,11.037483516580627,0.0,0.0,28.387931580532797,8.853499399591024,3.3010808462919656,5.983472489200156,13.035398451209927,15.155934987136295,255.801143929682,0.0,0.0,0.0,0.0,0.0,-10.614933398370297,-24.294074641462547,-19.753907360897372,-17.041131604261317,-27.47313280764153,-25.648487611111555,-25.648487611111555,-28.749399878355536,-29.25443618591258,-28.701901048451848,-29.370305656801225,-29.6567063661139,-31.452270767146235,179.39721815734828,76.40392577233374,69.09704118347348,51.83174888003104,36.957661639584884,-26.54602865324898,-64.42117683771207,28.187549015943866,16.17370728443699,41.39354497016194,6.177819209704955,7.416335753722272,16.761906490154082,0.0,28.187549015943866,5.976761036178035,9.996563683670017,-2.87673836341299,1.4328632645221164,5.159371303466278,2026.1883268109586
0.0,20.991030580246235,91.49749743301584,47.70289326303197,7.4700143742076515,11.11251796923088,0.0,0.0,28.227234900279075,8.813431270913279,3.5331753748204067,6.248919201013481,13.694667324037729,14.342957494385645,253.63433918518217,0.0,0.0,0.0,0.0,0.0,-10.503857314084044,-23.821592242126602,-19.678216508585624,-16.976546305199086,-27.48878640015208,-25.559471774805594,-25.559471774805594,-28.653374279763796,-29.18367818912349,-28.696272644572627,-29.42904705486645,-29.6960574134316,-31.2917300778388,177.51998164752484,76.11435753765731,67.27148016387606,52.032436447944534,37.22503445545803,-24.226017269139774,-64.1574496173483,28.123829696920296,16.13714583620082,41.71192800155937,6.070820736151507,7.584772505822173,16.943816790354813,0.0,28.123829696920296,6.275785909582179,9.757954723259868,-2.5376453613310996,1.3358533048086914,4.585002771125778,2009.0251726032077
0.0,18.45644847045607,82.49588274244904,40.67040211915765,6.459288730245424,9.916607317693565,0.0,0.0,24.846929766327,7.5097047249977855,2.9644556083205034,5.354781430604159,10.991545132447312,12.23633068224047,221.90237672493902,0.0,0.0,0.0,0.0,0.0,-9.204918262927565,-21.04556507196828,-17.165651339774836,-14.795371283649372,-23.802355314281105,-22.22575682350899,-22.22575682350899,-24.887683967089682,-25.3213839578979,-24.864802749291073,-25.43439735912936,-25.639297922704806,-27.07822619505499,155.5673189610878,66.3350577638512,59.810308678288095,45.14934821260929,32.151213599734334,-22.685574064160946,-56.287818953347546,24.197137929103647,13.884053053534549,35.73916367999259,5.341616063398507,6.379899319214488,14.101040979686037,0.0,24.197137929103647,5.132544269919781,8.101716946391416,-2.3771604550780046,1.0251178886103292,4.134613735849053,1757.6778528217824
0.0,19.520147591205884,88.43209076219448,44.92857063073081,7.075290341130138,10.600478941522596,0.0,0.0,27.11681697458,8.533471816527793,3.136417072404528,5.728415760433778,12.157071904059771,13.556930621223259,240.78570241601304,0.0,0.0,0.0,0.0,0.0,-9.977039852590776,-22.758675578175726,-18.676430180972996,-16.09661307325851,-25.931530946827515,-24.231376366497834,-24.231376366497834,-27.153620197167246,-27.640227946623924,-27.107272067345836,-27.71172326720529,-27.95770067303804,-29.568048656416053,168.6165261549903,72.16917626102273,64.56349813398464,49.33864750670496,35.19423292309484,-23.86859262820984,-61.26376413475386,26.563438148072105,15.241810234446133,39.02435470823349,5.911217297729074,6.959041164840221,15.553617304141598,0.0,26.563438148072105,5.758671591203248,8.929759816734986,-2.7748002253245456,1.2306254044064424,4.627170804488273,1907.2517503378208
0.0,20.21850233118861,93.8246634154924,45.028326407342675,7.646791818522829,11.316895436837337,0.0,0.0,28.05152829915694,8.93895899737558,3.3256422951848257,5.625091587410184,13.083159570296338,14.869552225328716,251.92911238413646,0.0,0.0,0.0,0.0,0.0,-10.440739090398532,-23.9133255421573,-19.505713749397742,-16.834135260930676,-27.206075824758628,-25.359679432033765,-25.35967943203377,-28.439225935222307,-28.958731114383635,-28.422669753976837,-29.046013119137825,-29.359325363252257,-31.10411333596538,176.45325486561657,75.47585751851989,68.05367708116769,51.41206136002273,36.76901409323753,-25.770986334324704,-63.44285178026751,27.993332453309208,16.062267945313685,41.15522801296702,6.116611006627512,7.192593309015283,16.529128260486893,0.0,27.993332453309208,6.147990285932895,9.856081813533063,-2.7909687114426855,1.5675017216050993,5.0134704117956534,1995.518154668238
0.0,19.064588736424533,87.4474259582993,42.21173013811325,6.709742959890833,10.622610204084602,0.0,0.0,25.402612291182663,8.532963591591999,3.291048752742821,5.635015640556658,12.636900972635985,13.05605078402889,234.61069002955153,0.0,0.0,0.0,0.0,0.0,-9.726378205804789,-22.271777624482606,-18.15385046768119,-15.6642018174124,-25.37886389397391,-23.55263546945979,-23.55263546945979,-26.392728899287942,-26.921772682307797,-26.48537227538461,-27.142305910820056,-27.39386409590732,-28.817099210066075,164.38022994430943,70.2304600852421,63.37020467079759,47.79646246526997,34.148974071817406,-24.077221287501715,-59.122504162165484,25.816684208964226,14.813330992856184,38.547187035003205,5.563139172502222,6.89356169362474,15.467875964791642,0.0,25.816684208964226,6.260873171832598,8.966529738805153,-2.272090419759401,1.2585460530680823,4.089521045223737,1858.3397798002661
0.0,19.33582958061192,81.51199177356825,43.23716324841076,7.204831013361532,9.631283508854231,0.0,0.0,25.952471040614242,8.52096213773225,3.159579573831206,5.505616347487617,12.58183367887585,12.983552107468238,229.62511401081616,0.0,0.0,0.0,0.0,0.0,-9.505198857743261,-21.446443984014653,-17.821713899275423,-15.385949579199627,-24.901199631304173,-23.213768814784775,-23.213768814784775,-26.05032180471966,-26.54984672981133,-26.04865455405683,-26.653020712519737,-26.921363080485598,-28.406780166534627,160.64219803520808,68.98291597560808,60.31845797985236,47.167167885277685,33.8207425894661,-21.193533793715893,-57.84289527608161,25.784501317470113,14.794864801762442,37.755932275631075,5.769004136514082,6.848133697727082,15.50751093253568,0.0,25.784501317470113,5.9115375750493735,8.715357503568942,-2.609424562682876,1.342517350239465,4.268194603899296,1818.8492764490882
0.0,18.25770685715066,80.82939586551402,42.93999372254542,6.652396641671042,9.387358718996529,0.0,0.0,23.641796390924096,7.369337658838659,2.9134406482703072,5.181514056948882,11.60842552516184,13.252522345532835,222.03388843155426,0.0,0.0,0.0,0.0,0.0,-9.199873545416752,-20.924657112084745,-17.229666199969046,-14.843719605235542,-23.84029311892298,-22.233345429542222,-22.233345429542222,-24.86558888806051,-25.298401474477373,-24.86676348233342,-25.495252486495293,-25.75269243873345,-27.269997418966113,155.4820609331883,66.55182749836595,59.225052112279506,45.54102004623578,32.45828191752237,-21.60434375323451,-56.65985739096421,23.927310776459336,13.729229184960744,35.69785538325307,5.1607358643058765,6.469486601666537,14.68027419828413,0.0,23.927310776459336,5.12204244280309,8.892701127692888,-2.2472952160355693,1.2879725447176549,4.359821217839947,1758.719550605808
0.0,17.766834161115437,72.87734529799565,36.906939681921145,6.26039777812141,9.099310246723359,0.0,0.0,22.747972733300102,7.321719873187733,2.7732894323274198,4.718850144459888,11.354585160320228,11.61871981799788,203.44596432747022,0.0,0.0,0.0,0.0,0.0,-8.430459125202887,-19.035850900663043,-15.733835611464343,-13.598159570513744,-22.09382544555133,-20.507322194612023,-20.507322194612023,-23.018470143216057,-23.460907605918724,-23.060293076518178,-23.6289147441956,-23.885170142377135,-25.16535330746294,142.47860613829454,60.96735818917568,53.5707014975004,41.42114613351552,29.719924346163204,-19.306643800495245,-50.71660035503678,22.826542574348114,13.097620431787753,33.71028440218073,4.85906300134157,6.000896363098663,13.751014791017143,0.0,22.826542574348114,5.235946304173582,7.94024396866219,-2.085773569014151,1.2820462186387749,3.6784758493356895,1611.4855145856395
0.0,20.778794347379584,89.18787767418499,46.242594925588136,7.672866742018501,10.848908103948572,0.0,0.0,29.69824865993661,8.578228356731973,3.490138626028434,6.014729973156066,13.80182791470976,14.425813510484131,250.74002883416676,0.0,0.0,0.0,0.0,0.0,-10.375651425887764,-23.43741720802883,-19.467919190729244,-16.814268570804007,-27.330027310206322,-25.464914085210054,-25.464914085210054,-28.619702763202756,-29.109912426482786,-28.57654737258746,-29.254477403053887,-29.55594374542007,-31.22412700774475,175.35324363508136,75.3867851990854,65.97851079527727,51.566854383175354,37.029084109249155,-23.209366878907716,-63.01711279803462,28.677290046293095,16.45471533042093,41.725889768281526,6.267069192464234,7.522966626979265,17.086945844889453,0.0,28.677290046293095,5.801297790296173,9.632458926481242,-2.7769305664357997,1.5082366538231993,4.7933545840028895,1986.099482134022
0.0,20.22438177173507,95.40288384132047,46.966232974503086,7.657820926282823,10.679493120058757,0.0,0.0,30.273868894757282,8.971833618924727,3.581914420730089,5.835462838270996,13.381604629495634,14.869210763102757,257.8447077991817,0.0,0.0,0.0,0.0,0.0,-10.679631460137418,-24.441995806745457,-20.014805538662543,-17.25305018373956,-27.816788798685906,-26.084233141695258,-26.084233141695258,-29.277125885620414,-29.76759864767313,-29.15923185924916,-29.71863079635417,-30.038263966019723,-31.87245943777911,180.49064492373532,77.35406287544637,69.51742358240149,52.94449908419421,37.80434048540453,-25.885460258918982,-65.58431144438332,29.023659157578017,16.65345813757753,41.91627099018469,6.749336654415569,7.434588161792984,17.05285305391738,0.0,29.023659157578017,5.804411385239246,9.598837015159024,-3.167422233685481,1.5991253235219878,5.270373747943733,2042.3752960866361
0.0,20.863057364549903,91.49989243554872,46.132057394119336,7.22400511676929,10.12890770558407,0.0,0.0,25.890637860922574,8.534027599009812,3.3153571769856294,5.727224397852763,13.171020876855092,13.526342701962289,246.01253063015946,0.0,0.0,0.0,0.0,0.0,-10.210730101882408,-23.33083934607395,-19.016321456435623,-16.381514636992407,-26.245995429944955,-24.48444747367988,-24.48444747367988,-27.361018548455316,-27.873017815338297,-27.39767055676589,-28.066455126491235,-28.344134025891236,-29.849071251681714,172.5659980037588,73.44653262640067,66.27321939784582,49.940967301231936,35.48875394013112,-25.226673037702895,-62.5696228792025,26.14826901895684,15.003590729655317,39.14165857056007,5.790221854303327,7.116452431673043,16.10607657899963,0.0,26.14826901895684,6.059162921692116,9.202058965997473,-2.4748646773176963,1.38922803382028,4.324283735964816,1948.653200507492
0.0,17.917687797545387,81.20847970959953,40.33893675782815,6.476299176049034,10.09414713703539,0.0,0.0,25.22417711527006,8.196021129791516,2.8839538149753188,5.044956267227356,11.2601482712599,13.072175900174173,221.71698307675587,0.0,0.0,0.0,0.0,0.0,-9.18361262467387,-20.93357668755244,-17.19550496903734,-14.834332214257277,-24.022907646826624,-22.41967091800055,-22.41967091800055,-25.167903971010503,-25.63584144293644,-25.12526184480739,-25.647384981505482,-25.908302627974543,-27.480727370250055,155.2072439525751,66.50973912418075,59.352245607306955,45.439498323295545,32.49781222442723,-21.856234102292575,-56.07154487722781,24.981665785019164,14.334206555383444,36.459707295331114,5.542253383513105,6.350327722445778,14.472979052336838,0.0,24.981665785019164,5.53772156125373,8.553973663878814,-2.658299568537786,1.3053714552184221,4.518202236295359,1756.2093588188125
0.0,19.89129530156704,81.43715923247778,41.58569938377083,6.418259101423353,9.709704929859262,0.0,0.0,26.409247334208942,7.898679235727469,3.1859726234767125,5.499654467884172,12.089880806297328,12.298496759649614,226.42404917634255,0.0,0.0,0.0,0.0,0.0,-9.388734717227658,-21.222132432462093,-17.51702955393392,-15.11099306788149,-24.461990727198426,-22.830432219985067,-22.83043221998507,-25.625609282400358,-26.08025294598333,-25.59656674309883,-26.175448527291493,-26.4150069776642,-27.842130891301863,158.67390091647218,67.75014825987037,59.773691545357536,46.09967579801646,32.909238271531116,-21.663467687120246,-57.136938638148415,25.408390713710524,14.57905665156323,37.104188791829756,5.704253473606878,6.698165826562946,14.992064561800671,0.0,25.408390713710524,5.380398385597305,8.197801645467502,-2.5182808501301643,1.1985113586787737,4.100695114182113,1793.4937987473995
0.0,19.886658237811016,90.57739724458004,44.75566028685806,7.109281388950241,11.016878035486503,0.0,0.0,27.33407883105374,8.678670453431765,3.228240588655197,5.576937926397106,12.334334150368596,13.848088278120068,244.34622542171235,0.0,0.0,0.0,0.0,0.0,-10.129384139168561,-23.16070541197933,-18.927256279331544,-16.31649372190939,-26.303979493339142,-24.55956930417948,-24.55956930417948,-27.522512857467166,-28.023087160227174,-27.493989202344387,-28.07762155010882,-28.348758223795176,-29.990935808430944,171.19121411472977,73.15501130698256,65.8247273466219,49.89718772778462,35.58264080251224,-24.752669897958143,-61.99863589223829,26.933401993343224,15.454091441863465,39.62973482830628,5.98295479640645,6.933435193188993,15.696466803224341,0.0,26.933401993343224,5.923956245680513,9.129458358472437,-2.7547142077512525,1.3564972667918873,4.718629919647631,1935.4544786003378
0.0,21.971618229383683,88.68093139801951,47.939319635694225,7.467513329911789,10.732025766090883,0.0,0.0,29.17639230167321,8.755257998484359,3.3105191171444117,5.740590192621119,13.285236872669335,15.192983994254975,252.25238883594756,0.0,0.0,0.0,0.0,0.0,-10.447132069054357,-23.479725054492672,-19.57172713199824,-16.882140649777686,-27.306044151560453,-25.52880412968608,-25.528804129686083,-28.6625935353653,-29.146869703069235,-28.566015625109753,-29.188645448684454,-29.51220782654116,-31.345877438877547,176.56129912209494,75.6910897138526,65.83115111096794,51.75019885970896,37.008330922034325,-22.849780287051573,-63.87049352221696,28.486404923908935,16.34518753527106,41.361413783758294,6.334698207889893,7.35937335180018,16.935316457977336,0.0,28.486404923908935,5.731078907738876,9.924121249767914,-3.0241790907454824,1.6187831591790607,5.268862744487061,1998.0788116024876
0.0,21.715565313983703,93.56729819668742,48.78337870637384,7.672316938030326,11.021671480327981,0.0,0.0,28.53739031769565,8.64087079894921,3.2497443762579006,6.1614415928602355,13.60145729106036,13.974154776279276,256.9252897885059,0.0,0.0,0.0,0.0,0.0,-10.651632990090079,-24.200618205002222,-19.903025911533568,-17.153522801241074,-27.570802908512615,-25.72988442530929,-25.72988442530929,-28.795170888108,-29.292841967455978,-28.764405110857616,-29.491137742700083,-29.760063863212732,-31.34339671969759,180.01745800388844,76.90783178461744,68.43958789166106,52.469333719620515,37.392971078623155,-25.127710305026355,-65.29335336719292,27.863707506578614,15.987890568834606,41.33513255801739,6.001016603041691,7.5068794581426275,16.805565016505092,0.0,27.863707506578614,5.88959857216542,9.42460918555215,-2.75127222678379,1.345437865282392,4.549545590727126,2035.0926310755553
0.0,20.666500154044233,86.46109496365345,47.99272634374913,7.048579704175738,10.222223504422505,0.0,0.0,26.82197388639918,8.746621857398043,3.3572150386833455,5.58943982136008,12.463571207693173,14.345310829656679,243.71525731123558,0.0,0.0,0.0,0.0,0.0,-10.094238611049734,-22.772140395593514,-18.937376710485708,-16.308242881714833,-26.230736290493482,-24.54138879353121,-24.54138879353121,-27.48944430833532,-27.99215929283352,-27.45487571638214,-28.02623737006373,-28.3119549565387,-30.031893260830028,170.59723865218413,73.11801865905143,64.03950994869814,50.15391390333469,35.73731464610709,-22.421585014955312,-62.434904506551305,26.79806849199264,15.37643855918877,39.37184909443159,6.154547138706166,7.018885421094751,15.976193030208172,0.0,26.79806849199264,5.949289757375224,9.403243407407013,-2.7973321000228193,1.4294455997346711,4.942067422249666,1930.4566111146887
0.0,21.097562475482963,90.45840917528655,46.6892737843703,6.873237939756832,10.924241356119339,0.0,0.0,26.06151781686989,7.953145695151359,3.3166260918893307,5.637615294912988,12.16428963976532,14.003070061964374,245.17898933156928,0.0,0.0,0.0,0.0,0.0,-10.176799101479972,-23.189389995157857,-18.960109865794887,-16.323503737685883,-26.165166832266816,-24.409304514881377,-24.409304514881377,-27.27591652399578,-27.748358839130713,-27.29466791431467,-27.93376655280423,-28.188835148351348,-29.805817703915075,171.9925486138241,73.18644071774517,65.73011513703028,49.81460279216717,35.350268209143714,-24.728294038256266,-62.612351653027865,26.057740288286574,14.951646334281874,39.05111933410415,5.6787384718343805,6.913723937834387,15.534415568316039,0.0,26.057740288286574,5.5910333152063085,9.356835490492253,-2.3621123799450503,1.2761086429213995,4.646234571472121,1942.050760724883
0.0,17.89362835500591,75.61894333708366,40.59095770855716,6.4516218289752265,9.123105967485998,0.0,0.0,24.998283644192032,7.196813471508939,2.75706875629393,4.729310645837897,10.982213618680582,12.14411392307581,212.48606125669716,0.0,0.0,0.0,0.0,0.0,-8.799005471859036,-19.870028516050514,-16.501385309776996,-14.22523552649905,-22.915265048294152,-21.477540786195398,-21.477540786195398,-24.095305055326943,-24.483101733594694,-23.982278503789274,-24.46502535234472,-24.730653259408665,-26.220980992855175,148.70720756902207,63.77885368767508,55.922730939998246,43.68409617693943,31.206752097078507,-19.696212397085418,-54.05247644925064,23.79569374721884,13.653708773328683,34.48150750652766,5.364572425817635,6.058247543296078,13.935581569927953,0.0,23.79569374721884,4.589309801985233,7.8618090743702576,-2.607503669523706,1.3289368974581812,4.282304848705553,1683.0916793972965
0.0,17.456556590458586,77.28402277149885,41.25934993865635,6.571629589593033,9.192812724668155,0.0,0.0,25.829646304495196,7.147711074537727,3.0649523979167443,5.189345566814988,11.279019934182545,11.70531556857085,215.9803624613931,0.0,0.0,0.0,0.0,0.0,-8.937645817731783,-20.246525928123084,-16.79859337157407,-14.482002764584031,-23.361099081886096,-21.871441678733287,-21.871441678733287,-24.540072332284286,-24.935529982904463,-24.46155137663596,-24.980142139061687,-25.20795311892019,-26.61320342301648,151.05029267756942,64.93006978382367,57.12421129661717,44.5834139850402,31.88611080545346,-20.159811474881685,-55.01283797174163,24.25807338924644,13.919017153997295,35.231713027942476,5.532691275765983,6.329084309353004,14.177124718155333,0.0,24.25807338924644,4.679972196688488,7.667472042060047,-2.4677388778492393,1.1397387425380154,4.037843526510803,1710.769868018934
0.0,21.059538566063456,89.09744212065583,47.57781594705202,7.803877056161058,11.042412850692925,0.0,0.0,28.658587349969903,8.472120175996789,3.468466474406734,6.243710226513671,13.444496247859826,13.967128023799185,250.8355950391714,0.0,0.0,0.0,0.0,0.0,-10.382971917459322,-23.434077884358317,-19.47083784524708,-16.80798922688059,-27.208875848620796,-25.320981559466798,-25.320981559466798,-28.39851747186786,-28.898366274157173,-28.407291352612745,-29.130134256948097,-29.383338167933346,-30.954386990900403,175.4769632830712,75.35863175610021,65.92466518613418,51.541889336364314,36.95087019450924,-23.17277693452165,-63.235540687876714,27.97505601673545,16.05178112593186,41.27008420657172,6.025216209109854,7.5104898492134815,16.691965297555456,0.0,27.97505601673545,5.9153704412936685,9.452879351403748,-2.5567497347031205,1.2667796226998105,4.514248672395437,1986.8564573611197
0.0,20.10184165230927,85.87334054676191,45.632280180417006,7.240922134262169,10.443651836153089,0.0,0.0,26.015260690720314,8.160980222525161,3.1941107227844148,5.727095437098185,12.650874223882619,13.086619725851051,238.12697737276517,0.0,0.0,0.0,0.0,0.0,-9.866730883358239,-22.35755004140764,-18.46168580060897,-15.919418247616989,-25.640158441582926,-23.870738591713685,-23.870738591713685,-26.716233511135215,-27.20494836848365,-26.74832644330791,-27.422710090574018,-27.67079489039254,-29.124892044385437,166.7522542396187,71.37472313314647,63.09450501616098,48.74634140908989,34.8095661620586,-22.77883553060093,-60.372062526525305,25.865784196177888,14.841504028419303,38.57130463441764,5.571483166038144,6.968264137410937,15.587905494815477,0.0,25.865784196177888,5.783607779271433,8.908419754605442,-2.377372443253728,1.2411687003127527,4.1781999712456095,1886.1921195477814
0.0,16.709375345877845,72.30044813654162,39.892428089199015,5.745835083161633,8.890086216631625,0.0,0.0,23.822532118699467,6.974797265649096,2.8072874866398725,5.032427082391189,11.443291351406135,11.530871760143231,205.14937993634072,0.0,0.0,0.0,0.0,0.0,-8.485199704696239,-19.137928162537303,-15.975474643544242,-13.771745990076152,-22.358205405869,-20.81627428897191,-20.81627428897191,-23.36283305424304,-23.76815267064801,-23.349802042946052,-23.945860073451353,-24.180510251269634,-25.47491498816736,143.40374691053302,61.74563302580771,53.80981187978514,42.48114189455537,30.403417790314663,-18.49063625675648,-52.33266809470649,23.14842982702597,13.282315816280336,34.0705476382543,4.985402901342608,6.206382344639977,13.988676175640087,0.0,23.14842982702597,4.79668185094636,7.811531673660488,-2.178115414702736,1.1739552622487874,3.7193400864827435,1624.978186156138
0.0,18.742826423782034,81.19440539708812,39.8573485755992,6.332900442526747,9.078892165185794,0.0,0.0,24.72212441303306,7.318260890622774,2.9520538424213214,5.201722908035334,10.596662112152089,12.718450473946378,218.7156476443929,0.0,0.0,0.0,0.0,0.0,-9.078952957177664,-20.724677165100324,-16.898957808394737,-14.559426650083058,-23.35628477651205,-21.906122388245407,-21.906122388245407,-24.540199355677366,-24.9426383392035,-24.451770923383776,-24.965748623962007,-25.1836007983721,-26.75678918878096,153.43844781439353,65.27719982999936,58.82570191404078,44.35120718702968,31.518712289541035,-22.36870348304734,-55.557614778239845,23.943977524152018,13.738792382470841,34.905396898773894,5.5077232120247315,6.291637728978362,14.027143792585008,0.0,23.943977524152018,4.762591521019364,8.198053972570431,-2.55566936960341,1.0899148209430276,4.520396501375947,1732.4359279245016
0.0,20.98752270065475,87.21323540372813,44.00489043280392,7.403968845757334,10.167553542456254,0.0,0.0,27.556241993263747,8.221924637735036,3.290016008592295,5.582850988040317,11.969468485817982,13.557513193905097,239.95518623275487,0.0,0.0,0.0,0.0,0.0,-9.953585108637656,-22.567252050889284,-18.548356100013404,-15.99978687981532,-25.723132733958376,-24.097811383360344,-24.097811383360344,-27.017166661291657,-27.47477078602516,-26.935728019524788,-27.479528747193772,-27.7360081294256,-29.39441513316502,168.22013027949393,71.73505595326094,63.715042391532144,48.74529827232162,34.77226691498541,-23.49819301219599,-60.521710287297154,26.537180964742447,15.2267441498764,38.58164373519187,6.096507217528483,6.866017799286173,15.451565175920962,0.0,26.537180964742447,5.415433428798847,8.792249692556261,-2.8064912089361886,1.2831668112458559,4.765263501348835,1900.673272345526
0.0,18.419997161805966,79.84269895616478,37.787231063487475,6.261255456744383,8.798640778035205,0.0,0.0,24.9477942665348,7.1193018991878985,2.90269740272697,4.743391487177979,11.475614886506216,11.228480222020616,213.5271035803923,0.0,0.0,0.0,0.0,0.0,-8.866696050170093,-20.272878653554333,-16.47139715974847,-14.202271475794666,-22.82497321247461,-21.38804556566106,-21.38804556566106,-23.974505450580928,-24.367485941317298,-23.893333256969104,-24.3788366419156,-24.644856093253804,-25.97615969020117,149.8512092305238,63.67589434986848,57.615712498783836,43.130110648697695,30.685388921236328,-22.226986457380946,-53.88567285570658,23.51113430524381,13.49043167829202,34.21435495865385,5.371342606809846,6.074287281345507,13.970084292463289,0.0,23.51113430524381,4.650656695105021,7.403115021896013,-2.4686452040828772,1.3308957941675281,3.8253652001246037,1691.3377246322118
0.0,18.404034923335324,80.16101283634397,37.962777598163136,6.657710873594177,8.96313530771129,0.0,0.0,23.980055933575994,7.531267180106809,2.883583332489851,4.868923439325017,10.789945882095394,12.277243727586718,214.47969103432763,0.0,0.0,0.0,0.0,0.0,-8.904047784792015,-20.358790358928434,-16.544819512669555,-14.273940047971765,-22.916950157273167,-21.461155854294052,-21.461155854294052,-24.0474515741779,-24.471763033901357,-23.98970002672574,-24.4757402149874,-24.7205178157449,-26.209876225168603,150.48247058969096,63.997220444636675,57.86100204140226,43.334685389505104,30.882748235448293,-22.300010794941713,-53.92732046302043,23.509642031486685,13.489575427934021,34.294937343470366,5.393413119419693,6.093546216778995,13.84484269956039,0.0,23.509642031486685,5.021437393176967,7.997724132667743,-2.509829786929842,1.2246227774539777,4.279519594918975,1698.8831231780484
0.0,20.605087929510685,81.78062717014987,42.9749317044785,6.610261988266597,9.647747266489663,0.0,0.0,25.843435743016773,7.948152370643613,3.0174113663321918,5.753773018500821,12.922413535955327,13.012061402136517,230.1159034954806,0.0,0.0,0.0,0.0,0.0,-9.540351256143621,-21.476480791363628,-17.801386539589615,-15.362909081319444,-24.901386408314703,-23.155908007230565,-23.155908007230565,-25.97271609184791,-26.441240409112044,-25.979602873423616,-26.69896435392213,-26.95345780342207,-28.3814762993887,161.23628960864664,68.87961388683395,60.29261774622417,46.85251408487972,33.48606984803209,-21.488009423925703,-57.90732505984733,25.60501849484004,14.691879521482791,37.848096686752086,5.420897260477173,7.027004204712199,15.752447955073048,0.0,25.60501849484004,5.544666476498631,8.908795796807421,-2.403485894144982,1.2732311862113779,4.103265605329096,1822.7367959084306
0.0,21.162273824951132,92.41259450127761,44.4703369797587,6.790153779417389,9.99396409656759,0.0,0.0,26.291706327740968,8.520338508928148,3.113282526191043,5.899409035656142,12.406801344419822,13.296832113607982,244.35769303851652,0.0,0.0,0.0,0.0,0.0,-10.155922923998641,-23.29390323208163,-18.838725055776962,-16.219014099545017,-25.943475601671864,-24.278203326864332,-24.278203326864332,-27.139703922705582,-27.629177342820586,-27.105257698209446,-27.752147736422042,-27.986200027382814,-29.53310016980338,171.63973168833263,72.7179613501839,66.363490973799,49.24456744429627,34.869399445286255,-26.049103527478607,-62.21113645765721,26.011277118818732,14.924986275897407,38.58607055839555,5.84103618168717,7.070373068879945,15.680697211260846,0.0,26.011277118818732,5.792584853432021,8.851972213543153,-2.7277536554961275,1.170964033223803,4.444859900064829,1935.5453130311303
0.0,19.967487045561015,92.10615002285336,44.684019247612554,6.900162892032079,10.654964749675877,0.0,0.0,27.077001244062103,8.418411973603265,3.0990734679903005,5.630326691744034,13.008986179199365,14.31826127330913,245.8648447876431,0.0,0.0,0.0,0.0,0.0,-10.197439029067684,-23.38692792771321,-19.02866018904367,-16.39867519027052,-26.43715489105942,-24.6593064758219,-24.659306475821896,-27.62137322222814,-28.10539664215777,-27.58866608001956,-28.258553482006352,-28.556333910527478,-30.208872210654636,172.3413728083097,73.5234719793334,66.62367479237017,50.08632690548994,35.66388406488862,-25.48247523048319,-62.455117520141265,26.925431746261623,15.449518201273813,39.832075632048635,5.789397631775438,7.120122711961745,16.267590538635577,0.0,26.925431746261623,5.728087809818126,9.569860893655205,-2.6903241637851387,1.4897960202177112,4.7484003796539245,1947.4833881855263
0.0,17.73892038715175,82.57424983128564,42.44131904685233,6.113363650547534,9.406428929349026,0.0,0.0,23.69458742412336,7.343698105331241,3.045352434777665,4.879897805420424,11.395449899507803,12.502062023865252,221.13532953821203,0.0,0.0,0.0,0.0,0.0,-9.17097586224755,-21.029083475553016,-17.150851336796755,-14.752234204145795,-23.614737850168726,-22.080792245242623,-22.080792245242623,-24.674244805199244,-25.10385876657482,-24.669874831973875,-25.203842264378647,-25.470112769793882,-26.924570495467865,154.99367690125993,66.14165263695209,59.89850792193487,45.257914442769994,32.09833414940331,-22.67574190935077,-56.96074881621848,23.574698299760254,13.526904003025077,35.16587431958944,5.30486164809025,6.21204962358752,14.242534118562643,0.0,23.574698299760254,5.084188892018656,8.322825986643313,-2.259509213312585,1.3321518181670955,4.179236037221939,1751.60210964103
0.0,20.22207974489037,89.05949685907038,43.42976932917891,7.217229283943785,10.897365664634465,0.0,0.0,26.767143341687813,8.273279529395985,3.249901609162638,5.693016554703169,12.965475140363363,13.381747923542752,241.15650498057366,0.0,0.0,0.0,0.0,0.0,-9.9996676780807,-22.80909078736044,-18.643546167906965,-16.094021791956905,-26.034983903858397,-24.195509216652844,-24.195509216652844,-27.116183733640863,-27.613762801660993,-27.155720056824176,-27.83486063234229,-28.10329426349597,-29.58398118746328,168.99894673112556,72.1575582494481,64.70385972258279,49.02381176171884,35.04919550193353,-24.355637136487587,-60.54439268463693,26.549172956894985,15.233625023794266,39.44513178280093,5.634671457847053,7.035990494835602,15.87710416548381,0.0,26.549172956894985,5.888509680711571,9.127144958289872,-2.3847698486844147,1.342973940132433,4.2546029652528805,1910.1888592823798
0.0,18.155106961324396,81.6870547883795,39.0427222158014,6.5481620187498875,9.222445470485969,0.0,0.0,24.40176686886104,7.384042736061157,2.9350307514709413,5.011168153705987,11.673290724685161,13.112838660717411,219.1736293502429,0.0,0.0,0.0,0.0,0.0,-9.090269725789074,-20.798711080918014,-16.942916419841694,-14.618916581980129,-23.591517647647958,-22.01055046362795,-22.01055046362795,-24.676438093490834,-25.10043917105102,-24.645948058676417,-25.227587070580665,-25.504315892780482,-27.033696940036403,153.6297063679073,65.54392298233559,59.14250318295168,44.53633560601531,31.795760617615905,-22.54455160542782,-55.18878741062848,24.233139077019207,13.904710118395373,35.60273417057309,5.30130925605056,6.395642949582534,14.683336494454029,0.0,24.233139077019207,5.017764231481538,8.718318095072002,-2.3662785045796193,1.3844747958765469,4.39452056564541,1736.0635785754357
0.0,19.476075160542308,80.52019648131501,39.70801623439095,6.755450261224257,9.5326267696353,0.0,0.0,24.284485641819366,8.22904307262567,2.907450316487197,5.57492443807203,12.322907093994727,13.327480075337597,222.63865554544435,0.0,0.0,0.0,0.0,0.0,-9.22996419892491,-20.893290467819085,-17.198087812940216,-14.865180812656288,-24.164956474334506,-22.41721800362843,-22.41721800362843,-25.162801937626185,-25.6600159136234,-25.209639804389457,-25.909197182524707,-26.157763240235035,-27.62577438349378,155.99060670821208,66.64804883723228,58.91461468350838,45.191263691103146,32.408653173058305,-21.60558179780663,-55.40030872201204,24.957585074063765,14.320389306853839,36.900943027054275,5.252304324057059,6.818500872484281,15.297511060877637,0.0,24.957585074063765,5.884189065055809,9.109299674042441,-2.344854007569861,1.2435764344122502,4.218180401295156,1763.5098812813428
0.0,20.768613997257077,92.87257462988278,44.36997874626946,7.190104657267903,10.765857513154854,0.0,0.0,27.50363905932749,8.601493164228526,3.4452450683879072,5.60865182482784,13.40201139613581,14.426284991336573,248.95445504807623,0.0,0.0,0.0,0.0,0.0,-10.32781667352985,-23.629889960484988,-19.237804388172158,-16.596326229483218,-26.813788139492367,-24.979531258013758,-24.979531258013758,-28.00003323272337,-28.508654017132454,-28.01266929681224,-28.65383379191797,-28.970516682546894,-30.619500885464706,174.54481449264574,74.4096405554305,67.1923689799218,50.533051920612,36.05077959485489,-25.680205649960982,-62.728049363308926,27.456612805286913,15.754304082403559,40.54226612970854,6.0275573520355925,7.193016897015781,16.555834367502307,0.0,27.456612805286913,6.01918088058084,9.688096947782135,-2.5823122836476857,1.584365072187941,4.7381880435544375,1971.9560396675142
0.0,20.301340584872037,90.2321311454642,42.13792841417403,7.309411129384213,9.90013321604137,0.0,0.0,26.825333117800064,8.1086259189422,3.3476202066833642,5.521898204798956,13.047518044709953,13.26414150147534,239.9960814843457,0.0,0.0,0.0,0.0,0.0,-9.962359510932997,-22.82893207936653,-18.512204308687895,-15.975833242281043,-25.7215113795566,-24.00599594998472,-24.00599594998472,-26.89606872379432,-27.369069996826976,-26.886786506651276,-27.506366967245068,-27.797266798083662,-29.308407740690686,168.36842168215307,71.62765980219262,64.9925370936684,48.490499079825874,34.58404492378679,-25.23959405179579,-60.2320367230314,26.271000580034546,15.074012756852861,38.67025687356382,5.858597924055662,6.977270582418473,15.934255151048319,0.0,26.271000580034546,5.597648201569903,8.922032017517456,-2.510977717372297,1.4553723776195175,4.342109483957884,1900.9972016295094
0.0,22.085388476113067,92.99693147541376,48.01669673709473,7.237309910738303,11.059922238970035,0.0,0.0,29.14888887755193,8.79642539470571,3.369628216601858,5.77936540437503,13.455488005067101,14.042831683977397,255.98887642060896,0.0,0.0,0.0,0.0,0.0,-10.61715977540048,-24.086124414414428,-19.816950663334644,-17.074611180301616,-27.490821294658744,-25.706269874544883,-25.706269874544883,-28.804414511237866,-29.301274630713138,-28.74111707672142,-29.359188671902636,-29.663878828192715,-31.316994377219867,179.43484494508164,76.55403147552732,68.03538232567522,52.17667245879176,37.137401684501576,-24.961549149738545,-65.12323635794414,28.162391025297616,16.15927190460503,41.33088689134642,6.286052197399056,7.303730805065836,16.681181649911487,0.0,28.162391025297616,5.880001413908512,9.292772638442205,-2.9164239807971972,1.5243654006908063,4.750059045535192,2027.6753466726989
0.0,19.63537217773253,88.93003709190944,45.70781336726804,6.865794151865492,9.940189375717434,0.0,0.0,28.510782962937945,7.9742003452525,3.342281965274817,5.58549210263595,12.546568108602283,14.518687148324917,243.5572187975214,0.0,0.0,0.0,0.0,0.0,-10.089335374789602,-22.985598832999806,-18.917218725442137,-16.29147661172858,-26.2441954679885,-24.62114259308993,-24.62114259308993,-27.62175786030461,-28.049152345052033,-27.489022935454617,-28.056297162793577,-28.355774895371454,-30.151896658556712,170.51437172198078,73.04284707554062,65.14251380618371,50.067396498709925,35.6690892393546,-23.787523285725726,-62.354360335159285,27.27584098913444,15.650579191740933,39.491781827870476,6.258559414108128,7.083779738106696,16.209253299938215,0.0,27.27584098913444,5.057922896419188,9.357714321518245,-2.916277448833312,1.4982876354707457,5.160972826806672,1929.2047957914458
0.0,19.751240485124633,81.4858224338859,41.67307212951024,6.760358686332353,9.70420578119106,0.0,0.0,27.095049107726947,7.930137953310546,3.126392232637646,5.673269425729438,12.962591905906814,12.943680630606998,229.1058207719626,0.0,0.0,0.0,0.0,0.0,-9.488700704974082,-21.397553367378233,-17.749314567082916,-15.332315835412555,-24.957463685035393,-23.22959445669711,-23.22959445669711,-26.112559216913528,-26.568797356309375,-26.082693149365653,-26.750921809516754,-27.01828724889902,-28.478116532427826,160.36337172509857,68.74244904686404,60.15483488611466,46.85012399108912,33.60717236277014,-21.330987547771244,-57.397262685118996,26.206388148499396,15.036938850427218,38.19200003818283,5.657262264103878,7.0108992005057065,15.819632792382192,0.0,26.206388148499396,5.399267921844315,8.749009969355349,-2.5308700314662316,1.3376297747762687,4.194670661251649,1814.735980149498
0.0,17.933380699219242,77.72695494471924,39.13686217872966,5.89512515238588,8.710493553879427,0.0,0.0,25.383621926589907,7.284546065714092,2.7407208480255894,5.1252617051865155,10.773948992081214,12.237101566087999,212.9480176326187,0.0,0.0,0.0,0.0,0.0,-8.82932809201942,-20.076805539920272,-16.50007138078974,-14.213969833782974,-22.911681149634067,-21.515332986232245,-21.515332986232245,-24.153669487832904,-24.53597480923045,-24.00581882841036,-24.51343615538211,-24.74054800547311,-26.272302548005474,149.21967368631772,63.728343946300996,56.814049845435314,43.50466928749048,30.967573854172723,-20.912905099283925,-54.28880425093246,23.98269704209308,13.761009218316305,34.51198839715535,5.500943583591213,6.2615027002386245,14.039048559446089,0.0,23.98269704209308,4.524323330148468,7.835761003671014,-2.7602227355656233,1.136240995052109,4.401340562416984,1686.7508132151086
0.0,19.824459706586435,85.04020678467153,42.598368981679805,6.775449239270649,10.28311900016907,0.0,0.0,25.096789188275345,7.607990687171051,3.114043166931503,5.410177355589481,11.919005534911848,12.294995823499198,229.9646054687559,0.0,0.0,0.0,0.0,0.0,-9.544479749270792,-21.757101784137472,-17.763388692641424,-15.313601306347946,-24.609596027193373,-22.92434621822365,-22.92434621822365,-25.63932774743798,-26.095025206584726,-25.66956684924434,-26.291554872512204,-26.524385948044756,-27.897141816848006,161.3060630263781,68.65854244237781,61.68925612399183,46.61359427955213,33.17875291624773,-23.350950660679693,-58.17590563508617,24.679406683159076,14.160773589119627,36.8859404842688,5.3291645150878235,6.575031645826327,14.698625323185576,0.0,24.679406683159076,5.39286933901473,8.350521744988624,-2.2151213481563206,1.1648542902368453,3.9444740785105736,1821.5383716523475
0.0,18.128039270832208,81.91124002356618,41.04577952327759,6.363583102201432,9.144778722763665,0.0,0.0,26.39896671846278,7.812173503914976,2.8468435975783772,5.143783490873532,11.82511431288262,13.127236172866546,223.74753843921988,0.0,0.0,0.0,0.0,0.0,-9.269693666014692,-21.12736583938014,-17.362152083298334,-14.962746710040696,-24.157371537792763,-22.652665162182164,-22.652665162182167,-25.43580089194503,-25.852042221331907,-25.29768198703067,-25.834976828014327,-26.117653010337104,-27.731404415760064,156.66205283107473,67.08548560814515,59.896308397057346,45.896429317625,32.74127584556019,-22.014931626508833,-56.97946742478359,25.298934003843872,14.516251588778262,36.483710926720356,5.733084209340941,6.558012940157006,15.047835054458748,0.0,25.298934003843872,4.925932892152412,8.490285982006942,-2.886240611762564,1.4142294492834742,4.636950190859604,1772.2932883476772
0.0,17.333981712159705,81.95509585345724,39.8870707119181,6.264270069966084,8.960981967333414,0.0,0.0,26.38955225244073,7.698351813634311,2.9758542150743215,4.924551760070919,11.524750319206035,12.468257964928107,220.38271864018898,0.0,0.0,0.0,0.0,0.0,-9.13166348190281,-20.927490929093338,-17.10134769031264,-14.73255901347796,-23.74177894633317,-22.309354807891502,-22.309354807891502,-25.04908732034775,-25.45684796225146,-24.905072706808443,-25.362296194001154,-25.644186035154426,-27.206487926232494,154.32927973471033,66.05343890547866,59.58391396267377,45.200114612124715,32.21126944775219,-22.37118189078347,-56.25240267952219,24.90439516822332,14.289869520721902,35.74803560374261,5.84863630203751,6.33484714306705,14.60357019130464,0.0,24.90439516822332,4.825569726671122,7.979142709833373,-2.8727820869631886,1.4102953829961304,4.489115255094734,1745.6407155957236
0.0,21.34140198251772,91.24513659443853,45.60591491902502,7.4183140611112774,10.68778585704776,0.0,0.0,29.175867765913953,8.980103588408918,3.611873873384737,6.369369906097303,13.538793004446923,15.285157446518104,253.25971899891027,0.0,0.0,0.0,0.0,0.0,-10.490069022516195,-23.76134122047726,-19.620986736276425,-16.94496567748564,-27.562268331734213,-25.669555917776524,-25.669555917776524,-28.8514758472755,-29.37399520216029,-28.836882475079236,-29.541709515850318,-29.81525833164039,-31.59870234636275,177.28695322826087,75.97276577064939,67.03678435096761,51.78605781397589,37.12270908079966,-24.208352243470927,-63.548350956798494,28.923915366775525,16.59622624150288,42.12880983353929,6.408316457239883,7.737935124178524,17.294772395073128,0.0,28.923915366775525,6.1836610045537705,10.160612837810682,-2.796442583855147,1.368565218081221,5.1245446087074225,2006.0578244641372
0.0,18.64450851271436,81.84943018449053,42.82259896339428,6.815974225327351,9.633607070060929,0.0,0.0,24.822837868990746,7.9782191618065665,3.1428661520864405,5.481952236894063,12.20355120599071,13.646991757639787,227.04253733939575,0.0,0.0,0.0,0.0,0.0,-9.400686114608122,-21.322619395616115,-17.62349335374288,-15.20389014095227,-24.595750711057434,-22.89121933359501,-22.89121933359501,-25.662367645777167,-26.138253242741307,-25.68757309790593,-26.333437340605606,-26.595465579354375,-28.14690975523884,158.87588498577188,68.16665235362387,60.220908627610235,46.63570348874069,33.374764356706606,-21.628521556880294,-57.45911215365968,25.18996738643904,14.453727735686808,37.2663303313434,5.48930310129964,6.792879987288119,15.350540172694709,0.0,25.18996738643904,5.631782212593366,9.18907504054173,-2.3464369492132002,1.3109277503940557,4.4579167170980565,1798.392813181024
0.0,21.73112279074784,93.288764266683,45.27010397972612,7.075434893969962,10.7168706355549,0.0,0.0,29.895454700529424,8.532304944354353,3.293375015088446,6.251019565275417,12.679385854136354,14.54625042888751,253.28008707495334,0.0,0.0,0.0,0.0,0.0,-10.508888656544583,-23.933833099137996,-19.57671731157538,-16.878568380945715,-27.251315497780315,-25.523780758538088,-25.523780758538088,-28.652302419786967,-29.112583790754094,-28.520011706975467,-29.16528040640005,-29.411324469314295,-31.19756815153018,177.60501363097148,75.67507344398186,67.81302441073599,51.42824781664471,36.63261861284295,-25.475739855947012,-64.07382879671488,28.43852069129067,16.317712086395755,41.15842836613998,6.37856314326374,7.481978455180549,16.581016132140793,0.0,28.43852069129067,5.447116816179058,9.413661260977939,-3.085188128175295,1.230958889905132,5.13258916790957,2006.2191589964386
0.0,20.188924130197265,83.35107463303876,42.15627391347113,6.739498116386227,10.469608728171194,0.0,0.0,27.730151611828347,8.624110278645158,3.081349674144392,5.648848389280967,12.759643346531242,13.431737876805679,234.18122069850037,0.0,0.0,0.0,0.0,0.0,-9.699134337086715,-21.876178979984303,-18.140622183474022,-15.671108135477064,-25.55607354069493,-23.790875725151274,-23.79087572515127,-26.763257095273286,-27.256865140177695,-26.72241212729902,-27.350747829154717,-27.623944808607146,-29.183385946046965,163.91979613126102,70.26142456723935,61.50954509722469,47.87595194185179,34.34537496198729,-21.841529535814075,-58.644361149298426,27.019192529061073,15.503317112803874,39.222940263542036,5.863944628477042,7.015653369531254,15.873733537362547,0.0,27.019192529061073,5.841515324312508,8.950842705724085,-2.7825949543326507,1.3668049802502873,4.480895171081594,1854.937974273007
0.0,21.056075306857718,94.08279542296465,47.319834790906015,7.351292147898988,10.99822564382141,0.0,0.0,28.189622384722018,8.351602869186772,3.426976308336194,5.884113219103592,12.755129655199799,14.901433077771273,254.31710082676844,0.0,0.0,0.0,0.0,0.0,-10.54687315649163,-24.086966468063803,-19.693526801738972,-16.966682199771487,-27.27038943171809,-25.48995956208906,-25.48995956208906,-28.539240204620203,-29.015171564192876,-28.492879629902525,-29.13396873750453,-29.41398068748743,-31.189146624808988,178.2469690128719,76.07013181389655,68.39467248356907,51.87530424936106,36.92091697308407,-25.688122939395583,-64.75527432836584,27.71821327634891,15.904407571076318,40.88448231071583,6.146255395597877,7.285013509192137,16.454987762104405,0.0,27.71821327634891,5.632323781925089,9.800674680778123,-2.7192790872616834,1.4009002900885443,5.10075839699315,2014.4332941108921
0.0,19.14167272228794,80.65550560116726,44.31921118162501,6.997610046646374,9.897021573540306,0.0,0.0,27.321507534016817,8.06351206405238,3.1211438699147176,5.758402502036198,11.820806936236464,12.852325074048355,229.94871910557185,0.0,0.0,0.0,0.0,0.0,-9.512654832528854,-21.407735501480804,-17.889607905364965,-15.43002132828197,-24.95779234813278,-23.341422647580256,-23.341422647580256,-26.209412987055696,-26.657578471580564,-26.127507811363376,-26.713019400560963,-26.93349616559539,-28.481649671195427,160.76820741133776,69.18051169423408,60.08526882331637,47.50994256372568,34.031323302007785,-20.570236777850894,-58.40861023706942,26.07026942528353,14.958835416035692,37.80561471252602,5.880922389294069,6.8614481545998345,15.16622259509181,0.0,26.07026942528353,5.30373354467303,8.403863762629369,-2.759778519379351,1.1030456525636367,4.448461311418987,1821.4125365479983
0.0,20.882191191935068,85.07811457967071,41.66173686717357,6.834765907787338,10.25890815440095,0.0,0.0,28.47209361687561,8.194992520710747,3.152987714094026,5.523252281013183,11.838087829324692,14.210251242311625,236.10738190529756,0.0,0.0,0.0,0.0,0.0,-9.7911684532274,-22.13407087033017,-18.246426076957878,-15.7537985756242,-25.55631708494413,-23.927542600841626,-23.927542600841626,-26.916159800499486,-27.355353427390185,-26.7796361241964,-27.3171170478637,-27.5889500949185,-29.37259617422444,165.4752146903397,70.63216721495786,62.34733756176571,47.954047321520406,34.29163861511848,-22.730777017904998,-59.193243916734176,27.166777562565752,15.587999790610247,38.895796005554836,6.150422520121961,6.883233505021577,15.603231826010349,0.0,27.166777562565752,5.197557714682811,9.085126021617572,-2.997434806027935,1.3599812240083944,5.125125220694052,1870.1950028101485
0.0,19.252912263965776,86.14331572255247,42.67138890495911,6.941284330898636,9.572059479100735,0.0,0.0,26.944712282701484,8.495641184846885,3.0227636957026918,5.467095462042029,12.267236864137285,13.509490332237782,234.2879005231449,0.0,0.0,0.0,0.0,0.0,-9.710529013910332,-22.14443185345616,-18.15322268215036,-15.651950022515601,-25.230061990960657,-23.637529770669953,-23.637529770669953,-26.522613085551555,-26.99005240570903,-26.42079247579284,-26.983701661917483,-27.261164559867822,-28.901171960331872,164.11237136911157,70.17552915403336,62.80700530153978,47.882790768148986,34.16966303545703,-23.33631042101269,-59.39854333020086,26.225645985652214,15.047988786725863,38.00536452839082,5.986578606496634,6.8552428402205905,15.591483602572858,0.0,26.225645985652214,5.531826274052943,8.797096215623645,-2.9638149107939427,1.3881473781785614,4.712394116614137,1855.782979936705
0.0,17.8559977353683,75.5230601825401,39.589051877036994,6.120391560933196,9.659833850338902,0.0,0.0,24.906413734569302,7.637144137483942,3.066839662906808,5.165155228688399,11.11855521958137,12.95331180711239,213.59575499655972,0.0,0.0,0.0,0.0,0.0,-8.838640984295846,-19.927474401609448,-16.590616806997673,-14.323336434971033,-23.345510800433996,-21.73398614809746,-21.73398614809746,-24.439715208992578,-24.88431175262997,-24.428021314077554,-24.973300247262973,-25.212780481128352,-26.74873454592442,149.37706581537682,64.2186891811829,56.012695950465165,43.965380119679146,31.542992009864204,-19.51036423207494,-53.8418516273246,24.59530098077557,14.112514657116233,35.79943800278931,5.442486242551808,6.36327527004018,14.333842639858421,0.0,24.59530098077557,5.2614975578389425,8.539904345483556,-2.3756465796449993,1.198120041351781,4.413407461628834,1691.8815091357546
0.0,19.58248039788462,89.59131012967755,47.096970869015536,7.099324810576136,10.350177636313548,0.0,0.0,27.66414335885125,8.586525649216087,3.1589318724924147,6.029528419924388,13.09505109475708,14.201976941721945,246.45642118043048,0.0,0.0,0.0,0.0,0.0,-10.203471427667953,-23.230003399895732,-19.161067179814232,-16.507881396458743,-26.630250910591318,-24.864322610080436,-24.864322610080432,-27.86458623806238,-28.353499814315395,-27.8155950706328,-28.513074727452207,-28.77905800071672,-30.425432772137345,172.44332309731203,74.01309808311846,65.80053529437674,50.80306120772617,36.25724619732452,-23.79077483530081,-63.00607417134857,27.272644559421394,15.648745115337027,40.16494529851828,5.959498039424251,7.360243215124065,16.49502640765642,0.0,27.272644559421394,5.785959482284251,9.47128683362293,-2.8005661669318362,1.3307147951996772,4.730690108099015,1952.1692358055518
0.0,17.6675573152756,80.43157353663176,41.54602893133333,6.756550199560001,9.906415999122697,0.0,0.0,24.14837717062212,8.043010509152579,3.1613697410702155,5.025605931343646,11.857874565265421,12.07172706305297,220.61609096243035,0.0,0.0,0.0,0.0,0.0,-9.134383142189767,-20.80281879377998,-17.12718741277299,-14.774358677220986,-23.858904208331115,-22.198755777802006,-22.198755777802006,-24.866713102959057,-25.35820595086976,-24.930556890402947,-25.477672401679925,-25.737996891956133,-27.084531392046333,154.3752432345744,66.24084772785592,58.940423557055134,45.33124019160176,32.436022170641934,-21.491149979576626,-55.87339671222998,24.251952778447862,13.915505214473848,36.046922986707926,5.387896842995597,6.328009825060832,14.424600319528803,0.0,24.251952778447862,5.816483407227197,8.2025974150724,-2.226527101925382,1.3024038937171856,3.8691296479805697,1747.4892463249535
0.0,17.500866053571464,76.57779083563734,40.556240685712815,6.247870791319398,8.993499070172001,0.0,0.0,22.333559340558338,7.678037884607053,2.672167425174306,5.101441414400318,10.569105025309334,11.444409270019003,209.6749877964814,0.0,0.0,0.0,0.0,0.0,-8.692559946704835,-19.777020348552682,-16.255994240174957,-13.999497743345287,-22.43052826122661,-20.95164708593175,-20.95164708593175,-23.421849694776935,-23.873620909050622,-23.4257841622056,-23.982203206128176,-24.17494564118062,-25.4925386864798,146.90822962151148,62.7667581749699,55.99060666690831,42.896065639009315,30.52069126202239,-20.58718416872903,-53.58576340132199,22.454346048951777,12.884058136937643,33.453815244350935,5.003800407134151,6.06573216411231,13.390783602932474,0.0,22.454346048951777,5.346404902647207,7.658439942683871,-2.331632981959846,0.9642907497119921,3.785969327335132,1660.825304261527
0.0,20.47373554163843,86.39926443501219,42.28153780046383,7.13670835591952,10.85654961207601,0.0,0.0,27.238889716354098,7.955376572576805,3.364001261703114,5.8665440956863595,12.661575824579351,13.62463074632156,237.85881396233125,0.0,0.0,0.0,0.0,0.0,-9.859531134936208,-22.360788100285152,-18.38399251458091,-15.886746372222722,-25.829358689414658,-23.9802155053129,-23.9802155053129,-26.924173477818755,-27.401277364868204,-26.957753791136547,-27.644881294297143,-27.890855320792667,-29.419996795009535,166.63057520595248,71.22823875637877,63.14722920315672,48.34653686277621,34.66307359838115,-23.252035231855466,-59.302924302022966,26.760821493553873,15.35506663892597,39.45167969681746,5.673177987540888,7.097152593262518,15.824799503938042,0.0,26.760821493553873,5.646199846739031,9.230798569386714,-2.309176725837774,1.2306084975761582,4.393832176934847,1884.0680103137415
0.0,18.24733119241735,81.76704754656996,40.56155112367823,6.5653563923404406,9.46711847427568,0.0,0.0,24.76623879189418,7.613379789619173,2.8261481493800966,5.172722010427238,11.374869161201005,11.978199037574072,220.3399616693774,0.0,0.0,0.0,0.0,0.0,-9.138487712180988,-20.887050548057086,-17.05223642606866,-14.697298714336933,-23.612695504527558,-22.078024271360995,-22.078024271360995,-24.72189822344884,-25.153670039013534,-24.672793184188375,-25.234418052088643,-25.467645398131133,-26.87059724190114,154.44461234039187,65.89534932898553,59.34516763083339,44.88287609963516,31.96923741750601,-22.421879915736568,-55.92347926221155,24.033032925078125,13.789891397353701,35.37575109193962,5.329802311014704,6.339558842739084,14.239271463910153,0.0,24.033032925078125,5.109725627984566,7.946959902553076,-2.503654161634607,1.166836832311846,4.0312391350209955,1745.3020397250166
0.0,21.668049979872702,95.56222090648892,47.342642619421056,7.30184424345936,11.253131842846726,0.0,0.0,28.15563758495753,8.60883859778914,3.354123891252411,5.958250777707382,12.733290955340404,14.570278808356042,256.5083102074916,0.0,0.0,0.0,0.0,0.0,-10.646322401386929,-24.34138132510566,-19.828793220235106,-17.080537821585125,-27.418097099469712,-25.62417976806731,-25.62417976806731,-28.672910038376315,-29.166634424887924,-28.63537909028967,-29.282777140050133,-29.548830546241934,-31.272942942094204,179.92770663151813,76.58060357597348,69.1774456923712,52.078441576951995,37.00376938232228,-26.384775214117724,-65.26372354903778,27.713210347323084,15.901536945127862,41.01880516579869,6.120070340975185,7.289316448068572,16.356286533908204,0.0,27.713210347323084,5.842892148066366,9.616217559427053,-2.7659464497227733,1.3310656703611903,4.954061248928989,2031.7897562463406
0.0,21.463798622568156,92.2278406165254,48.98067798272293,7.260419723283516,11.103180365520934,0.0,0.0,29.446082860862703,8.976488021003696,3.6000617333973715,6.079095806095801,13.996325035453534,14.090262483583606,257.22423325101767,0.0,0.0,0.0,0.0,0.0,-10.653234475957959,-24.11516755000236,-19.97145670751943,-17.21416238573231,-27.842707823569622,-25.96660068388113,-25.96660068388113,-29.120415664942485,-29.644309970646542,-29.1110169732166,-29.77753526228177,-30.07424461702978,-31.68147133414869,180.04452384583334,77.17970940518431,67.99986398971762,52.84835657646024,37.73250465708735,-24.227976626807774,-65.47837382538877,28.668439060643166,16.449636731675092,42.17342051359939,6.376617142518727,7.5635332422975985,17.13008976326213,0.0,28.668439060643166,6.199932611882341,9.472060319573211,-2.7765554091213556,1.4844374362017971,4.618202164010395,2037.4605475938815
0.0,20.341134373164472,89.6313530418952,47.18337470080871,7.581228731019927,10.500351610996313,0.0,0.0,28.39770672466407,8.466224679600629,3.3248655487809837,5.76857064845948,12.76156695564879,14.673952798968882,248.63032981400744,0.0,0.0,0.0,0.0,0.0,-10.294968563700909,-23.356561930246446,-19.311067367737227,-16.647853557257026,-26.817176128954536,-25.096785736392384,-25.096785736392384,-28.140429948977285,-28.61104765808999,-28.054662290852807,-28.664374562513924,-28.95468178408569,-30.729275114813344,173.98966644753943,74.64066336646802,65.97763987748414,51.13486163813701,36.53603055875382,-23.65371316441106,-63.24421302493945,27.666977661893462,15.875009135963282,40.3512521692624,6.221649883852519,7.2209782008498,16.40827247356377,0.0,27.666977661893462,5.569440344529093,9.574839728663582,-2.896784335071535,1.4524075523903193,5.0991130703053,1969.388659570592
0.0,18.65865194397687,86.94493015329289,42.65973928430519,6.983866531343996,9.388818830209285,0.0,0.0,24.5353726140789,7.420054359724962,3.118763107007732,5.418103519560517,11.678993384189175,13.007642600048953,229.81493632773848,0.0,0.0,0.0,0.0,0.0,-9.537193476123571,-21.934316584592093,-17.774232596958562,-15.307684545833006,-24.446144107466473,-22.864329277970207,-22.864329277970207,-25.542033638519605,-25.97308211325823,-25.527693107214834,-26.137935120940547,-26.37686438919745,-27.88632553349766,161.18292168537386,68.63201464236462,62.621220934831044,46.71641969620571,33.18662911036022,-24.323709218461843,-58.57392664748414,24.340554136436705,13.966343704486038,36.260850573896775,5.437652085210461,6.61346707898079,14.820912579496245,0.0,24.340554136436705,5.101165381522234,8.670359845321615,-2.318888978202728,1.1953635594202732,4.3372827547273385,1820.3528497201364
0.0,16.394172663048693,74.10040318597235,36.84421843481501,5.798296440840919,9.506149706980734,0.0,0.0,23.146517080155366,7.131654326296575,2.7187430294340604,4.653006131454127,10.408425575174082,12.40935664474779,203.11094321891972,0.0,0.0,0.0,0.0,0.0,-8.410647404792185,-19.15113330006576,-15.756648766862597,-13.598116302253127,-22.102053107188958,-20.570873577812165,-20.570873577812165,-23.103452343365728,-23.51711467526021,-23.087599652322915,-23.60467048646928,-23.848714489177976,-25.317545563748837,142.14377902302155,60.967164195898164,54.25309842538554,41.66289338742293,29.83361454716437,-19.847304760586816,-51.25937935429757,23.021350473171225,13.209399073147418,33.74310294792409,4.954985143961567,5.873958716548707,13.408009380433086,0.0,23.021350473171225,4.895412211769068,8.18882025439421,-2.2362421145275064,1.2209525850945795,4.22053639035358,1608.8318288008452
0.0,21.490738222519212,92.61486832155771,49.13396133421492,7.1663227754451295,10.793706491022968,0.0,0.0,30.529997648745393,8.637576875939343,3.5808305607593858,6.214228530220417,12.934747605803242,14.536394861008263,257.633373227236,0.0,0.0,0.0,0.0,0.0,-10.673154936959289,-24.180326627166025,-20.009504926174948,-17.230327230997844,-27.764441151343156,-26.045931690341973,-26.04593169034197,-29.221463960454887,-29.689262340671274,-29.093556972454714,-29.689964525326026,-29.952393716306037,-31.752947382823322,180.38118872670762,77.25218450052836,68.22837647222673,52.95116826914507,37.710905762816616,-24.38649184933098,-65.99804548033966,28.865851014570687,16.562909551368158,41.79872200756016,6.6823319311793385,7.527162245349562,16.795521340008293,0.0,28.865851014570687,5.536075505519391,9.36268741167407,-3.1015013704199523,1.3129337151291445,5.173707449334193,2040.7013252976483
0.0,20.256058054399777,80.42099106528744,43.76341555979438,6.604826368213882,10.177707279500083,0.0,0.0,27.107491206384243,8.244480475456662,3.227977018061015,5.133751229407365,12.215365447060405,12.659569953301025,229.81163365686626,0.0,0.0,0.0,0.0,0.0,-9.518687876674397,-21.35625051459114,-17.82854103260157,-15.376704363975032,-24.903580524136064,-23.2717418795781,-23.2717418795781,-26.135200779615825,-26.603271262431164,-26.08368641389294,-26.58516418715565,-26.87295416391047,-28.38408420826857,160.8701686103498,68.94146504651646,59.79472969599802,47.12938495875212,33.689995901199886,-20.626261369289416,-58.22457061568605,26.029078265955107,14.935200379399209,37.80206396381649,5.933161838898302,6.573565001444765,15.117629843973338,0.0,26.029078265955107,5.539295654619375,8.317491784350695,-2.705184820837287,1.4398137720373994,4.34207816895033,1820.3266894259884
0.0,21.6607187753182,92.65558273709789,47.57496388039585,7.926675319633328,10.716750186016217,0.0,0.0,28.22064233913427,8.632841761315483,3.633903960516535,6.290875792227451,13.959474657978188,15.53301519673294,256.80544460636634,0.0,0.0,0.0,0.0,0.0,-10.63835496922858,-24.106405366676547,-19.8948226598567,-17.17684373636203,-27.798083693604973,-25.8534248998263,-25.8534248998263,-28.988016676887586,-29.504829009088013,-29.02144269726713,-29.78457204558769,-30.079316648162777,-31.828711819806422,179.7930533924046,77.01239121396176,68.03076424431971,52.498115305286525,37.60345506748015,-24.624818492778175,-64.54473814995654,28.49369854614385,16.349372535925212,42.144432811852006,6.15062344727075,7.765483569769426,17.511575608795617,0.0,28.49369854614385,6.116122274561267,10.506306468373534,-2.5167194867542158,1.4746077775419746,5.026708728359406,2034.1433432602419
0.0,21.22841406264737,95.10864363025377,47.37478312150715,7.482678410543198,10.95925734793579,0.0,0.0,28.286658475316102,8.909081812527251,3.4932491056359245,6.098491404675037,13.010418648572658,15.152571906181882,257.10424792579613,0.0,0.0,0.0,0.0,0.0,-10.66096162756651,-24.348608347048074,-19.907192021323137,-17.15827353253546,-27.625578014690063,-25.80374498282243,-25.80374498282243,-28.905695017704492,-29.420701957466747,-28.880154529949277,-29.537823599016203,-29.81301157743563,-31.608058573463985,180.17511623401234,76.92913169178381,69.14000464454986,52.440054411051655,37.366643115763445,-25.968638985703905,-65.27947016831338,28.19698240961789,16.17912006253615,41.5336262286906,6.307574234586173,7.475257356343146,16.79153728982549,0.0,28.19698240961789,6.094756683577003,9.994687313260936,-2.814325128950248,1.3767659516681094,5.157884592920945,2036.5101497120827
0.0,20.747046163257007,94.07030129021074,46.70017855691278,7.195057821018642,11.0890886739111,0.0,0.0,29.326080086517404,8.83451414967386,3.3929688051859372,5.696912632327368,12.78092510390714,14.34142639193919,254.17449967486112,0.0,0.0,0.0,0.0,0.0,-10.537975836299642,-24.083536139869707,-19.696956382102638,-16.968414689578843,-27.31870368593589,-25.5957014725203,-25.5957014725203,-28.69880470222978,-29.187316690862392,-28.6008679801069,-29.154229375840366,-29.449738973078286,-31.20936759819041,178.09660024167047,76.07789943319065,68.42228773839487,51.945216344163995,36.98204999585463,-25.648013551815865,-64.7955756951744,28.207465045991118,16.185134884618545,41.069315912852346,6.446275988793406,7.175347679545268,16.358603570602572,0.0,28.207465045991118,5.7812069660663905,9.28531287802586,-3.053307183607469,1.4784350472179,5.056113513913331,2013.3037573740908
0.0,18.667654237399212,78.91211536112976,38.69583103842005,6.5247041245903885,9.379466625425584,0.0,0.0,25.587490506562638,8.127334819480712,2.892157467937735,5.221933837682757,11.043431697541017,12.984723747636782,218.0368434638067,0.0,0.0,0.0,0.0,0.0,-9.0364356159651,-20.48035300693872,-16.870629016882383,-14.568294338436225,-23.623924508465652,-22.09326392860794,-22.09326392860794,-24.840691561732115,-25.29139149052878,-24.754823230496413,-25.266327466611408,-25.505877222360017,-27.10732296261997,152.71988534671456,65.31695811709211,57.80632111417696,44.43167763678132,31.81423235835705,-21.105794246952804,-54.67429775459886,24.974344451633296,14.330005654374002,35.93218859625994,5.685765319410512,6.420401697141461,14.44655495428238,0.0,24.974344451633296,5.3337269680079356,8.383132631436714,-2.7936078514727765,1.1984678594587042,4.601591116200067,1727.059153271483
0.0,18.830307329674202,82.81661274914292,43.81716115291627,6.434532217231338,9.287891165178301,0.0,0.0,27.024519042363796,7.980426612555322,3.1781247915072437,5.3069199805409895,12.17707477446436,13.683023016899623,230.53659283247435,0.0,0.0,0.0,0.0,0.0,-9.545422946383432,-21.639330386572592,-17.923358815696673,-15.437622007397325,-24.922906764836558,-23.3714321108803,-23.3714321108803,-26.23745421877601,-26.67067759165606,-26.12260146909464,-26.65521972101559,-26.94803462747217,-28.63018870915469,161.32200348797417,69.2145893445002,61.08959660650176,47.51551650018852,33.88658305160968,-21.727016142641162,-59.02960836616835,26.052378037412133,14.948569533387273,37.637031812710234,6.0316475829968965,6.771873484926449,15.545619579608587,0.0,26.052378037412133,5.126903821065669,8.849524707369937,-2.8535227914896524,1.4649535043854591,4.833498309529686,1826.0690555329804
0.0,20.361236931103523,89.21748842496206,44.93638765727075,7.181339081678379,10.64973144747092,0.0,0.0,28.404880616312948,8.835924710569095,3.249346894025778,5.666937563856043,12.655038784578352,14.483322753200348,245.6416348650282,0.0,0.0,0.0,0.0,0.0,-10.176604624445094,-23.120740883315985,-19.04455618559632,-16.427425274329455,-26.576325033479513,-24.84794454351407,-24.84794454351407,-27.90088425877101,-28.394288293902168,-27.818688365247784,-28.400156262030148,-28.692519677989193,-30.45083410540089,171.9892618631924,73.65237300183578,65.3843322668631,50.29464360907002,35.94904905615574,-23.83315615809896,-62.14986728251879,27.751474550104007,15.92349252611509,40.27021569379437,6.246170597125582,7.129632260469236,16.24468138872863,0.0,27.751474550104007,5.83910100746929,9.430985452436877,-2.996823703099805,1.4626946966131937,5.052337300763471,1945.71535332578
0.0,18.265168657957137,80.39175749389388,42.760494442063624,6.192256671131316,9.83720957021508,0.0,0.0,26.746461000649962,7.338583673335661,2.9006697005390203,5.502209335664814,11.59968947287442,12.96066762737657,224.49516764570149,0.0,0.0,0.0,0.0,0.0,-9.292607664911188,-21.050792266193433,-17.459506425702717,-15.043124118657015,-24.35343095877444,-22.76697121632436,-22.766971216324364,-25.559024590541494,-25.95720653844923,-25.452759408224534,-26.060756271767858,-26.295012367894913,-27.852952000474268,157.04930986836553,67.44585777733597,59.39376976957231,46.318618198681534,33.07175324215452,-20.99798772432157,-57.38262424710763,25.379996129598528,14.562764149805417,36.94273010125159,5.527040972599712,6.674193006502545,14.904286551934252,0.0,25.379996129598528,4.71221240127497,8.484086877479006,-2.626371272060691,1.1719836708377311,4.476580749897563,1778.2152226583867
0.0,18.484173052373176,82.62023794680749,42.235768873546824,6.504948645270375,9.101351506886616,0.0,0.0,23.806695721427708,7.86273408975231,2.833311952734039,4.9163782973262995,10.769099561791784,12.960164904018463,222.09486455193507,0.0,0.0,0.0,0.0,0.0,-9.216175709280163,-21.078908323603905,-17.196806462666686,-14.795869074743072,-23.59283537096905,-22.158944424073056,-22.158944424073056,-24.769334616949457,-25.206725620161663,-24.690727798181623,-25.175458925377296,-25.429373817895897,-27.029978907260126,155.75757494135817,66.3372896105769,59.921870052653134,45.26219801149344,32.08933382483844,-22.69836789415436,-57.015848680209295,23.72866278407788,13.615247139923717,34.905826109935624,5.519821152401053,6.186714961918019,14.097938488729932,0.0,23.72866278407788,5.1762248900852965,8.360989312488595,-2.6865091996670136,1.2703366645917198,4.5991755915298675,1759.2025394675145
0.0,20.156035729696757,83.3921411227021,44.79645328153544,7.123942133107887,9.997344615804002,0.0,0.0,28.290982467306836,8.3332845917776,3.3418512419712756,5.439362721812959,12.683916141183348,13.975397141514149,237.5307111884124,0.0,0.0,0.0,0.0,0.0,-9.830254354157152,-22.109000016104055,-18.45428103771817,-15.923924504024402,-25.809922904562864,-24.146070547914768,-24.146070547914768,-27.140302395737677,-27.60101711024269,-27.047655863137567,-27.59299498358779,-27.898998442355815,-29.59856279738202,166.13578425143066,71.39492693698172,62.02326444383941,48.9112221163851,35.045261961509375,-21.36887667886269,-60.0892076393676,27.2178151788284,15.617284616526135,39.22703912601564,6.222890691677737,6.970298577166357,16.036505241367543,0.0,27.2178151788284,5.452245142071138,9.091872185976552,-2.8810394497064618,1.5309358553533983,4.883524955537597,1881.4691243185662
0.0,22.433348296186743,91.99444721131061,45.4244684477361,7.6334539897498725,11.31381367065462,0.0,0.0,29.136458195473203,8.716049356401621,3.429921626770888,6.110692155741398,13.658657792866736,14.310756016442129,254.16206675933392,0.0,0.0,0.0,0.0,0.0,-10.54043832187045,-23.857176986872844,-19.627947242404325,-16.956359367467023,-27.502357402971956,-25.58487527234431,-25.584875272344313,-28.718586311813024,-29.22929642813132,-28.716057988498818,-29.42494932328044,-29.705782840728794,-31.327782097733134,178.13821737147964,76.0238493878543,67.26644776987624,51.539864567456185,36.89855673796049,-24.727999441434378,-63.44307468385899,28.485692568573004,16.344778793571688,41.84587745220591,6.102064281180782,7.51570274933928,16.914296751031234,0.0,28.485692568573004,6.043906701991727,9.650106464679753,-2.6721426544098943,1.4050105935978818,4.660649551762376,2013.2052768594126
0.0,19.879849926621215,85.63431117193531,46.24863576779285,7.4489973387180735,10.373766792518666,0.0,0.0,28.727642221446526,8.167385683700255,3.4469230162021574,5.653928980605439,12.462255343607106,13.342191471735314,241.38588771488293,0.0,0.0,0.0,0.0,0.0,-9.988789086139862,-22.557746356825483,-18.770268292597585,-16.186189927571313,-26.115441729502233,-24.454128744289306,-24.454128744289306,-27.444189418976595,-27.897381129689748,-27.358784164695706,-27.90398610582071,-28.17137790137797,-29.792323398909904,168.81509356328988,72.57079415159305,63.48920175120271,49.80421510014589,35.64182678532005,-22.145109420732602,-61.36495761164263,27.17989886998719,15.595528653275938,39.39866598655233,6.2510931885041465,6.9916906153726455,15.782115390156873,0.0,27.17989886998719,5.363215511398266,8.68456979041834,-2.8041701723019887,1.3377616347672063,4.657621681316973,1912.0057886810896
0.0,18.98562502412866,83.73119755761999,42.81477051810193,7.181200984389514,10.65748430944358,0.0,0.0,28.017192168768137,8.464295961507242,3.075386108967869,5.69157156411847,12.939947646425054,13.890767600229372,235.44943944369984,0.0,0.0,0.0,0.0,0.0,-9.735778215327999,-22.013297982957234,-18.299531109389424,-15.815843359753048,-25.824871511766364,-24.016079797453145,-24.01607979745314,-27.023336497787355,-27.507178856325037,-26.981223800872097,-27.643440767264998,-27.926768837849632,-29.532001747861614,164.53909439459184,70.910345049108,62.01707212016571,48.569378936373774,34.96701831392368,-21.714125437454285,-58.9809486971355,27.336212165568675,15.685219512384354,39.7152136815067,5.813736999023254,7.10906241155012,16.13492996148974,0.0,27.336212165568675,5.725945071451857,9.278294437733036,-2.7383508900553846,1.41749084743165,4.612473162496336,1864.9834728110136
0.0,17.78300310179004,78.5635350510082,39.2195338341708,5.9388725062471055,8.967187076056785,0.0,0.0,23.103376409758468,7.7820657659462364,2.8081114618865515,5.097566703026077,11.402340480222596,12.674385841047338,213.33997823116022,0.0,0.0,0.0,0.0,0.0,-8.846060690771555,-20.170404216429052,-16.516995809498475,-14.238319566552445,-23.007998386136087,-21.438416708830555,-21.438416708830555,-24.027387219233773,-24.486203858950283,-24.0344008540347,-24.62834603890643,-24.875521138394756,-26.3267862190398,149.50246224051978,63.83751599064044,57.20232118834915,43.505757252307845,31.01138069807274,-21.36121386265905,-54.11247311674258,23.533956098565792,13.503526573654753,34.79755106572351,5.16039450929419,6.3341841709485145,14.335785309424026,0.0,23.533956098565792,5.429782718538598,8.504323543923473,-2.3522830474076386,1.2366174679224375,4.170062297123865,1689.8555139100868
0.0,19.62316678309694,90.323866952888,42.35893248566913,7.170642073411468,10.608631244861803,0.0,0.0,28.329019921219952,8.008985625091862,3.07427723572171,5.7629624608462535,12.427411727651949,14.272877585301954,241.96077409576105,0.0,0.0,0.0,0.0,0.0,-10.030954284542439,-22.97996035342138,-18.718758856369966,-16.15547180766744,-26.13896084624869,-24.415224295876282,-24.415224295876282,-27.411915970513284,-27.850844611638788,-27.310251335538336,-27.95650357809408,-28.224759950521637,-29.939116747638675,169.52770465679296,72.43306943896808,65.40893099398363,49.2729388148113,35.22266806490107,-24.914935958904366,-60.87121939450314,27.240175208044747,15.630114556696247,39.61387603595448,5.888841072346111,7.105049575252686,16.011354143493882,0.0,27.240175208044747,5.194421788467462,9.346848055053584,-2.8145638366243997,1.3420871144064321,4.926029530248369,1916.5594355345925
0.0,20.93699824651424,97.18189998903051,47.938702846236296,7.34867065437515,11.424550702650368,0.0,0.0,29.325967813324574,9.27793501562388,3.608384645562052,6.215592878440077,12.940437254766735,15.37525272754777,261.57439277407167,0.0,0.0,0.0,0.0,0.0,-10.84169120910288,-24.82252287823823,-20.27980550019279,-17.47403849844579,-28.187400417731062,-26.346713307988278,-26.346713307988278,-29.53828048442086,-30.070410271590077,-29.49793774546572,-30.122927501180744,-30.392900496336832,-32.25148758619895,183.22952863111172,78.34486414295996,70.62096110085041,53.528325153640594,38.14324413010646,-26.560938888180104,-66.6294704760627,29.01160963941989,16.646544255866928,42.50996714262863,6.588925730189311,7.566268259449128,16.930222450339823,0.0,29.01160963941989,6.297393930996622,10.03479215096563,-2.9805410846272586,1.3506753810090508,5.340460576582139,2071.9179480181756
0.0,18.395507066355847,76.7084812036606,41.39215946409166,6.464210119338008,8.839889516642511,0.0,0.0,23.090725959902763,7.8674261851035885,2.960765709577414,5.131041844951019,10.868481837397404,11.963150130626216,213.68183903764702,0.0,0.0,0.0,0.0,0.0,-8.857259369157491,-20.03092431863822,-16.564611720183933,-14.272355031536021,-22.899919166053316,-21.412996886105823,-21.412996886105823,-23.963546102359963,-24.425827938687373,-23.965506211473166,-24.487153520930903,-24.701764163983427,-26.10666331561888,149.69172501533703,63.990114022309996,56.44120295742141,43.712297816620016,31.142717174939783,-20.267278246239187,-54.43497242099057,23.18470335655072,13.303129170728955,34.23364865692125,5.357400932226478,6.204739278673955,13.831618929378298,0.0,23.18470335655072,5.470790962454523,7.926315604922389,-2.3966352226490653,1.073697433722936,4.036834525703827,1692.5633766070891
0.0,19.171801916946663,87.72059054562578,42.68435367202716,6.5936941653892545,9.573059554713572,0.0,0.0,26.272096720683198,8.004466474848465,3.1082628229019207,5.524893916639722,12.119387654004885,14.03069515786719,234.80330260164777,0.0,0.0,0.0,0.0,0.0,-9.739099065735767,-22.314878067106108,-18.176477062816353,-15.659211126692592,-25.206525749235514,-23.591165362200655,-23.591165362200655,-26.43962490607626,-26.886524034723394,-26.36491581143481,-26.967449366766026,-27.239050902602827,-28.92410778041143,164.59521828182807,70.20808431981972,63.52366015744969,47.8526429054026,34.047113302029125,-24.196930388176092,-59.7783409195859,25.892732877698457,14.856966887086747,37.88316253687374,5.823982213168924,6.883716889607568,15.602403879383678,0.0,25.892732877698457,5.288747084581462,9.188855959520552,-2.7157193902670036,1.3588229729678458,4.841839198346637,1859.8654545458244
0.0,21.184633641036523,88.48316909739033,48.935181573182895,7.2235864663908025,10.447483436673375,0.0,0.0,28.52618080365354,8.70924453996293,3.5139335227158197,5.764779858212892,13.60124927478108,14.756204954048885,251.14564716804907,0.0,0.0,0.0,0.0,0.0,-10.396240443008306,-23.41339192843777,-19.525877090439295,-16.827127841529613,-27.189534523613386,-25.399253123984412,-25.399253123984415,-28.48901066726242,-28.98742303674486,-28.447538601344608,-29.077113975828418,-29.39973106039554,-31.13255004885168,175.7012074194407,75.44443974860837,65.75315191912645,51.778792238152164,36.98462962112553,-22.73001717826388,-64.0880847520703,28.08615165237718,16.115526586398516,41.117398151272816,6.324806826200209,7.378833713361601,16.966274175037633,0.0,28.08615165237718,5.898371236478539,9.777126198643622,-2.8108733034843905,1.6140538551487094,4.979078755405263,1989.3123650814052
0.0,20.483857899040242,87.02369745018224,46.52685449602173,7.215753103138394,10.418678791649242,0.0,0.0,27.77955856973664,8.912005772658325,3.264293926401541,5.512124664884371,12.40080211153373,14.00634624446578,243.54397302971222,0.0,0.0,0.0,0.0,0.0,-10.087114322422515,-22.805486902790012,-18.90946479478563,-16.296894483213272,-26.2574409168795,-24.59273279948907,-24.592732799489067,-27.58248181057087,-28.081614917832983,-27.504424382236305,-28.037078074468077,-28.325853961834692,-30.038751531356834,170.47683492348344,73.0671381062288,64.24393888148445,50.03601674434617,35.713021398612575,-22.779758568697787,-62.04156522375584,27.177065822032525,15.59390308134999,39.52284117794711,6.269399021401713,6.9568709494882,15.877892415407954,0.0,27.177065822032525,5.906900677658153,9.084509655987727,-3.0051050950001725,1.4447462846038297,4.921836588478053,1929.0998767136718
0.0,19.300540988853076,92.40109104593255,46.5472140695986,7.3236060222428865,10.149267606952952,0.0,0.0,28.373278978752197,8.84055549841058,3.2635985560162504,5.498035013931816,12.698672808675566,13.771866450279257,248.16772703964574,0.0,0.0,0.0,0.0,0.0,-10.282468509546813,-23.585156171874754,-19.274239207344745,-16.59179331079479,-26.584461754059966,-24.98062865358568,-24.98062865358568,-27.982540966998858,-28.46370464335931,-27.85939272651393,-28.377448935964438,-28.6794722533356,-30.382826408836454,173.77840982840652,74.3893172112392,67.19547235605353,50.99688462907175,36.2855118544282,-25.205618689879017,-63.70092368914637,27.287631246370182,15.6573443123703,39.65029935427813,6.409909363770585,7.009058214708077,16.08206416884652,0.0,27.287631246370182,5.694244690656245,8.87745188933204,-3.146310807754335,1.5110232007762603,4.894414560947217,1965.7244056624088
0.0,20.67206837892194,90.65512476924708,43.09443304553047,6.794824383073328,11.087214287139124,0.0,0.0,26.82978831635691,8.049533412890415,3.253872671906987,5.9214956709795805,12.482387033938119,13.930235846530353,242.7709778165143,0.0,0.0,0.0,0.0,0.0,-10.07635769867902,-23.041103315777665,-18.736844485620374,-16.165032485006424,-26.151067746914734,-24.308440071699877,-24.308440071699877,-27.239442512521435,-27.72034033283523,-27.26735573244232,-27.971527946305613,-28.210376296536282,-29.783626697828087,170.29504307383843,72.47593474267586,65.48843570792864,49.11800582430441,35.01653316268346,-25.166689061318436,-61.073664227355714,26.643054638865244,15.28749330594603,39.623979294930216,5.612307619545405,7.1164543973686705,15.808002990877014,0.0,26.643054638865244,5.691098465251997,9.409661163202365,-2.3584349476384183,1.19495872638909,4.520574683327988,1922.9770195066965
0.0,18.939491728345377,85.53763165130107,43.426385932379574,6.2539586784273045,10.076672041993435,0.0,0.0,25.67153241602909,8.285290423045026,3.140743082275837,5.165228184102218,11.822459330330732,13.72456573345796,232.04395920168764,0.0,0.0,0.0,0.0,0.0,-9.619563424243987,-21.962043333885678,-17.99544232362401,-15.494354118796686,-24.97214385597637,-23.347612027421956,-23.347612027421956,-26.163182939409385,-26.638217480372745,-26.126623692994013,-26.65847053166135,-26.94367490062069,-28.592805782750712,162.57501139503105,69.46894780665659,62.345203362336186,47.50385038214623,33.78646592220323,-23.192428288964884,-59.394163021309105,25.59377249329544,14.68542668881544,37.60729202912342,5.8043229613758,6.59210615568187,15.134190870072315,0.0,25.59377249329544,5.6217105439450625,8.985956222136725,-2.663579879099964,1.4268779715796525,4.7386095113212345,1838.008830682567
0.0,17.76047476363485,82.83529455589321,40.30860845163104,6.151566122311094,9.509544416462704,0.0,0.0,24.852317177255518,8.023236644234524,2.8307235695773234,5.1209517315186135,11.24327101882961,12.397919063900419,221.0339075152489,0.0,0.0,0.0,0.0,0.0,-9.166505782174813,-21.03508518207131,-17.121253337115192,-14.746462903634775,-23.733529679999954,-22.212802700259896,-22.212802700259896,-24.891271261084057,-25.343056520239735,-24.828949371899146,-25.35439549335074,-25.597301263899553,-27.086470826429267,154.91813050827807,66.11577700697083,59.951403747519734,45.11540128709381,32.09085071002967,-22.88389080837348,-56.39492836571875,24.347500780148742,13.97032961265933,35.660133228970636,5.507389099543443,6.336209739067209,14.306989973897279,0.0,24.347500780148742,5.3465711142684045,8.118942101284151,-2.6766655299661197,1.215258007548596,4.278976962616268,1750.798750766818
0.0,20.193687081567536,91.13164111753774,44.980198574539,7.247448990897492,10.63505989426072,0.0,0.0,28.35445388370802,8.503990435145369,3.2289330552357867,6.143996366106864,12.391581495407388,14.03039515690271,246.84138605130863,0.0,0.0,0.0,0.0,0.0,-10.231689791563753,-23.363200627433688,-19.121514809837134,-16.487375465681925,-26.592613057292592,-24.860654107304775,-24.860654107304775,-27.879794859573405,-28.35605626697977,-27.805245457480584,-28.457555232171913,-28.68668663171599,-30.36749630930641,172.92022632353815,73.92115972777047,66.33081192034102,50.418699060080435,35.97702826154918,-24.80082919719672,-62.55377212432222,27.444239180698364,15.747204231968551,40.09696687409994,6.0966938169330405,7.290341170709993,16.074871992196186,0.0,27.444239180698364,5.636229673448115,9.200759855510782,-2.8677607616972534,1.146344804603129,4.829635301391928,1955.2185236844991
0.0,20.48616292383191,87.46011841938187,47.33819569294824,7.024470735006506,10.925749462332908,0.0,0.0,29.587486064480505,8.379320000109361,3.479516930371323,5.8955631728839535,12.417412467105628,15.01275572138668,248.00675158983893,0.0,0.0,0.0,0.0,0.0,-10.261277481878917,-23.134375133212163,-19.2973818407046,-16.635768454312498,-26.97264355227276,-25.23454339872546,-25.234543398725464,-28.357856056519424,-28.81689082208438,-28.250869000338646,-28.832892187807097,-29.108013064635017,-30.97023065100555,173.42027179109206,74.58647979874685,65.02549705174133,51.24832326920191,36.660288546316885,-22.434621367640545,-63.20620722849922,28.391170418997984,16.290543018114324,41.01609038155806,6.426472840954616,7.271993415168836,16.391874663101696,0.0,28.391170418997984,5.432364089526069,9.661863283105731,-2.9469559105832923,1.3764302422848829,5.350892438280949,1964.4493270122862
0.0,21.903524262052805,88.57583273653975,48.22105834226384,7.02800382204978,10.915436104977248,0.0,0.0,29.922872981431745,9.048392556037067,3.542817595387529,5.754352237028343,12.849744059377114,14.189438611501085,251.95147330864626,0.0,0.0,0.0,0.0,0.0,-10.436000710686965,-23.459548089532294,-19.561710521738625,-16.856983858549874,-27.252287778365034,-25.53785922869289,-25.53785922869289,-28.681681528100114,-29.18159102563729,-28.579969429434342,-29.099844964644962,-29.39327447773781,-31.151916482546916,176.37317408631003,75.57829922233624,65.78545930618442,51.756521160683185,36.92766935738963,-22.79037343035533,-64.23003237209095,28.577604757814967,16.39751700234005,41.24793238558511,6.675121423174002,7.222380619522035,16.434994237911827,0.0,28.577604757814967,5.916088728250593,9.136160050472679,-3.1323038277864734,1.4680283824936922,5.053278561028407,1995.6952744555947
0.0,21.091969852830946,92.98516316841096,45.344804951331454,7.613473104363188,10.633333361747543,0.0,0.0,29.86261891657744,9.059355304516503,3.490205411533213,5.784175163072799,13.329260708483504,14.026752134300114,253.22111207716767,0.0,0.0,0.0,0.0,0.0,-10.49655239743041,-23.91339575287162,-19.60120617985315,-16.911915852008214,-27.305977489080075,-25.573046511385307,-25.573046511385307,-28.71460233996149,-29.217104834504376,-28.61927155142449,-29.17601412712497,-29.4810472044132,-31.1840650530216,177.39652522275495,75.82458685441271,67.77210362904084,51.63710176056454,36.895349980318635,-25.21305953937012,-63.86346064699443,28.557002350478935,16.385695566378406,41.24300308337378,6.60278563270196,7.310256198134926,16.696627890789348,0.0,28.557002350478935,5.946775083347755,9.133303916932142,-3.1125802211687477,1.526081035062127,4.893448217367972,2005.7520209287534
0.0,19.391556881785682,80.65871455411907,42.04809644857703,7.2035340413911575,10.613475494217752,0.0,0.0,25.670250224297668,8.023412332039875,3.314662573491887,5.284969155368027,12.536370865876618,12.860737332273887,227.6057799034387,0.0,0.0,0.0,0.0,0.0,-9.421142391313722,-21.233125628028336,-17.642659772777492,-15.252406282016981,-24.81773592451557,-23.00413533572955,-23.00413533572955,-25.824601702793228,-26.320319064005325,-25.90603661914199,-26.522659551274508,-26.798461030281562,-28.207326822998223,159.22160539654763,68.38417450689106,59.665521223996606,46.62838805276638,33.53613923799896,-20.993193330122466,-56.76213466541224,25.638272584889336,14.71096035458976,37.95464503808662,5.471597258051325,6.664804451581025,15.204767834236511,0.0,25.638272584889336,5.866477647480437,8.812505067700997,-2.156934684559438,1.379835296212998,4.04823226457289,1802.8542299319226
0.0,19.27968852200927,87.40127634833595,42.28208115304684,6.939333114565238,9.738454515008167,0.0,0.0,27.791005608472556,8.451451376628555,3.1949631138393477,5.679893488360312,11.572293860485795,13.168354230584967,235.49879533133702,0.0,0.0,0.0,0.0,0.0,-9.764574119427653,-22.3288036017074,-18.235037058188958,-15.71830617639105,-25.297216942812955,-23.761100312947605,-23.761100312947605,-26.66814994309297,-27.124675842955575,-26.539097051444283,-27.04551747237509,-27.276274503076706,-28.937774578264314,165.02575831380182,70.47303701753519,63.46532041359678,48.040284362303225,34.240465015892546,-23.935955934739177,-59.76563480878432,26.425321608448012,15.162560474853487,38.008534110078195,6.243741119312823,6.834371328572514,15.191967147184693,0.0,26.425321608448012,5.40267337115508,8.394203103673867,-3.0487780054734746,1.154477840212202,4.7741511269111,1865.3744183785493
0.0,21.11895142535297,89.04300339782748,44.191564327179165,7.366723649343791,11.100291192034947,0.0,0.0,27.4151717379768,8.40066629679264,3.28877078282483,5.9410251113483135,13.091673387336213,14.591078627055879,245.54891993507295,0.0,0.0,0.0,0.0,0.0,-10.177869191032935,-23.073871117602565,-18.985944440649053,-16.40197938070323,-26.635183554932514,-24.729402664581606,-24.729402664581606,-27.750815438179636,-28.252500422037524,-27.77932332037216,-28.504417254292818,-28.77747177881251,-30.41991879544502,172.01063361556422,73.53828631950874,65.14119273915055,49.95505472785911,35.795434723201616,-23.901810658676922,-61.362266918684924,27.46489204252368,15.759054618164228,40.60473047468171,5.7523366789323465,7.3071173893135715,16.444985214400848,0.0,27.46489204252368,5.937100400685123,9.871674522025986,-2.463565896107516,1.366092277965258,4.719404105029893,1944.980962908636
0.0,20.88391836415505,84.81782622394036,44.3056699513722,7.2966586031536895,10.057696890402728,0.0,0.0,26.971429696728443,8.535418187818106,3.088846763036814,5.788884597478638,12.306639383688376,13.194946385563028,237.24793504733748,0.0,0.0,0.0,0.0,0.0,-9.834919087815582,-22.192047911634962,-18.361210695614627,-15.84327050366311,-25.545256566129424,-23.868550343517608,-23.86855034351761,-26.765750203243154,-27.251095233600275,-26.71489533186003,-27.33334136980339,-27.57339914444245,-29.12665824950944,166.21462037883356,71.0333146685039,62.41919898883347,48.35691701337934,34.55458601246564,-22.398627235106886,-59.79435269417042,26.3357863805613,15.111186140509414,38.49688938364542,5.8805367809482,6.989894076361228,15.56876163593326,0.0,26.3357863805613,5.743728169906721,8.731814654435555,-2.7916900179113853,1.2010094788825905,4.463131731127474,1879.2292683611427
0.0,19.84408052817722,87.51878018766385,42.94597962931317,6.878833724263867,10.3061403088126,0.0,0.0,26.284443353213184,8.449014576041748,3.1595134244267857,5.619083834835946,13.270490974350457,13.507786178606196,237.78414671970503,0.0,0.0,0.0,0.0,0.0,-9.857658655798076,-22.46954792431298,-18.396858883322583,-15.877150858924397,-25.728286863198836,-23.912276490730576,-23.912276490730576,-26.813725854688844,-27.31956703110857,-26.846550774919432,-27.53577250843498,-27.82492912370499,-29.311235627598325,166.59892945408274,71.1852172656223,63.70606288081477,48.430128332148975,34.618657712941804,-23.81271730684908,-59.83633399188283,26.374414725554672,15.133350662314829,39.08870726241742,5.6222418889924874,7.065734901826151,16.094590162786183,0.0,26.374414725554672,5.986286111476046,9.237035923180269,-2.4627284645657017,1.4466510669902046,4.270750255425927,1883.4765747435943
0.0,20.175313983419723,92.62828663393368,46.07089524601827,7.58180869051641,10.803048025700372,0.0,0.0,27.310553367725387,9.007267040988943,3.2967982382027827,5.77283723223941,13.299402146355797,14.051309143729563,249.9975197488303,0.0,0.0,0.0,0.0,0.0,-10.360832136570744,-23.693755696279354,-19.370102829776965,-16.70452032614571,-26.9102204054237,-25.08986548985584,-25.08986548985584,-28.098812937423155,-28.629963482892347,-28.107252320888986,-28.760352472797575,-29.052099117142763,-30.653704032827278,175.10279088339942,74.8947288654309,67.34820204934388,51.09613596419136,36.48313888644446,-25.2800845845898,-63.30046315913693,27.351581197775804,15.694038094944428,40.495595902222014,6.018260007366951,7.23244621935763,16.441841649797063,0.0,27.351581197775804,6.285805271824774,9.449260653170075,-2.7214617691641685,1.4596089871182203,4.602048490559488,1980.2181040520172
0.0,21.738926442215636,93.04548410488458,48.569129935179845,7.090508609908308,10.681522180923261,0.0,0.0,29.570551819264992,9.179296843219973,3.39632328124812,5.869507403085686,13.826107911293144,14.490046043529386,257.4574045747529,0.0,0.0,0.0,0.0,0.0,-10.6707750195846,-24.196492089344623,-19.968043872527367,-17.200050228400396,-27.745560445942118,-25.970009459000035,-25.970009459000035,-29.12741302713249,-29.63968875562763,-29.04103303547181,-29.6595745902891,-29.981913775067085,-31.70587220976244,180.34096703708974,77.11643753766319,68.3220541989192,52.72951935652658,37.55046703942831,-24.723429905965375,-65.732454146924,28.701059613966482,16.468354048338888,41.84394182025919,6.51318546772088,7.482170925088848,17.1670632465262,0.0,28.701059613966482,6.062434656747214,9.536427186293167,-3.1168621864727593,1.612663522003162,4.9536188572362185,2039.3074862237934
0.0,18.504979203717596,85.58577537085728,41.800840909587926,6.793005324672384,10.066332675900433,0.0,0.0,26.622163159922543,7.685321098840994,3.139473906504223,5.561359408129279,11.878920927140955,13.287250225720891,230.9254222109945,0.0,0.0,0.0,0.0,0.0,-9.568912313562274,-21.89030811992524,-17.897258136619293,-15.435803864431856,-24.937337553478336,-23.28399116492191,-23.28399116492191,-26.11774451440341,-26.552936200268583,-26.06601500408193,-26.671554728055813,-26.915000164035096,-28.48815358920988,161.71898451178424,69.20643769921026,62.23870185564972,47.234266237846064,33.74103721457086,-23.347073515207555,-58.45296300611341,25.759052354163266,14.780262465000757,37.70150658299531,5.674597539485169,6.77931736279846,15.181259004811244,0.0,25.759052354163266,5.150197465860049,8.766954193381423,-2.5351236329809455,1.2179579546691812,4.520296032339468,1829.148953987599
0.0,19.738766052563072,81.44738527034757,39.685612362099135,6.576312054152638,9.995912791271655,0.0,0.0,25.39403758750823,7.997319041745526,2.9531549985468524,5.490326558574155,11.875763530025434,12.59829313780147,223.7528833846357,0.0,0.0,0.0,0.0,0.0,-9.281820248991092,-21.04156009782373,-17.27107384628559,-14.91822796163909,-24.205485795584305,-22.51353191049353,-22.51353191049353,-25.271387742759767,-25.74202155447866,-25.275735494613993,-25.90586171901772,-26.137062961496632,-27.566877739015293,156.86699761688513,66.88588576775058,59.401625745479755,45.31110252549057,32.41550329335172,-22.04575952486781,-55.8738039574091,25.069137644452667,14.384396951480058,36.85127304954059,5.3808431323765085,6.647026791108299,14.827490334784123,0.0,25.069137644452667,5.569630907915871,8.489866100508639,-2.4276881338296556,1.1567002325341438,4.108427037292831,1772.3356253984134
0.0,18.30736251653195,76.9667233865335,37.7810976299576,6.577978653239548,9.411459567438461,0.0,0.0,24.081039450101702,7.727327186280082,2.874554626974493,5.121098102868317,10.719184622189314,12.120688619092725,211.68851436120772,0.0,0.0,0.0,0.0,0.0,-8.776691101532885,-19.907079943106694,-16.359213141961206,-14.131464189956713,-22.869794383096043,-21.326437708909328,-21.326437708909328,-23.93950376959201,-24.387922761286685,-23.922999356840304,-24.45219116919061,-24.66500947902337,-26.101034364780837,148.33008452818802,63.35842983301969,56.22260363476195,43.004321917129765,30.795796459764365,-20.74411975177155,-52.903086012930245,23.752986643784066,13.629203904546744,34.673161626614274,5.295148183731818,6.185828490264516,13.78072538517948,0.0,23.752986643784066,5.306733629522757,7.994417468706359,-2.420593556757325,1.0647303873961986,4.126271150386366,1676.7743495179227
0.0,19.231712489776402,81.55368482818902,41.56604509480402,7.3217215199286505,9.966783654384603,0.0,0.0,27.16130118662529,7.928734303868674,3.28463685176498,5.646655132176078,12.673544676308627,14.04519728822566,230.38001702605203,0.0,0.0,0.0,0.0,0.0,-9.530393435731774,-21.490400418706304,-17.874748291105714,-15.459352745916956,-25.219860772287873,-23.452616215794166,-23.452616215794166,-26.38691829304635,-26.846526707849755,-26.368352795683087,-27.019957570834904,-27.29782987732453,-28.922352153099823,161.06799789981028,69.31201912624174,60.41322919116283,47.325061566322255,34.09799465254878,-21.140455637026193,-57.35919128921295,26.673048606964674,15.304703516740327,38.72910096964891,5.774218317723543,7.036850782014108,15.95124821552666,0.0,26.673048606964674,5.439152837910111,9.377298099169598,-2.4895814659585627,1.39019564983803,4.667899189056062,1824.8288262425237
0.0,17.67562178593582,74.54541171987609,39.29326871947998,5.806647195195444,9.485595689824878,0.0,0.0,24.743508288247835,7.352277233331776,2.7879320237548244,4.907645326250789,11.375683120074147,11.788714511143532,209.7623056131151,0.0,0.0,0.0,0.0,0.0,-8.684898568425359,-19.6030735443183,-16.285988134522782,-14.047852504324517,-22.83579317707797,-21.27834669487756,-21.27834669487756,-23.904634784130753,-24.324086532404603,-23.865355913914055,-24.413302920361435,-24.664967625712944,-26.03087847338299,146.77874883260705,62.98355678050805,55.15065401774477,43.10962775690462,30.84284527202184,-19.394757702131315,-53.14974187124827,23.873175977212966,13.698167229328584,34.87001298608623,5.1762832420114515,6.1667243003927315,14.041409753857172,0.0,23.873175977212966,4.963926015075148,7.863908903218566,-2.388351218256628,1.2590789741419428,3.9248056079249656,1661.5169444085095
0.0,18.486947113914297,86.73930794012085,44.35239473934796,6.545890403717716,9.924927676873574,0.0,0.0,26.4513042227634,8.159867444675918,3.0196890511273957,5.2721945579735765,11.438136038396015,13.042362721476367,233.43302191038714,0.0,0.0,0.0,0.0,0.0,-9.675982598703003,-22.16808362487095,-18.12522041072153,-15.591499841087137,-24.969215424758072,-23.453349869913165,-23.453349869913165,-26.256274132564613,-26.70125038602223,-26.145423569019258,-26.644710252855102,-26.900070597938473,-28.52232416416979,163.52852118815284,69.90450072223429,63.10098007863793,47.91990592115769,34.02068807444291,-23.63832786148292,-60.16909450568493,25.478813404703683,14.619464421308002,37.21020388727457,5.9135653306243485,6.549762824350211,14.821948055426436,0.0,25.478813404703683,5.265991165178964,8.380982438069314,-2.8938762794969533,1.2775682663766341,4.661380283407054,1849.0115283341029
0.0,20.491796478005085,87.15588147295152,43.11887713365524,7.249191131695061,10.421078606389903,0.0,0.0,26.090370955414464,7.774304360201889,3.2589809423146514,5.311021283126618,11.998886936877613,13.585462664175585,236.45585196480758,0.0,0.0,0.0,0.0,0.0,-9.812459150777677,-22.341161130502996,-18.258671596015567,-15.751266526448138,-25.32351127216514,-23.634602697756094,-23.634602697756097,-26.462673568559815,-26.915602381415553,-26.451906974729106,-27.03174623496423,-27.30492776406587,-28.898134059564796,165.835037194147,70.62081477066059,63.285861391752746,47.90274753424392,34.15463179014528,-23.870020081198774,-59.54417168291209,25.707398152929052,14.75062384937295,37.98208374619871,5.6731810083658045,6.677748965244101,15.210075166198903,0.0,25.707398152929052,5.360104294150735,9.007546752736811,-2.414200066051154,1.3667276821174825,4.577915911438774,1872.9552170764944
0.0,18.82185457169884,77.61456240199107,40.40447916539388,6.604610315843887,10.128049533157196,0.0,0.0,26.064118959583702,7.7983195258340725,2.89278705568752,5.331258575250939,11.740223794792243,12.926571995323616,220.32683589455698,0.0,0.0,0.0,0.0,0.0,-9.118802935694953,-20.51798391537249,-17.09153178224726,-14.76857246900865,-24.07782976532389,-22.398997049207352,-22.398997049207352,-25.191050674007847,-25.637314074715135,-25.153855475031378,-25.760123412691996,-26.008990375358355,-27.51562142553298,154.11193063537186,66.21490525918512,57.58034540424077,45.21738229668957,32.492348362742675,-20.0342169977503,-55.16407773067224,25.379998407422026,14.562765456795624,36.938565575411644,5.40988290451223,6.5763404377002725,14.824292700041946,0.0,25.379998407422026,5.281223677009363,8.59742122762458,-2.5170958488247095,1.2450818624493332,4.329150767699037,1745.198071105827
0.0,19.986401181526237,84.93174723457271,43.98068064186995,6.74820904438054,10.625261828718205,0.0,0.0,26.89784201511078,8.405976564579674,3.191784171125047,5.464636598384491,12.473780901788425,13.452716596259831,236.15903677831594,0.0,0.0,0.0,0.0,0.0,-9.784001849187055,-22.15057899208234,-18.308420445860833,-15.792334033160977,-25.58605223978444,-23.842886781008325,-23.842886781008325,-26.75435694899597,-27.243621638208275,-26.741193043201015,-27.33841058871475,-27.615363789059664,-29.177817516515297,165.35409581184814,70.8049409664678,62.466925003259455,48.34629421888486,34.554475408177595,-22.464822231313256,-59.750330389452785,26.46550466310011,15.185617072054256,38.86087694081208,5.807646070470382,6.850233958525129,15.57773508309837,0.0,26.46550466310011,5.79011466523434,8.96316505480925,-2.615861899345335,1.385597360140638,4.489551541450581,1870.6041585282383
0.0,18.409511037675227,75.95696725298885,37.708867880824585,6.306581014514401,8.509439056564505,0.0,0.0,25.020532335692927,6.815703174435704,2.839835381458757,5.064015089376282,10.86212495799289,11.393141259760824,208.88671844128498,0.0,0.0,0.0,0.0,0.0,-8.666358994312604,-19.644485361358516,-16.137774741173445,-13.9224460541122,-22.424295873008177,-21.023649334296874,-21.023649334296874,-23.59392029828649,-23.960013087602643,-23.483056387692955,-23.99805753530693,-24.215538447474586,-25.59932279908771,146.46542157026542,62.42129687101955,55.45348470498514,42.37418186740494,30.228243960200093,-20.50348254800371,-52.608137902190556,23.36397567484426,13.405993665922987,33.73482191451464,5.323079510732915,6.152072484651713,13.750230862565507,0.0,23.36397567484426,4.332459045161546,7.416977959912776,-2.4832441292741585,1.088057395275431,3.9761632998480483,1654.5814613242146
0.0,17.56117377525772,77.1392742975203,37.33804344578438,6.124227791579976,8.96430737379156,0.0,0.0,24.815898246495752,7.033064696734518,2.719379127148971,4.928560775536626,11.263648736962272,11.378597915155353,209.26617618196744,0.0,0.0,0.0,0.0,0.0,-8.677547453708296,-19.783977199498988,-16.18590030335464,-13.964905659555402,-22.572103069067634,-21.095779455906943,-21.095779455906943,-23.6786782966313,-24.066821074216794,-23.598235761475294,-24.14127812528875,-24.382249849831602,-25.717699922369786,146.65451163948447,62.61166454248297,56.10157976355347,42.58367088048062,30.408087220192687,-21.037694533966835,-52.74268923769264,23.478764118937935,13.471858019484092,34.15283473340303,5.159038171984179,6.134142747434096,13.895346440193196,0.0,23.478764118937935,4.59340565189931,7.5413182400269605,-2.4396590448352073,1.2055819718974696,3.837279675128393,1657.587127494731
0.0,20.103773094226963,86.49125766160529,43.966177451241734,7.584317574441096,10.374754437541064,0.0,0.0,29.468124050120956,8.466848548027757,3.3484198085958314,5.602925428868671,12.95227750786316,14.486993160915112,242.8458687234476,0.0,0.0,0.0,0.0,0.0,-10.04889181223972,-22.70739459159483,-18.850713015446416,-16.28526820141716,-26.460377186868453,-24.740625880933937,-24.74062588093394,-27.83908281634079,-28.300721642334317,-27.723807287969972,-28.29415181794169,-28.607079368035958,-30.37925565736074,169.8308570599919,73.01501166345571,63.94152032810584,49.91958486392181,35.86597877373729,-22.54973733349945,-60.92246055638222,28.165229846439942,16.160900789122906,40.3742123063697,6.352086983919141,7.168502525598036,16.47886835931146,0.0,28.165229846439942,5.463181372704448,9.394825212737448,-3.003667175323309,1.5655770967293652,5.092167948177664,1923.5702267108609
0.0,18.559593305743256,80.40831424603492,39.80308343040861,6.526256498636283,9.318261065898948,0.0,0.0,27.111844431493235,8.176907143978127,3.0874107012567507,5.441960657840507,11.48254256542897,13.18821603746277,223.10439008418234,0.0,0.0,0.0,0.0,0.0,-9.239182197268681,-20.94214252517437,-17.300315696727647,-14.934311204281277,-24.258715428391984,-22.72281385150123,-22.722813851501225,-25.57538186033176,-26.018674071515434,-25.455746581484558,-25.96554187678406,-26.211450685207804,-27.860246663106377,156.14639508650805,66.9579949976743,59.11481703240737,45.71876984720376,32.753214901153655,-21.293497213627546,-56.186285738455695,25.93007916398995,14.878395777633342,36.998667661736,6.018256174422143,6.672242869286093,14.989907552128818,0.0,25.93007916398995,5.246061670812735,8.450568839317334,-2.930845473165392,1.2302822114455854,4.737647198145435,1767.1989417416942
0.0,17.872420252225126,80.1820752570955,38.41226824070688,6.1348420841186995,9.720214354404296,0.0,0.0,25.567419385849313,7.528035629809734,2.9051848348305658,4.8823577747652065,10.931485294397095,12.82319246725161,216.95949557545404,0.0,0.0,0.0,0.0,0.0,-8.994220065157082,-20.536560230385774,-16.79466428194527,-14.487133245986257,-23.461763481161352,-21.943254126853304,-21.943254126853304,-24.651729494289864,-25.066012011146146,-24.561773722670438,-25.045709281692083,-25.307457348032848,-26.88964660778508,152.00642327458309,64.95307230087096,58.30348115991663,44.24026892461541,31.59025293782594,-21.878594097178876,-54.79769736307318,24.620265134411042,14.12683881539177,35.610785791505,5.530468785867721,6.191883822097376,14.16821882913561,0.0,24.620265134411042,4.902751678772579,8.27693288518093,-2.6252839510371553,1.3095260473321693,4.546259582070681,1718.5255334378883
0.0,19.658526309090064,81.42710392097959,40.919260153979415,7.22621049868546,9.992049409884023,0.0,0.0,27.221422377206334,8.529347905934014,3.19205312058746,5.289067123915862,12.320380864237165,13.87314226248925,229.64856394698862,0.0,0.0,0.0,0.0,0.0,-9.506613057093249,-21.424019110912763,-17.793212373318397,-15.385849059943064,-25.063376449124785,-23.376378371269862,-23.376378371269862,-26.3134675613743,-26.796778949382908,-26.257122461525814,-26.79916789891294,-27.098269194175785,-28.767582563310338,160.66609864953944,68.98246529744918,60.19804037894388,46.99750065917167,33.81203130233388,-21.22906354203571,-57.16844724234941,26.69838369334097,15.31924051216495,38.39983885874819,6.00173962996994,6.78547144282145,15.620578376072775,0.0,26.69838369334097,5.719661396551533,9.07654043174805,-2.8096865093824803,1.4964043189055882,4.796601830741199,1819.0350222444633
0.0,21.526019933480956,91.26727196100421,47.509548197045106,7.344254237257864,10.271828087586291,0.0,0.0,29.34900013154655,8.820348456136234,3.4007349162875298,5.697981589755594,12.452443035634037,14.596692909337339,252.2361234550717,0.0,0.0,0.0,0.0,0.0,-10.457772975437598,-23.711004171029153,-19.551277914407425,-16.838402159100077,-27.025749247104276,-25.419947258399375,-25.419947258399375,-28.50722879308068,-28.977014149408024,-28.350720275755013,-28.858837417975806,-29.152228769288048,-31.01031669585428,176.7411352955484,75.4949881595233,66.9456543698113,51.57387102410292,36.695589968153214,-24.32161759119292,-64.42355153900135,28.063644529418276,16.102612245447972,40.42277235141733,6.661493356715562,7.165819048792205,16.32363185832327,0.0,28.063644529418276,5.559590015708201,9.257666627611494,-3.2607584404280328,1.4678374590366108,5.339026281725845,1997.9499743175734
0.0,17.701626587503164,80.52464719235743,38.10604483609162,6.275937354932674,9.408222935534999,0.0,0.0,24.015181287770737,7.255795666533257,2.847311925108204,5.307428944773581,11.282149414258464,12.660616412171875,215.38496255703598,0.0,0.0,0.0,0.0,0.0,-8.932583628832557,-20.4615088525493,-16.64943340617557,-14.368286578469265,-23.248053644202248,-21.63793706045256,-21.63793706045256,-24.26219723167966,-24.686765024035562,-24.258194479095852,-24.89112414862484,-25.11410673710569,-26.56115181387309,150.96473937523334,64.42022318180265,58.23571866301328,43.766162530302935,31.261231594413996,-22.288928529344155,-54.171142904448025,23.85474203460687,13.687590034708347,35.23437451683589,5.0786366761870205,6.423011236552874,14.324503668561,0.0,23.85474203460687,5.02447091545444,8.502679866090045,-2.231324751078817,1.115582291779293,4.15793654608183,1706.0537345511166
0.0,19.053060604658555,86.58493324380046,45.7084450113334,7.31957507106263,9.892386021541677,0.0,0.0,26.944573432805868,8.617812104759732,3.107816812113103,5.905517019196537,12.821225763378559,14.433801863193105,240.38914694784359,0.0,0.0,0.0,0.0,0.0,-9.945919167750295,-22.587016186204366,-18.699276111587583,-16.12547407151498,-26.05437413043695,-24.32339984704274,-24.323399847042737,-27.28203532971978,-27.772502063886293,-27.232118486195635,-27.91092612608129,-28.18116901725169,-29.87145086608111,168.09057238043425,72.29857456740933,63.85359912337257,49.64471950905903,35.53919314334417,-22.731334120427896,-61.12092234796018,26.894241275129875,15.431621450128008,39.3972702917307,5.921288867565033,7.257542690451281,16.32605271217271,0.0,26.894241275129875,5.804340049307803,9.576949243144206,-2.8134720554519292,1.3520256712547436,4.856852620048899,1904.1106539056684
0.0,17.433994530511708,81.09561288566547,37.98313095609829,6.082179263557444,9.37608374974799,0.0,0.0,23.232717150179052,7.621823668686084,2.943234344184575,4.718038586607092,10.878189396116955,11.850655976700976,213.21566050805566,0.0,0.0,0.0,0.0,0.0,-8.850953881065166,-20.378945993526678,-16.46841215229338,-14.192146969526187,-22.813953188097983,-21.30644738053153,-21.30644738053153,-23.851551892096555,-24.300774594002256,-23.85794209775686,-24.339530656519422,-24.588516094126184,-25.97700342972465,149.58515938930483,63.630501118750836,58.23100526575493,43.20246297202934,30.71769662100886,-22.864607619910544,-54.05521687882193,23.135210540542026,13.274730734300363,34.210801597380346,5.248813019903819,5.963713179396587,13.622191648331947,0.0,23.135210540542026,5.3162449929668405,7.860979131696487,-2.305578675719244,1.245674592789495,3.989676845004489,1688.870799316944
0.0,18.632293398505457,77.6786468617975,39.77456928862482,6.52078562053569,8.938233051770236,0.0,0.0,24.99504648674898,7.005618885283668,2.9928673667905232,4.771502441956337,10.704938331579498,12.455737957901555,214.47023969149427,0.0,0.0,0.0,0.0,0.0,-8.894500577449474,-20.15418767840597,-16.596263799215556,-14.307820006365827,-22.981443957311072,-21.572170902411628,-21.572170902411628,-24.189804511930564,-24.567618444519635,-24.080827000754358,-24.532442388225377,-24.790604423331658,-26.347792741240383,150.3211184290937,64.14912126240058,56.87572410444255,43.68059903451725,31.132501891628436,-20.802922757354956,-54.34442633221868,23.79450604053209,13.653027280224038,34.41641120127468,5.52731545220352,6.063087568563798,13.887775128737118,0.0,23.79450604053209,4.471170799870671,7.981316034136472,-2.534448085412997,1.291585126607461,4.474421923765083,1698.8082595545811
0.0,19.90089778858895,84.84860363881793,44.47827857708065,6.681190791783729,9.655707320417953,0.0,0.0,25.755651480220475,8.025755897513417,3.1369422985004527,5.258261675162987,12.347122290282675,14.076108509750298,234.1645202681196,0.0,0.0,0.0,0.0,0.0,-9.707756466906156,-22.022056279629076,-18.14895441551683,-15.634882344749622,-25.161936611498977,-23.524188816424264,-23.524188816424267,-26.351893179678985,-26.808952579286736,-26.306349772840214,-26.894317820271983,-27.196911878733935,-28.86322056321767,164.06551405959365,70.09900620852592,62.2028580730561,47.87430778477016,34.087450413178416,-22.645745565761835,-59.70249515001682,25.70406656899118,14.748712222953278,37.802770679903794,5.753711218407366,6.7721402946444815,15.621211846433999,0.0,25.70406656899118,5.408986977606503,9.288140334117484,-2.6167689199069137,1.5138786194814946,4.787968175632814,1854.805690982282
0.0,19.91859981686915,87.09740900139458,43.022891534996816,7.054599551244206,10.071042001116572,0.0,0.0,27.35532155419696,8.318351629948443,3.016884892191295,5.459207413875361,12.90640781341604,13.412990140625357,237.63370534987482,0.0,0.0,0.0,0.0,0.0,-9.851047284183664,-22.425595732940447,-18.392714370653383,-15.868517834166203,-25.63580958563069,-23.94486199682826,-23.944861996828262,-26.865633612912315,-27.331694345615343,-26.793352866752556,-27.412563046940406,-27.70966282615045,-29.27562623611763,166.48719425694887,71.14651109292595,63.51744430346402,48.44411913832644,34.607030998289275,-23.579964697930563,-59.942924162602225,26.550055595710003,15.23413147229122,38.75601837736881,5.819724892518163,6.945598144363835,15.919653339370239,0.0,26.550055595710003,5.5155116296215745,8.913353884182687,-2.802840000326869,1.4863907304884743,4.49963625644267,1882.2849360247963
0.0,21.015994215708805,89.41578621488165,44.72612508509664,7.275225008096489,10.795933197786672,0.0,0.0,27.024686679012333,8.767409348713386,3.3152091200503673,5.403430550214736,13.011056225517732,13.790575418310697,244.5414310633895,0.0,0.0,0.0,0.0,0.0,-10.142093697765334,-23.04903830754058,-18.906808174862736,-16.31212398955703,-26.32432245918845,-24.538192895494454,-24.53819289549445,-27.50064810358883,-28.017963526819376,-27.50987435332905,-28.102240922454396,-28.41139966846039,-29.997267951621488,171.40601145454343,73.13541960884608,65.19646719086339,49.7091338310878,35.48441621688344,-24.21931902401826,-61.61681750904074,26.92896289514021,15.451544335873447,39.72779330859226,5.9605424542010566,6.950152313302624,16.021165343301906,0.0,26.92896289514021,6.122076014562697,9.233744537438636,-2.6453333341506893,1.5467217630878878,4.556830880872061,1937.000692922986
0.0,20.619122832060736,88.25924823528605,46.98707530563199,6.958694726001579,10.952084950170006,0.0,0.0,29.275882507873884,8.51831812039367,3.235070832586917,5.747169600755094,13.243554608799798,13.793057829827278,247.589279549387,0.0,0.0,0.0,0.0,0.0,-10.250918126768825,-23.170004811653758,-19.236067136287826,-16.58170484927025,-26.85412050004971,-25.08328518103998,-25.083285181039983,-28.15928201110494,-28.6335605715924,-28.07549079734244,-28.701632974158322,-28.996463216235107,-30.62411278283942,173.24519396263014,74.34408558675685,65.25780009539285,50.959329681936254,36.40894135324031,-23.0014481398932,-63.034012990206044,27.961065630987736,16.04375359562932,40.7603192237896,6.140624923543146,7.222205832878352,16.4454035171981,0.0,27.961065630987736,5.612764029437442,9.116172689305717,-2.9055540909562287,1.4750362321232577,4.676885140521561,1961.1425514359962
0.0,20.79028263070741,91.84088870990995,48.90777573571323,7.54173119833145,10.84068805413284,0.0,0.0,30.655304168841795,8.815257784363585,3.6539398822078963,6.061530114961159,13.001671904240547,15.410837933570681,257.5199081169805,0.0,0.0,0.0,0.0,0.0,-10.655127238343503,-24.117240234081347,-20.03986521391595,-17.2729749820893,-27.922147969051604,-26.176640498763565,-26.176640498763568,-29.404962271363438,-29.883107064178777,-29.27679210338272,-29.850340047703202,-30.14537582011822,-32.073650195694235,180.07651239383983,77.44339572314068,68.00077282284103,53.225601041132286,38.05985589915916,-23.84011588706892,-65.70625105263952,29.345711958911696,16.838248512077904,42.25526937132889,6.810679408401764,7.537594615736683,17.066307293057605,0.0,29.345711958911696,5.6585182581697175,9.870138043978098,-3.156739526193867,1.4760645007755242,5.540699889592583,2039.8025737191047
0.0,20.055730327032006,89.64366167582473,41.0256695042889,6.558264394856368,10.363424330632965,0.0,0.0,25.287289600445256,7.699002667729734,3.257480204902764,5.2868908156228835,12.150433771974281,13.616361292554991,234.94420858586489,0.0,0.0,0.0,0.0,0.0,-9.762973835133257,-22.457752710759067,-18.093255076731392,-15.600643384763794,-25.118768840458692,-23.394179766318896,-23.3941797663189,-26.182792644577887,-26.64378976931432,-26.212896974830304,-26.82576247208898,-27.102797271065217,-28.656949205720778,164.9987127789971,69.9454958068678,64.12476069922604,47.24524297639596,33.57297877634309,-25.518900976598687,-59.192868486525704,25.348721736742075,14.544819245291986,37.767341701828805,5.500895597645099,6.672896413862972,15.230125359687772,0.0,25.348721736742075,5.455587274987399,9.150664106601411,-2.2434153927423353,1.3860055982400885,4.46569718595358,1860.981563942415
0.0,17.735452528134633,84.11508410459119,38.98771709462741,6.769930158597582,10.123923532431087,0.0,0.0,25.437544198575434,7.681609408055339,3.1616681184384983,5.514306338497014,11.450334569207437,13.053864222846814,224.03143427400244,0.0,0.0,0.0,0.0,0.0,-9.284295890436576,-21.32205896085114,-17.335505658861972,-14.971024076593597,-24.27243895515041,-22.58623775361637,-22.586237753616366,-25.348446235559422,-25.802718345499137,-25.359880196388865,-25.965906360509152,-26.186916476835535,-27.701362631574824,156.90883708697947,67.12259718702295,60.805996213641244,45.66248734361046,32.704901001593164,-23.309087890949947,-56.15012069029623,25.10870359006502,14.407099458264318,36.90744733972229,5.467276225432143,6.620020348535009,14.696227233324047,0.0,25.10870359006502,5.376001301061694,8.70225754869221,-2.3056081069936445,1.1057140100379952,4.3516066741546044,1774.5420133440937
0.0,21.813775027998904,90.42570207021807,45.61648259124789,7.120490696154109,11.255153574255154,0.0,0.0,27.650121838315336,8.432442611896683,3.3233693419197583,6.1543908484653675,12.34620724010926,14.406682169534,248.54481801011454,0.0,0.0,0.0,0.0,0.0,-10.311175669269831,-23.380836106126328,-19.206453322808525,-16.567688680263032,-26.769188400905986,-24.932038536,-24.932038536,-27.94404900512392,-28.43863883219069,-27.943231036347534,-28.632528695078857,-28.85833079811176,-30.53596105729414,174.2635739271562,74.28124408295835,66.01838883091617,50.449623715623254,35.9817863526179,-24.4073132393019,-62.66361060426245,27.37942431709772,15.710014172238113,40.47892913515972,5.902677905688989,7.284079176626694,16.03701847858888,0.0,27.37942431709772,5.853134048127451,9.586182602893054,-2.5793085637692315,1.1296883281613264,4.820499566640946,1968.7113247620348
0.0,17.785722171556827,79.8931625252782,40.87915574990142,6.308347252275391,9.361096229406392,0.0,0.0,26.574257678618846,8.087734695776968,2.931789977431397,5.253636247669775,12.084200856407376,11.991294004495918,221.1503973888185,0.0,0.0,0.0,0.0,0.0,-9.154148923932055,-20.79380752050488,-17.1853995366345,-14.81902370756176,-24.02200584887103,-22.469528134037805,-22.469528134037805,-25.249305233312565,-25.696782783586077,-25.160495995728354,-25.699301100008395,-25.95977766080225,-27.384573817477683,154.7092939653888,66.4411034234297,58.79506287100479,45.549288865145435,32.57922005768176,-21.098099654273412,-56.19510399127855,25.26840377488192,14.498733677367158,36.5168722375576,5.723932362279221,6.556800950460756,14.875042695411226,0.0,25.26840377488192,5.295592310929143,7.897287462701087,-2.792142384847825,1.3031647027909816,4.0940065417948315,1751.7214613473593
0.0,20.238097895414416,79.7805099835163,40.81828672118324,7.097403749578797,9.985340943257812,0.0,0.0,26.04226522125639,8.163766577192437,3.1888861268418256,5.717752256145404,11.698362955073293,13.285082785486825,226.01575521494675,0.0,0.0,0.0,0.0,0.0,-9.36443085794946,-21.037328349460232,-17.47690303522355,-15.111540040149537,-24.571439041258788,-22.864411979765176,-22.864411979765176,-25.698573508978185,-26.17822306990679,-25.700460389905405,-26.314415576184466,-26.533445433721653,-28.085099558942137,158.2631546045202,67.75260061042654,58.962961516950905,46.009937484539996,33.05215770761488,-20.81754846656539,-56.17105188967021,25.7627627416872,14.782391444774415,37.53630267879237,5.676326539198696,6.81355902789444,15.061076168441419,0.0,25.7627627416872,5.676326164835567,8.826562800369663,-2.48744041235687,1.0958067717490358,4.458519985117162,1790.2597222855875
0.0,17.49575090802594,73.7216232644839,41.27228537765083,6.467774761506851,9.133875285896222,0.0,0.0,24.192064507575026,7.516694606225408,2.8602279268748925,5.274790739294379,11.162143465558549,11.961550848162286,211.05878169125424,0.0,0.0,0.0,0.0,0.0,-8.72860215306499,-19.624704119024038,-16.429441961038968,-14.172278837766422,-22.93731842130469,-21.388695778533588,-21.388695778533588,-23.997568734073873,-24.432527025808252,-23.977463411055886,-24.558674686882384,-24.771214336881094,-26.15593240572147,147.51735935550093,63.541422335753325,55.0391572761481,43.675361887329736,31.307089283997186,-18.682465988335792,-53.60159399839816,23.714870971186986,13.60733354855425,34.779142859845514,5.229487127959733,6.3381269910390365,14.077653454950525,0.0,23.714870971186986,5.147435405140567,7.98270460702565,-2.369259201084841,1.0633362517446576,3.978846241136636,1671.786267896122
0.0,16.75492587655525,74.74974697106026,37.75081688985663,6.066706522273407,9.332379070290798,0.0,0.0,23.975211650413804,7.103493829339624,2.926238080680036,4.751284606004244,10.49636402995146,12.00225457221977,205.90942209864528,0.0,0.0,0.0,0.0,0.0,-8.526442053960363,-19.382954818055165,-15.977650807733898,-13.78580367497954,-22.338988650969387,-20.847412738897503,-20.847412738897503,-23.409207450294346,-23.816017171640684,-23.376334829933988,-23.856366866361896,-24.092300511700522,-25.534172882191548,144.1007614324888,61.80866066615648,54.83918151282916,42.25957777775371,30.2470762653507,-19.910565458231105,-52.05051372012249,23.286925837622444,13.361783312165935,33.93851668911136,5.215415681068926,5.931661058568896,13.45906087918274,0.0,23.286925837622444,4.814316228950734,7.859181270423839,-2.28917760038889,1.1803764525646514,4.143073301795932,1630.9984428816863
0.0,20.472612985546334,94.89325883968682,47.49594731095902,7.501819129325248,11.639337185251064,0.0,0.0,28.21600384340498,8.99505296323675,3.6026467596303635,6.105125577847806,13.69346986010185,14.598037191780405,257.21331164677065,0.0,0.0,0.0,0.0,0.0,-10.654216185071611,-24.348773010753792,-19.950163716247427,-17.208025900434745,-27.849191690110047,-25.87994564998976,-25.87994564998976,-28.9993761708916,-29.547315106082053,-29.06511020984773,-29.773626485299427,-30.057012601203777,-31.68308363750165,180.06111517782003,77.1521964689506,69.17490945942392,52.72202547173216,37.691567261117626,-25.718349380262907,-65.11844730022995,28.35588147351918,16.270294607220997,42.22349730051305,6.113215282743431,7.522906826118536,16.94803800640002,0.0,28.35588147351918,6.484484440123683,9.925687797211507,-2.5105685231130668,1.41778124827073,4.672349394568897,2037.3740381017994
0.0,20.89679736344872,90.115861332152,47.98651762386805,7.1561262129664325,11.355337804786663,0.0,0.0,28.084035979680113,9.060764383708468,3.548503861672182,5.865393599754878,12.815492336998167,14.450100838871172,251.33493133790688,0.0,0.0,0.0,0.0,0.0,-10.40842216122483,-23.56439666891543,-19.517574293418715,-16.82342706668523,-27.203175715937224,-25.363277484420212,-25.363277484420212,-28.43847740811031,-28.973941358848556,-28.45075940897494,-29.054796768350375,-29.329206681043754,-31.026698425795157,175.90708401596808,75.4278473219388,66.45438454154967,51.66261417986549,36.89328793110419,-23.661476790602322,-63.97879902003052,27.95382168612039,16.039597099305258,41.186210020046,6.272416757354053,7.238266887194207,16.320188570711075,0.0,27.95382168612039,6.336851488026598,9.572531317718942,-2.7239128956818703,1.3728732874393295,4.87756952115223,1990.8116757159248
0.0,19.888967752810355,90.69973134771693,42.75043557726374,6.7953446077633775,10.391624451412895,0.0,0.0,27.679756115826105,8.29141379504907,3.179472215729421,5.612864956378358,13.320251124746802,13.861562125481546,242.47142407017856,0.0,0.0,0.0,0.0,0.0,-10.0564829563252,-23.042323983323914,-18.748660810741985,-16.17313741702817,-26.18654111197235,-24.409791587781037,-24.409791587781037,-27.387895053647835,-27.862890926740462,-27.350033130544322,-28.01230812913013,-28.316992127915988,-29.9033375746855,169.95915085896905,72.5122732112095,65.5949943274168,49.29774191479574,35.177446863946216,-25.104737020300135,-61.16179989821457,27.071206852711605,15.53316236273482,39.73257556917777,5.849633074771108,7.137199551064388,16.354118491929377,0.0,27.071206852711605,5.621252936007383,9.30336016361294,-2.6701608590416877,1.5243345946860298,4.5582019618686065,1920.6042689601047
0.0,19.300958406951906,87.61774351122686,40.91444424996337,6.839382879514339,10.117957452254696,0.0,0.0,26.534595585735545,7.543800539878244,3.1199169884324527,5.5250671102906725,11.513982302255462,13.64769656559326,232.6755455920968,0.0,0.0,0.0,0.0,0.0,-9.655888259776683,-22.1556011734132,-17.969075176039148,-15.498297487059826,-24.967473394267877,-23.341270004420526,-23.341270004420522,-26.167375365314914,-26.588577877923274,-26.097040896355345,-26.688031279906003,-26.928057982438183,-28.57664041705928,163.1889176910036,69.4866279010932,63.13942978045419,47.14829240167006,33.60023710192745,-24.47831373077267,-58.6743692467186,25.689531505266714,14.740372162385857,37.573112876787754,5.679072408685123,6.725921135366573,15.050161880481365,0.0,25.689531505266714,4.984645119625574,8.910662962291454,-2.5591554202526705,1.2008540250759001,4.737033603301805,1843.0115955332647
0.0,18.858171263245996,78.25116464718958,38.54676405275055,6.065078756703102,9.855883304650952,0.0,0.0,24.173512413345478,7.620141140192532,2.9369864038962263,4.863061600857943,10.984027442237874,12.047157212729298,214.20194823779954,0.0,0.0,0.0,0.0,0.0,-8.888310797058107,-20.17355161695361,-16.53978635850468,-14.27131252015671,-23.09410677002958,-21.519005593307902,-21.519005593307902,-24.13838158805112,-24.5860800576925,-24.14010611770068,-24.6498327505486,-24.893387864647416,-26.301621806439393,150.21650831600655,63.985439921792995,57.00480284838862,43.395392249583566,30.958141954788363,-21.24636179880096,-53.87019326402211,23.81034446635052,13.66211519570362,35.00830985585616,5.2589208027707,6.0815682753567835,13.811937473077723,0.0,23.81034446635052,5.298206741318057,8.000740507390606,-2.3219343988744745,1.2185066744988404,4.046416705338691,1696.6831360961464
0.0,17.846119975354085,80.22925016733667,38.38496314393397,6.216460253434317,9.188246493645334,0.0,0.0,25.408384420878033,7.249079705545222,2.7583189898018445,4.959164716068306,10.907552656947605,12.395011829377964,215.5425523523233,0.0,0.0,0.0,0.0,0.0,-8.94032438361286,-20.450685158156414,-16.6730932887731,-14.3742568032971,-23.167323952185107,-21.719142177804667,-21.719142177804667,-24.373674686806016,-24.76047124729645,-24.247335956458286,-24.752971893559103,-25.000697775227014,-26.533888072585302,151.09556166322224,64.44699068910106,58.14194461051439,43.856447964838026,31.251049112515766,-22.08730555682228,-54.59122501724051,24.129920089095105,13.845484192227191,34.890354530942005,5.429924606702806,6.198537748227183,14.073645682366687,0.0,24.129920089095105,4.577474088644261,7.989545771800004,-2.671605616900961,1.239373032158877,4.40546605757796,1707.3019955976874
0.0,19.223614955401466,83.32319588598797,39.961571289099794,6.602667306240304,9.31091839311582,0.0,0.0,23.63042437925199,7.568701545408912,2.915452772970944,5.303256634257306,11.835087213270919,12.373824844127707,222.04871521913313,0.0,0.0,0.0,0.0,0.0,-9.22250117633877,-21.103286700908754,-17.11655419174895,-14.76173222005532,-23.71284506178744,-22.088828743680363,-22.088828743680363,-24.70455140750006,-25.1572569459491,-24.73254416521007,-25.374452390903933,-25.612752895776637,-26.98447916954255,155.8644782210372,66.18423699809594,60.01306018371466,44.77117182061127,31.85663126130981,-23.310135702273314,-55.920730745514824,23.777135386053047,13.643060188699895,35.51747020765065,5.126692324900085,6.495474489333844,14.584385000300902,0.0,23.777135386053047,5.357461993479771,8.432309202021187,-2.2112395519291406,1.1922178550765379,3.94151564210652,1758.8369928637078
0.0,19.29644309512027,85.20182467413673,44.575755473718075,7.061443904564142,10.736120417931373,0.0,0.0,27.163998951179657,8.562196605512044,3.064185414869991,5.703653410729497,12.375074626669363,13.22094760680822,236.96164418123936,0.0,0.0,0.0,0.0,0.0,-9.808511586512585,-22.239670576059954,-18.40711415523367,-15.878958678167285,-25.70941317363293,-23.963958399678646,-23.963958399678646,-26.887200726244213,-27.38112433627378,-26.859280367725017,-27.486121498107394,-27.734326143295984,-29.269325304358638,165.76832155674472,71.19332262449464,62.79314537327558,48.76702908757422,34.91170400077466,-22.408679300861152,-60.036938424753885,26.572514558363494,15.247018179385345,39.00664429595129,5.78113219754694,6.945421697644591,15.543969982828386,0.0,26.572514558363494,5.845249822835095,8.810283963734102,-2.716946782676949,1.2417682869150939,4.410663643074118,1876.9615724390321
0.0,20.10064152015973,89.57011943793647,46.9309599407067,7.218857590657367,10.708223975373912,0.0,0.0,27.028048686714843,8.479074217348987,3.23379949520069,5.557682820328404,12.734988327880059,13.785482441883483,245.3478784541906,0.0,0.0,0.0,0.0,0.0,-10.166525955558996,-23.144758296065813,-19.037719361295853,-16.39989716283305,-26.359112312061455,-24.619837896593253,-24.61983789659325,-27.556376056826934,-28.04705837437397,-27.53381220756917,-28.146625660886478,-28.43244953411496,-30.037058811680552,171.81892775999654,73.52895069419408,65.55656079459925,50.313029751229905,35.84869569400768,-24.01355864333722,-62.64123007510811,26.693374786234706,15.316366456059333,39.517558722436334,5.905982380632053,6.9876601728823164,15.915692193548052,0.0,26.693374786234706,5.806891331917625,9.174801223661575,-2.6721828854313623,1.4299773525539123,4.610681218221908,1943.3885231895995
0.0,20.14710497080058,84.34365628849613,46.596111525521955,7.362953607029573,10.671377179877117,0.0,0.0,28.40363864055622,8.629343434034821,3.127026224194146,5.773224653406968,13.033871391399561,14.002644750436144,242.0909526657532,0.0,0.0,0.0,0.0,0.0,-10.010877114406266,-22.487376380842864,-18.84076281550691,-16.26018728254976,-26.39093642834692,-24.613318984445417,-24.613318984445417,-27.65003906930064,-28.136398313719724,-27.584463516505288,-28.232679144620754,-28.517793238061344,-30.16012849902905,169.18839132003154,72.90256134572167,63.02217137160464,50.07875284199548,35.94036213563086,-21.321484916891492,-61.28177470807762,27.604036768068596,15.838894339591011,40.19819516624537,6.00063895504455,7.1996509764037135,16.326528054919986,0.0,27.604036768068596,5.755730703184418,9.283561763918975,-2.873612730850403,1.426426322996745,4.719082986517169,1917.5905736087504
0.0,18.484561863100478,80.90437757176933,38.69048943772445,6.611111420057529,9.118272807597009,0.0,0.0,25.385622445105618,7.373955716473583,3.0630289185528214,5.401476391800417,11.101350028907307,12.164629513053214,218.29887611414176,0.0,0.0,0.0,0.0,0.0,-9.055970471447678,-20.669223787222283,-16.865055676094688,-14.553101897169972,-23.461887458350823,-21.948763621280275,-21.948763621280275,-24.62310711329379,-25.037372022246135,-24.56268783964668,-25.110280611903438,-25.31862390800561,-26.778211984021514,153.05003331836534,65.24884279577641,58.661682657850164,44.28927634214502,31.614512455269693,-22.242694913919166,-54.90272569282153,24.310003563435295,13.948814119887635,35.34951813816703,5.5344413338152405,6.443818277442681,14.252985719312097,0.0,24.310003563435295,4.902543301211165,7.9706519370061555,-2.471412415262418,1.042341885642264,4.193977576047058,1729.1347010551872
0.0,22.32248212739801,93.61520473343946,47.21201964405599,7.232496209125844,11.266400956253351,0.0,0.0,29.605566547406212,8.536508350180256,3.3327446559758407,5.77001412454609,13.050733200055458,14.222634122445283,256.16680467088185,0.0,0.0,0.0,0.0,0.0,-10.62956063586912,-24.142316570704182,-19.80523166697076,-17.067551529303902,-27.476677248147247,-25.715832764459424,-25.715832764459424,-28.82517298411669,-29.296466743907875,-28.728118667255526,-29.330559638601652,-29.6258009225295,-31.339387401299177,179.64442514566707,76.52237952521477,68.25658400179341,52.03987653755466,37.02548247892097,-25.35862073164604,-65.01258935328556,28.26415980053876,16.21766571459947,41.302776441724255,6.291812061881744,7.2471067997905045,16.49745662379866,0.0,28.26415980053876,5.577440944274352,9.298818023457665,-2.9590674059059037,1.477092675244415,4.9238160989876185,2029.0847076246262
0.0,20.31304859936978,93.43487573649838,45.821892089368035,7.456183390496619,10.848482774196333,0.0,0.0,27.29013350910445,8.653411512347619,3.260864532462084,6.08381431896028,12.473116172399225,13.789837213207052,249.42565984840988,0.0,0.0,0.0,0.0,0.0,-10.345612582909702,-23.72356786115978,-19.300867807589988,-16.634342463240348,-26.707107668419667,-24.939033811273948,-24.939033811273944,-27.905056391922724,-28.40868711387854,-27.891387935897843,-28.555439576899087,-28.783621546896864,-30.387491206204146,174.84557348165796,74.58008636675191,67.57566943602599,50.78978689133557,36.167068554926644,-25.859206300472394,-63.3228531073294,26.96139060675191,15.470151002072594,39.968118423852545,5.954149157758577,7.225409125833316,15.940077366064315,0.0,26.96139060675191,5.960126887051127,9.181281212668926,-2.693284625296492,1.1415948068730364,4.608556000538126,1975.688429801922
0.0,18.7343749459603,87.6568406150803,44.616684889726486,7.178265878649233,10.733125105540628,0.0,0.0,27.820114911938326,8.329516234812164,3.2396175837885623,5.329605399298873,12.499508616482414,14.290874121579835,240.4285283028571,0.0,0.0,0.0,0.0,0.0,-9.949262063623175,-22.68356499225082,-18.69301893571727,-16.121656717237222,-26.086080019369184,-24.36740661534673,-24.36740661534673,-27.35248402848768,-27.820692774060525,-27.28508938092509,-27.846499488283612,-28.156741370815773,-29.878668920478383,168.14706884609052,72.2814594567666,64.3244073780251,49.59027264118702,35.49801388091814,-23.3324332370552,-61.062983103301995,27.134600610316845,15.569537007390437,39.538224355733526,6.028201918330337,6.88174609637789,15.895151235484667,0.0,27.134600610316845,5.5409319002703885,9.34309080549856,-2.788584334541776,1.5521406970790173,4.947783316081274,1904.422591689044
0.0,19.882781572603612,82.5511287674102,43.42981321620139,7.257872171092637,10.555933465205936,0.0,0.0,26.99349184986142,8.273219788967928,3.378198958876994,5.712361833591027,12.197377452316529,13.780652037809945,234.01283111393766,0.0,0.0,0.0,0.0,0.0,-9.684820670899118,-21.805002895627496,-18.15713632983486,-15.687505569121992,-25.504172197942246,-23.729894927827335,-23.729894927827335,-26.661509184546688,-27.150088182273482,-26.67159959223937,-27.28375552805423,-27.532465951439846,-29.139219776048368,163.67788864118842,70.33494247274925,61.22231764776665,48.050792076541185,34.52199734427694,-21.328811119643554,-58.64713276449457,26.648616095985435,15.29068440920535,38.95193488143899,5.86941877474677,6.956660529736844,15.569922111749442,0.0,26.648616095985435,5.781999973098151,9.163808682231213,-2.491219815869777,1.2442986961458171,4.616843355578732,1853.6041686247756
0.0,20.206537342296535,81.947029452327,42.14558255329446,6.607807915310301,10.104317277568393,0.0,0.0,25.391662895679126,7.789381745417681,2.9625579745831256,5.486773158988032,11.311646290458164,13.315954865964768,227.2692514718876,0.0,0.0,0.0,0.0,0.0,-9.42778503213368,-21.314072932897638,-17.567459774991068,-15.15230769369971,-24.450944813047354,-22.811556774742535,-22.811556774742535,-25.57027478804905,-26.017297753144803,-25.53728233628398,-26.14281343831637,-26.368077661887153,-27.945290909432302,159.33386905752377,67.93538241436383,60.040854173682504,46.16421700803872,32.92226053350603,-21.906175278644497,-57.353409672081625,25.076974941428208,14.38889390675318,36.8964253604779,5.461727115317357,6.613770475231668,14.71661049236048,0.0,25.076974941428208,5.290212604683449,8.78399334781882,-2.4991691407342325,1.126997316243636,4.531961518145948,1800.1886047154994
0.0,19.28325825622353,79.54718754488685,40.41377988928956,6.135047683127852,9.706174244978794,0.0,0.0,24.829450438875256,7.950871184190827,3.1054038563326114,5.02557159515259,11.537144028283969,12.200053143160833,219.73394186450264,0.0,0.0,0.0,0.0,0.0,-9.114292974655374,-20.639819324362314,-16.991982450422604,-14.653333582454204,-23.69632965123517,-22.10409859169602,-22.10409859169602,-24.79338654455317,-25.260637945124866,-24.795584844680363,-25.309214356215932,-25.564948580275697,-26.987130471760608,154.03571023585218,65.69823162865048,58.218550031352905,44.67836590158366,31.855536046692134,-21.32863751353395,-55.536662739691266,24.445849948706062,14.026761289745343,35.88205725252348,5.526672666893874,6.305010378721546,14.344199961929265,0.0,24.445849948706062,5.529602373629564,8.113558425946579,-2.421268810561263,1.2794387835689562,4.086494717214254,1740.501786545574
0.0,19.797052913367022,85.08570595565624,42.88606563852523,6.278140873847904,10.142355048014315,0.0,0.0,25.837344069067303,7.472968740023471,3.139007167329223,5.364572064856399,11.338022863137182,12.516264560036637,229.8574998938609,0.0,0.0,0.0,0.0,0.0,-9.542575580125272,-21.763167890792154,-17.768558746992877,-15.296890202198963,-24.546918744439346,-22.964968424917803,-22.964968424917803,-25.698599969813174,-26.124125436357485,-25.656019269622885,-26.208483011606436,-26.434494141275977,-27.924864714183823,161.27388169892296,68.58361819493796,61.72951614217745,46.653715783051304,33.09359686032718,-23.356189813478785,-58.69552469232757,24.84893686842447,14.258048154950375,36.70354948908968,5.576171569550247,6.495306153657365,14.489716717867752,0.0,24.84893686842447,5.035804337802446,8.233836616505101,-2.4371644022210246,1.130734088800966,4.282427943531536,1820.6899936417774
0.0,19.68774730040306,90.46488211423,47.11187310491243,6.865224730536257,10.152460489808012,0.0,0.0,27.560171778917248,8.428775957762815,3.36421355144893,5.666842117132259,12.20710579245867,14.528871901155199,246.03816883876488,0.0,0.0,0.0,0.0,0.0,-10.195380903856488,-23.280798715450683,-19.113328061095146,-16.445091443876354,-26.38615341052876,-24.755662671940982,-24.75566267194098,-27.723878196707382,-28.190712985962726,-27.632921750740714,-28.190096137939584,-28.46693852933943,-30.259520694956894,172.30658955309258,73.73157928567231,66.09798359142385,50.578193949856264,35.94266471140939,-24.36689852280614,-63.36349126617884,26.981324650180916,15.481588938135557,39.44552800036666,6.268317447018332,7.0518850999211224,15.972864963619188,0.0,26.981324650180916,5.524672062193413,9.37806974720582,-2.904103895569402,1.385042982788863,5.150802153949378,1948.8562795015835
0.0,17.59770825860392,77.90783782088758,39.215205154847006,5.878348413732753,8.827020187107207,0.0,0.0,24.20469903466735,7.54864837581781,2.9720318463922277,4.975851797833464,10.412399205837632,11.37531161083558,210.91506170656254,0.0,0.0,0.0,0.0,0.0,-8.748954950679062,-19.968005098425692,-16.335775662642053,-14.063504114097151,-22.57660578388409,-21.19062673928641,-21.19062673928641,-23.744577422825266,-24.166563913124502,-23.675877802915778,-24.115568645332196,-24.323481204588276,-25.72859111591983,147.86133092241104,63.053730784151504,56.670455865770705,43.02870186004419,30.564464937992227,-21.237381955116874,-53.96037873533369,23.215622975537286,13.320870509876682,33.779468573077295,5.526757260088917,6.016038706258966,13.409652419622203,0.0,23.215622975537286,4.99392296212112,7.337871488625506,-2.5547254136966897,1.0401869084255022,4.037440122210073,1670.647868939658
0.0,18.034656813501215,78.66105344509954,40.69504322749363,6.4109211066471765,9.594595957934322,0.0,0.0,25.319844213090988,7.2164522911249325,2.93040739425248,4.908247480358991,11.731657069119986,11.570697591639512,217.07357659026277,0.0,0.0,0.0,0.0,0.0,-8.993223582998777,-20.418544500683236,-16.83569378769161,-14.516334092879008,-23.427357400393223,-21.873517649714408,-21.873517649714408,-24.523723287917964,-24.933882220901737,-24.480116764945297,-25.019863193050472,-25.283124870470264,-26.616385681764594,151.98958227140065,65.08399431886212,57.71238529920918,44.47861958196933,31.76392057672091,-20.94866814589036,-55.07859640970324,24.090588475625463,13.822916142663082,35.35839737923266,5.292907815746945,6.225346126645745,14.245547478905651,0.0,24.090588475625463,4.8539518696304675,7.739708535567091,-2.362500421494465,1.3170986462867535,3.8309890560724202,1719.4291635662184
0.0,16.835964163471857,78.22580410845868,37.130540812469164,5.948815294915816,9.056741226499975,0.0,0.0,22.821923650226747,7.515883904307783,2.832418685732103,5.18731214181942,10.44713678562452,12.274520433829153,208.2770612073552,0.0,0.0,0.0,0.0,0.0,-8.637575543949971,-19.825678590272247,-16.112331598355308,-13.894966681112168,-22.44563448118435,-20.923454878672022,-20.923454878672022,-23.454402048084994,-23.897470457363415,-23.46099699527255,-24.022454443011352,-24.21768037682355,-25.655855302880898,145.9789681248939,62.29809308246129,56.51413368855024,42.39312644286148,30.235743830010325,-21.711670419908437,-52.656492929070026,23.006519129288034,13.2008890102659,33.928528688485756,5.104889462484648,6.164027840299456,13.602870159201677,0.0,23.006519129288034,5.243413127555238,8.14207136177196,-2.272470776752545,0.976715698480036,4.132449072057193,1649.7523962474613
0.0,16.791933132238388,77.8552357264709,39.0771798333331,6.335576647880206,8.837830602814217,0.0,0.0,25.26836385238314,7.086335905239595,2.756696195044648,4.840963546214594,10.997169776003155,11.672332719863512,211.5196179374854,0.0,0.0,0.0,0.0,0.0,-8.761479717372563,-20.01474318933127,-16.421067822917255,-14.151132506142705,-22.770853983861038,-21.371679150233085,-21.371679150233085,-23.976005623635988,-24.351650035488653,-23.844423914554383,-24.328840650007862,-24.578579135228004,-26.015563962911404,148.07300519473657,63.446612742748854,56.8432766174607,43.44140259496763,30.996392850069842,-21.011959109010192,-53.90489947220496,23.673543072474335,13.583620052354874,34.20252947273364,5.397536102027871,6.0904056375701625,13.876757130321389,0.0,23.673543072474335,4.445495998256373,7.543303274189711,-2.6408399069832225,1.2494420913555686,4.129029445673801,1675.436529221543
0.0,20.564236610367562,95.2054615940644,44.5228139873759,7.499287741520466,11.332055488835488,0.0,0.0,28.508223358890703,9.140972648816735,3.4607094240782215,5.802629903116295,12.688951985467813,14.1768377592282,252.9021805017618,0.0,0.0,0.0,0.0,0.0,-10.490105175121625,-24.0864788733922,-19.549651294589392,-16.86508401463894,-27.20473929455709,-25.407292108807805,-25.407292108807805,-28.4887719575653,-29.0180452024949,-28.465386066944696,-29.039424956102188,-29.313147419716046,-31.006400872517677,177.2875642237895,75.61461627797229,68.67895993468997,51.381273363587596,36.66309431514442,-26.526501659374432,-63.75130087747455,28.010906724456834,16.072351869854916,41.027121974121705,6.338093375503253,7.1720638815726545,16.184909228210312,0.0,28.010906724456834,6.263588697391703,9.31144653802934,-2.877383951425032,1.3694339784563594,4.865391221198859,2003.2257795476105
0.0,19.641068596674327,84.8928154187835,44.59863927475767,7.374199512213401,10.134543185733554,0.0,0.0,26.858271167147937,8.104433181182134,3.1759575039379686,5.996938739928463,13.133862411573922,13.79945661886156,237.71018561079447,0.0,0.0,0.0,0.0,0.0,-9.838027633717996,-22.250234187882143,-18.454154255228524,-15.934653274642045,-25.83895658325468,-24.022194454762513,-24.022194454762513,-26.95132654327979,-27.4290203836819,-26.95820848157857,-27.700888456361117,-27.95706160132097,-29.49082694914379,166.26715622305215,71.44302938774231,62.69741149752045,48.86641686428385,35.06225926457356,-22.19540392126305,-59.83141725448774,26.626052981704223,15.277737941046546,39.29967188561477,5.627209141899842,7.278573445551135,16.25934611243024,0.0,26.626052981704223,5.653181543220262,9.39233821238257,-2.4512516379618727,1.2816347056226727,4.40711840647899,1882.8907324240079
0.0,19.498802630098634,85.96194550201096,43.64626991484682,6.898582071658328,9.760182909917393,0.0,0.0,27.550998551452793,8.116060425023903,3.2482585449567956,5.758382920692886,11.626151214122451,13.618786693001782,235.6844213777827,0.0,0.0,0.0,0.0,0.0,-9.76708101350202,-22.21978942433069,-18.275846487960692,-15.750258528290432,-25.365213461299266,-23.793855285974743,-23.793855285974743,-26.696667775786935,-27.138789799054877,-26.584889280428506,-27.133609985368004,-27.364380778044463,-29.060885163445477,165.06812596758527,70.61629541019742,62.90199732701245,48.25751743681189,34.40980857366237,-23.05994817499851,-59.97596674590976,26.386805652324266,15.140460440552053,38.151555166291686,6.132105676868965,6.912929612089982,15.346336967415347,0.0,26.386805652324266,5.232213293111735,8.744054248311787,-2.8838471319121686,1.1545466913970968,4.874732444689995,1866.8447531967693
0.0,18.82610357799281,81.77755450050026,40.06761833986491,6.03385516609599,9.513531058564514,0.0,0.0,25.387300114067763,7.270651544463394,2.914206265699779,4.956744742573285,10.980135057991678,11.928998423511084,219.65669879132543,0.0,0.0,0.0,0.0,0.0,-9.120085709978701,-20.836137293418126,-16.971439085701604,-14.614269700349803,-23.462772408598934,-21.99966168945233,-21.99966168945233,-24.64481647444954,-25.042942008037755,-24.55141437105584,-25.03975194428936,-25.281188374682944,-26.738207361030412,154.1336101061129,65.52308868521253,59.18094450391181,44.529000542893044,31.597561481315278,-22.596609996588448,-55.976475548606054,24.044675802174474,13.796571952871261,35.11031945182577,5.4733130339713085,6.164651638678809,13.958823720611132,0.0,24.044675802174474,4.7115447761918645,7.742402864786108,-2.55910676827153,1.2079068961055235,4.186595558724976,1739.8899479478478
0.0,20.440116042248366,88.77391618118975,41.385302307819096,7.112061303916574,10.32714277466008,0.0,0.0,25.816125600498225,8.45589598831367,3.190743648795303,5.614614710790236,11.799518536812727,13.711903659654643,236.62734075469865,0.0,0.0,0.0,0.0,0.0,-9.826114510591719,-22.48325575177305,-18.234994830628125,-15.7380418108045,-25.353496710578344,-23.651371482232037,-23.651371482232037,-26.50071920336318,-26.99716235900228,-26.50146252189496,-27.097720950407787,-27.338340848669624,-28.953393878248836,166.0658190061132,70.56152174858545,63.93464283063764,47.69101814902681,34.000041984200465,-24.839273350552105,-59.29596342492578,25.900806482421142,14.861599433160231,38.153539003943514,5.7715727064686675,6.818436495170015,15.23638702764475,0.0,25.900806482421142,5.8750669306403065,9.071213384442842,-2.5808290576733643,1.2038217843797794,4.640690275211801,1874.313571378271
0.0,19.144314805515098,85.47422470477463,41.07473171194972,7.04515980816613,9.723811821217817,0.0,0.0,26.6768120542644,7.698954684771037,2.9623497195189588,5.707469861054275,11.767374292943225,13.807264611068971,231.0824680752443,0.0,0.0,0.0,0.0,0.0,-9.580371395580658,-21.873538492090077,-17.87517970675158,-15.427636618993619,-24.911203374422833,-23.28510070597831,-23.28510070597831,-26.131052356346196,-26.553920712579572,-26.036369766532943,-26.674599354180476,-26.911639418081496,-28.573300495809825,161.91264822681524,69.16981984842906,62.096111009291405,47.04405802615088,33.62816438585783,-23.378113695483222,-58.122609540678276,25.869935918260936,14.843886241135264,37.630214885442484,5.656945158924562,6.893381727679298,15.356076177620807,0.0,25.869935918260936,5.004359245365435,9.032650859766367,-2.694595439405602,1.1859118666250232,4.774613751302605,1830.3929065830744
0.0,17.485501945267103,76.4110316110519,40.67427966123345,6.6970078045596955,9.813684258572067,0.0,0.0,23.5473412991138,7.941457731621639,3.083764940849606,4.886180945596513,10.996866267241234,11.84037251861693,213.37748898372394,0.0,0.0,0.0,0.0,0.0,-8.831433639264333,-19.99658636798657,-16.573792706021074,-14.30182231038767,-23.105563385511566,-21.513746893809408,-21.513746893809408,-24.112467055432372,-24.594321415474774,-24.164269142966283,-24.65777397435439,-24.893961203286086,-26.25582344030661,149.2552583955439,64.12223058818002,56.398205428712565,43.910838627250115,31.460712394314108,-20.01282618233933,-53.95322715823801,23.622581234642,13.554378707273363,34.93270801969643,5.322804210430967,6.067826077334066,13.728393473359327,0.0,23.622581234642,5.702418462040277,7.927200180761283,-2.2390392695813617,1.1816451317375538,3.913172337855646,1690.152634743117
0.0,19.928540220723804,82.38749809114016,40.420159269676525,6.619545905673687,10.470977028643292,0.0,0.0,25.17601334532099,8.418492086183678,3.215993307708676,5.276000166565388,11.390992192166134,12.552249995221722,225.856461609024,0.0,0.0,0.0,0.0,0.0,-9.370795532766568,-21.256514756668853,-17.434076956848063,-15.052019694010614,-24.369689495979184,-22.686532355402495,-22.68653235540249,-25.449647401285112,-25.956338350720408,-25.491116098307437,-26.01657540938407,-26.248821194466217,-27.709055238991745,158.37072051320885,67.48574109581516,60.037981633087234,45.73095181534423,32.67324684405363,-22.349516458052925,-56.56749614907266,25.11694433126641,14.411827905420992,36.97194588512248,5.638142797024918,6.43792624762475,14.424899811829517,0.0,25.11694433126641,5.996342596867435,8.356416294498977,-2.4221494893162427,1.1619260810593621,4.195833700722744,1788.9979654384601
0.0,19.264778373727896,86.90678062380226,42.0341388467075,6.946365762950718,9.792043619293102,0.0,0.0,24.989370865359355,7.792402974993504,3.12700906886647,5.104300706957259,11.6890420363529,13.15939531326315,230.80562819227407,0.0,0.0,0.0,0.0,0.0,-9.581058091790666,-21.98014057450416,-17.828274041098023,-15.36330176539352,-24.600520753017523,-23.010579860844697,-23.010579860844697,-25.736791907661512,-26.186827092960755,-25.71307821852921,-26.255417177469106,-26.528241352793344,-28.08520756709113,161.92425370611232,68.88137448616176,62.63111826394648,46.77413764353083,33.25421942490715,-24.27566235985578,-58.53650619103546,24.78149301715128,14.21934961085168,36.65272195708278,5.593551862803821,6.46924054748283,14.797885927503028,0.0,24.78149301715128,5.325860181056154,8.685611581587452,-2.46654279393735,1.3649398405255706,4.473783731675699,1828.2000714352214
0.0,19.977527256437313,89.93987049932069,43.80280855999762,7.241349098230348,10.446368797451486,0.0,0.0,27.54121361698144,8.425546989050934,3.202179098266717,5.414367466273068,11.914100464072638,13.035073902589058,240.94040574867128,0.0,0.0,0.0,0.0,0.0,-9.996120243422505,-22.883536654515705,-18.63480160917574,-16.05919499537892,-25.753293496919014,-24.15094909858427,-24.15094909858427,-27.05278242542929,-27.52046045083055,-26.965206094357384,-27.472726074869662,-27.73400015052071,-29.334084881826445,168.93899346666393,72.00141228200735,65.09782497900281,48.994336239526056,34.86930499169782,-24.842045520317882,-61.16377615285725,26.377904979956618,15.135353332111103,38.46559202261763,6.093074899137057,6.721522137331025,15.204626188698057,0.0,26.377904979956618,5.534651188180594,8.437393506905678,-2.8908958008703403,1.3071546710579574,4.59768039568338,1908.4771478553434
0.0,19.54445700432354,84.60755796058066,45.43974451633127,6.908554595265236,10.389379833444778,0.0,0.0,28.38421767016995,8.670579232230262,3.2119363676075525,5.8148545944199,12.033985667118841,13.080421393447331,238.08568883493933,0.0,0.0,0.0,0.0,0.0,-9.853077036050891,-22.265628484141125,-18.518634094902293,-15.96167712612089,-25.80705636647613,-24.168489051796957,-24.16848905179696,-27.14066074177392,-27.61964622569394,-27.043030580210587,-27.591935215487954,-27.824297098663852,-29.429920898494508,166.52149798970578,71.56419084523354,62.699153649998706,49.14676190364905,35.13112543173452,-21.908404310581957,-60.720896907656204,27.017286519197903,15.502223465194048,39.06586477404665,6.214048334512109,6.977361514451454,15.485075091638313,0.0,27.017286519197903,5.668467265325706,8.466825048896306,-3.0021119669045557,1.1625069200315536,4.613596344551025,1885.8650750628015
0.0,17.744545172578572,75.79334755154093,38.75921970120347,5.774534081570595,8.974889995905697,0.0,0.0,24.55234031627612,7.041264285546832,2.9413125084090352,4.9892139485985005,10.531851010614893,11.662719458142906,208.7652380303876,0.0,0.0,0.0,0.0,0.0,-8.655297535348188,-19.644416038989775,-16.175185609531994,-13.937046987001047,-22.490163216247197,-21.05911731533146,-21.05911731533146,-23.62836620092346,-24.019302823521457,-23.555493075065105,-24.040617350994797,-24.254837918265725,-25.676910652031147,146.27847786628678,62.486760164100815,55.50900895914323,42.649092979717594,30.375830754847346,-20.284338592397702,-53.149812931155246,23.354684897663855,13.400662719607798,33.938243906222326,5.356107887470612,6.060959832483478,13.546286190362535,0.0,23.354684897663855,4.626468906485256,7.576538394510285,-2.4147953790615766,1.0717458838849776,4.086181063632621,1653.6192209420365
0.0,19.701787664749887,81.62291536627737,40.66597264705895,6.928339995484293,9.98871274352423,0.0,0.0,24.93777100670855,7.988425073386008,3.0127887089285412,5.639370947615648,11.784701805095022,13.015315144809408,225.28610110363792,0.0,0.0,0.0,0.0,0.0,-9.341266273487244,-21.157066270896788,-17.404990521968713,-15.036116373481493,-24.356641850440543,-22.638183594874864,-22.638183594874864,-25.39116547107229,-25.8688657762053,-25.42035024581444,-26.07981057873685,-26.299030241329426,-27.768557150375887,157.87166255682348,67.41443854681444,59.68480071429776,45.73346329674154,32.751610881034324,-21.93811465197961,-56.25443240292615,25.02483298061474,14.35897542001435,36.98327702943833,5.34795573340324,6.7361273143986065,14.910481238112249,0.0,25.02483298061474,5.653258048911309,8.792779345009222,-2.335167024474699,1.0967563667829587,4.222535799800186,1784.4801678229617
0.0,20.980592560967466,89.98490731273506,43.98962252786178,7.1975185140249645,10.458509969834344,0.0,0.0,27.186185479905923,8.097784576605944,3.3832966934480444,5.54314725340414,13.100378192048492,13.834314931069546,243.7562580119057,0.0,0.0,0.0,0.0,0.0,-10.114367574192416,-23.04470820530999,-18.825353553377628,-16.241511998774055,-26.19623995282183,-24.419978722051425,-24.41997872205143,-27.36309614174253,-27.83797387190992,-27.36203789873388,-27.998219244361074,-28.298251612579946,-29.87704152883215,170.9374273143893,72.81883069751639,65.31464682081923,49.40441231389072,35.237775618711964,-24.670260491915826,-61.35933399676022,26.753180798937432,15.350682491935887,39.49975380544312,5.861226475173655,7.044209731985628,16.13580762844949,0.0,26.753180798937432,5.619854794880332,9.297823016087062,-2.477929781725612,1.5010624785814883,4.536491914982484,1930.7813756556623
0.0,19.636792126779422,81.34785252347517,42.456408058883596,6.540118158372728,10.224733748704782,0.0,0.0,25.74389184457066,7.80375471803056,3.11941166184338,5.754043319230919,12.442537348432992,13.29854225151011,228.3680857598343,0.0,0.0,0.0,0.0,0.0,-9.459139909762552,-21.34344420037255,-17.69759459455212,-15.279200178895248,-24.857342892914065,-23.063348181825816,-23.063348181825816,-25.886065053172313,-26.355733921276553,-25.924432427102552,-26.634262893674546,-26.87256099958164,-28.340932964502297,159.86378079706864,68.50430496276564,60.03083442243775,46.72444807616587,33.471706171685625,-21.31701810103742,-57.4304064511249,25.65872985498134,14.722698512388423,38.00548652495364,5.364954923019011,6.946249172278174,15.469548680951677,0.0,25.65872985498134,5.55821145685493,9.079325065944172,-2.24554326117563,1.1922058530472546,4.219217185565938,1808.8924172674451
0.0,20.174908145011624,96.06097355185099,47.22346979820207,7.218771650638451,10.974642645782914,0.0,0.0,27.69390577726703,8.874909000388673,3.3104519507204513,6.0576300496653595,13.48623141698285,14.730735122819235,255.8066291093297,0.0,0.0,0.0,0.0,0.0,-10.60499345069019,-24.366935056952293,-19.82682649235532,-17.079823430603707,-27.503872790526597,-25.642379232813052,-25.64237923281305,-28.701718162507746,-29.222510337723794,-28.701676425116734,-29.418149799534376,-29.70309242195201,-31.38101812166772,179.22922850583387,76.57740060349582,69.51528820660762,52.301684673690616,37.23734748052402,-26.54568534524337,-65.2339838934128,27.80964393868464,15.956869484973259,41.36199253996861,6.022139942635161,7.483198502825456,16.88201144872508,0.0,27.80964393868464,6.163221008473964,9.909386637916914,-2.711687991914709,1.4255684531600963,4.821348484902321,2026.231774650174
0.0,21.070388295102088,83.80045163722446,43.72888369870645,6.88991280458024,10.98204937233971,0.0,0.0,28.031231660000742,8.126521650643742,3.169734730207305,5.550189814342464,12.458494631021315,13.487051370043742,237.29490966421224,0.0,0.0,0.0,0.0,0.0,-9.832355927489356,-22.103250028479515,-18.371914591866787,-15.863409498096635,-25.780030804509572,-24.013426787238863,-24.01342678723886,-26.981209670812326,-27.444435294382284,-26.93649434625772,-27.546919963726562,-27.81812659814144,-29.399362008769504,166.17130179971872,71.12360786449352,61.98360408642793,48.43216120903715,34.68514820915159,-21.816847550796524,-59.5702943189302,26.977391905949112,15.47933237251526,39.34854895013465,5.8142963386030315,6.907037094785148,15.64516614440676,0.0,26.977391905949112,5.481960042248015,8.943532576215613,-2.644561608395727,1.3568472804426834,4.543518793828129,1879.6013519996516
0.0,18.89041834680502,82.81572921782207,39.04035957290936,6.204925557527133,8.772915946969698,0.0,0.0,23.518807605842447,7.1869816831770095,3.015583236447004,5.149717357535373,10.625484705917279,12.588139608491462,217.80906283944384,0.0,0.0,0.0,0.0,0.0,-9.054718781174778,-20.797334110666426,-16.778025800010397,-14.448572163047357,-23.087189825402344,-21.638674061022304,-21.638674061022304,-24.195674420595367,-24.604642751432383,-24.153831455329968,-24.682055527565012,-24.898896147578768,-26.418590680881923,153.02887918159163,64.7801836578522,59.315125167912534,43.802784816445204,31.02055085042892,-23.500604049909533,-55.318300569058174,23.243344782956697,13.33677697972773,34.27750838169584,5.362703016227371,6.234571370011599,13.907318048487172,0.0,23.243344782956697,4.839861903396642,8.221452253445342,-2.3471197797803676,1.0848540124762263,4.366687355046119,1725.2549141071554
0.0,17.3814019510896,79.23038516138071,40.400907446123185,6.111535532446924,9.61888528250408,0.0,0.0,23.968793540127102,7.684802839190649,2.9921145584578634,4.714418124629885,11.579801615249966,12.615341781118701,216.2983878323187,0.0,0.0,0.0,0.0,0.0,-8.959481447128063,-20.429869671210866,-16.78858064694568,-14.47062622358321,-23.39652115816995,-21.805575548978545,-21.805575548978545,-24.444823871341953,-24.898248066679066,-24.452869230307186,-24.97306173718615,-25.262591428275236,-26.7219616095646,151.4193247782333,64.8790630540854,57.940032449779295,44.402785842885756,31.695104534478634,-21.290352711601415,-55.04522496704985,23.990985568252043,13.765765083958922,35.41740708906728,5.310950588925284,6.162935690614907,14.32463552702301,0.0,23.990985568252043,5.365966808723229,8.421990303360634,-2.31883603046742,1.4485175659850213,4.193351477758068,1713.2889313987926
0.0,19.499077274532993,90.33740214787593,46.05516277144685,6.896231557058754,10.905550470947949,0.0,0.0,27.501138098669227,8.424567924781446,3.300496023899737,5.369102688294139,13.156027196896929,13.155845707228695,244.60060186163264,0.0,0.0,0.0,0.0,0.0,-10.135122197951892,-23.17174740276892,-18.98392679795503,-16.351600358008643,-26.34595802693171,-24.58544331725941,-24.585443317259415,-27.53218601183035,-28.023399953079387,-27.521831199999763,-28.113388364846475,-28.421213550034476,-29.922725143490137,171.288189926515,73.31241193511765,65.85151894133972,50.186051497295466,35.75154221334684,-24.485883206536215,-62.51072049267125,26.786134847476962,15.369591164506673,39.65700209873449,5.911881212006256,6.909152644207666,15.930417771572618,0.0,26.786134847476962,5.813182736674926,8.841405176639476,-2.61138518810652,1.5400499559135268,4.314440530589218,1937.4693819165009
0.0,16.420470590782184,76.48927953223455,40.559683833920154,6.246417038244418,9.38076170031131,0.0,0.0,23.637127515836863,7.246791508773634,2.6688325322464514,5.024849369113057,10.875928098521538,12.394075491707317,210.94421721169147,0.0,0.0,0.0,0.0,0.0,-8.728016109225463,-19.872533909835376,-16.418530604081194,-14.148935455473536,-22.835997707264912,-21.302898815269085,-21.302898815269085,-23.87237732958039,-24.28605878406351,-23.834472828471252,-24.41582123552863,-24.645867098523983,-26.096487147939772,147.5074549471939,63.43676226449756,56.293972827246066,43.6168018083923,31.17620972077337,-20.195306704988482,-53.89682138702584,23.356772241717152,13.401860414792322,34.46973356000069,5.019985526426986,6.175769236010003,13.893217097252391,0.0,23.356772241717152,4.895638514593099,8.225866626079515,-2.351152994180535,1.1509198668969463,4.168208865627802,1670.8788082671647
0.0,19.141424173338187,87.79259245860513,42.27402136783701,7.2533987516853236,10.398827489810108,0.0,0.0,27.11025404635263,7.870004652976723,3.2544344234366984,5.4440975424314395,12.79158022947271,14.139166121808545,237.4698012577545,0.0,0.0,0.0,0.0,0.0,-9.8381702676264,-22.482547846491567,-18.39109595410029,-15.880500293192203,-25.72865966055237,-23.962813841671153,-23.962813841671153,-26.893880620609895,-27.34866712495673,-26.870813128773065,-27.50810217536855,-27.810323237667358,-29.44603137398602,166.26956680118977,71.20023445656476,63.87017012105455,48.50797235976571,34.7500001470313,-23.92242233755058,-59.61993970335046,26.643639477672448,15.28782888005611,39.076896148560294,5.742350267575125,6.956110061436922,15.979608329738136,0.0,26.643639477672448,5.382088808838297,9.439125502537633,-2.487915844138426,1.5120125190054825,4.700040619270911,1880.9866597424118
0.0,21.44465613010749,92.64963155548149,48.44021450205677,7.2298276657858,11.118661116240203,0.0,0.0,28.905411476652645,9.210370753275406,3.5828149366956015,5.782615870139454,12.786094843556958,14.368302380179259,255.5186012301711,0.0,0.0,0.0,0.0,0.0,-10.59068011523359,-24.042569228677966,-19.818042315761897,-17.069535492338826,-27.476008502759534,-25.726011816179295,-25.726011816179295,-28.833967653693243,-29.359240957457672,-28.784160590710794,-29.322578825854986,-29.60958790739258,-31.359413414003033,178.98732660526602,76.53127462490507,67.94912922889513,52.333043333304815,37.260497912958584,-24.70050232658636,-65.26969421569864,28.251575652340264,16.210445068019972,41.29225065637928,6.576933574415604,7.218522821998555,16.378133143724916,0.0,28.251575652340264,6.216252115555403,9.340357128152199,-2.9941186377200024,1.435906951859101,5.0279452520270596,2023.9503199327248
0.0,19.052276541590807,88.27430339193211,41.83510480224403,7.048305519219683,10.08785753345541,0.0,0.0,27.40594304616807,7.997967801294878,3.277613023602369,5.810022098090629,11.849962709085998,14.18114062607742,236.8204970927614,0.0,0.0,0.0,0.0,0.0,-9.815888027974864,-22.485966275424154,-18.33433065224055,-15.819671899395868,-25.570601698885653,-23.904446488617804,-23.904446488617808,-26.834670489956086,-27.28160042338068,-26.761310420127526,-27.363835928357666,-27.603692300722706,-29.32875213677652,165.89298678341837,70.92751030934302,63.999991147392514,48.312401453412456,34.52831764102257,-24.274312244539594,-59.716427281991976,26.63597855956988,15.283433129050911,38.69109514915398,5.986469186736391,7.010023961033628,15.606744467928554,0.0,26.63597855956988,5.289111638160856,9.224357004291866,-2.7088561631340218,1.2000018629429992,4.956783621785554,1875.8435532674055
0.0,18.235487244917746,81.99056568721937,40.32981669739312,6.822282683372506,10.119432945250711,0.0,0.0,26.818346479894934,8.291252604567637,3.076450201704185,5.628237636374915,11.89623891087325,12.919090217049298,226.1272013086177,0.0,0.0,0.0,0.0,0.0,-9.359219816666348,-21.273589504547015,-17.54379072752857,-15.156039881187898,-24.673620305432628,-22.989594803095137,-22.989594803095137,-25.854423161707793,-26.329418499185575,-25.81659044538316,-26.41018787588399,-26.642102199663267,-28.164624741330872,158.17508562897328,67.95211567964445,60.18270287357004,46.418845910062515,33.33804960042297,-21.807862813649336,-56.70270354644202,26.04152675768252,14.942343187779533,37.765179050252875,5.746456208901622,6.788505415939033,15.110784480161508,0.0,26.04152675768252,5.621246597370201,8.544276868196919,-2.6700060071974363,1.1602677795641183,4.3748133488523795,1791.1424813326967
0.0,20.13664334973387,87.21487168497174,44.343529067687875,7.321354693453384,10.77274013600149,0.0,0.0,27.37158815972532,8.423414051959634,3.158719776629446,5.844124228176181,12.518629923533124,13.589726758103954,240.69534182997597,0.0,0.0,0.0,0.0,0.0,-9.971611732168467,-22.63022504718931,-18.649879258461528,-16.096920227445604,-26.03922494145838,-24.261063608992,-24.261063608992004,-27.212892178243422,-27.701246679954497,-27.1933999943987,-27.850116868214357,-28.096953945765232,-29.667280826637512,168.52478844293506,72.17055338704091,63.94207867364166,49.21884940048241,35.227217019077145,-23.27279301133008,-60.625956566514425,26.83236586902483,15.396118018954102,39.450459146150216,5.802790613073434,7.079050571736746,15.795877825338545,0.0,26.83236586902483,5.779343215515647,9.077552512737967,-2.644070836443987,1.2349263435605646,4.512174245365987,1906.53600856349
0.0,18.78211154280901,88.22571309480155,41.68927413609624,6.524877453466052,9.94244000135459,0.0,0.0,25.781970444874233,8.064552964430252,3.13887635355105,5.351569468317553,11.966141525268107,13.979215311834523,233.44674229680317,0.0,0.0,0.0,0.0,0.0,-9.684444932901787,-22.272829053371595,-18.05892673855466,-15.562661455378814,-25.08318646991734,-23.43351326857747,-23.43351326857747,-26.260876811843584,-26.722880244135236,-26.2240635591004,-26.806940557129575,-27.084143356129605,-28.747950040144982,163.67153849757963,69.77520379922352,63.587332022376046,47.495926756198244,33.80616817619637,-24.638381072425503,-59.2796315168807,25.700968487102195,14.746934577454999,37.77686300507311,5.7359330778434225,6.738415570979374,15.360074354895726,0.0,25.700968487102195,5.467496240137879,9.198436379545083,-2.597056724292373,1.3868461026618206,4.78077893228944,1849.1202068426053
0.0,19.20332905040532,83.22287986582108,43.2542113545861,7.106572832785098,9.852888374358784,0.0,0.0,26.579991342016655,8.43038877945119,3.1254882870422054,5.584532114847134,11.874887295468003,13.906511164939484,232.14168046172108,0.0,0.0,0.0,0.0,0.0,-9.61065232347074,-21.759211815700187,-18.02097131373995,-15.5497400649581,-25.147115810758855,-23.505178819480033,-23.505178819480033,-26.39020974768617,-26.865535760447223,-26.326735452323774,-26.9025559840635,-27.157952486465913,-28.841943687943623,162.4244097257181,69.71727073600296,61.36565889897177,47.699177576390696,34.15624419995031,-21.85722096684931,-58.68514008030987,26.22516978643882,15.047715548826314,38.08180202285832,5.93071715216144,6.862281276356061,15.435915219982032,0.0,26.22516978643882,5.625159914331956,9.067734078916528,-2.8052288651192345,1.2777491615089271,4.838777086022956,1838.78287599495
0.0,22.210974809469956,90.25420695744185,49.0300261634694,7.3989487327287105,11.31828677507084,0.0,0.0,28.053221892060705,8.605304466143084,3.4565859099491485,5.77356951452063,12.931528233043995,15.386777039649946,254.41943049354828,0.0,0.0,0.0,0.0,0.0,-10.542763597475819,-23.751151960722723,-19.725949646847898,-17.004996700028908,-27.436735705029175,-25.590169276514906,-25.590169276514906,-28.67510998739702,-29.175132129319834,-28.658870505230993,-29.301460118492933,-29.60446228681839,-31.422745495634896,178.1775155902623,76.24191490328599,66.71914109838306,52.082498011411516,37.16490167099776,-23.53506585905879,-64.61536325858441,28.04236624745127,16.0904030000164,41.39250458297068,6.144468578189071,7.28948990838418,16.640259321326592,0.0,28.04236624745127,5.917421797903162,10.1621255575038,-2.6878826682399213,1.5159203938635502,5.224651482146147,2015.2438423873016
0.0,18.767168192702375,86.62152801411787,42.14540316709441,6.4918802835212395,10.051556476284006,0.0,0.0,25.184895060881956,8.049838300436956,2.9134801607208485,5.115369301721943,11.172766928246066,13.81478227542522,230.3286681611529,0.0,0.0,0.0,0.0,0.0,-9.556806161524564,-21.9403745862402,-17.823891920678726,-15.348337712212999,-24.633318760511997,-23.067268828374228,-23.067268828374225,-25.825608028907805,-26.276027171530885,-25.753705435954288,-26.28296166970726,-26.549468561501072,-28.24419781711327,161.51438501816062,68.81428314299228,62.55275256208329,46.886829396291745,33.30763486708323,-24.06877545203458,-58.787798823693365,25.0735315019869,14.38691809886921,36.842238902860885,5.632914406446849,6.448703761366893,14.709064258763135,0.0,25.0735315019869,5.3304040547109555,8.945150485263197,-2.719434245726001,1.3333344596449503,4.869631790162023,1824.4220943997523
0.0,22.153755988967568,93.5604498516572,46.47330244644461,7.275970513203983,10.871902570473607,0.0,0.0,29.38802660382539,8.54987827878298,3.304143547812359,5.810075117380953,13.27438778581603,15.429805326598302,256.0916980309629,0.0,0.0,0.0,0.0,0.0,-10.623354981559416,-24.132069143652323,-19.800857203991583,-17.07419182034174,-27.564404129749974,-25.780802782066655,-25.780802782066655,-28.92662246953815,-29.39539544270906,-28.818749611134418,-29.46168577632284,-29.7828301623884,-31.64882463666574,179.53954675611655,76.55215127484638,68.2361679147997,52.05026215081764,37.09936070153166,-25.324281936857503,-64.75101837211695,28.595761180542627,16.407934959089804,41.62452309105719,6.306412676643727,7.416761059273952,17.029446784665904,0.0,28.595761180542627,5.5476091499516125,10.068060385855429,-3.002269128831368,1.6066859418929988,5.361744940742874,2028.4897916100535
0.0,21.944183988819184,92.10005477468509,46.23391601477228,7.1585172590378505,11.409030422830131,0.0,0.0,28.977737450975745,8.818268482650035,3.4775274928095294,6.256701788521067,13.352138179660718,14.677868640529212,254.40594449529084,0.0,0.0,0.0,0.0,0.0,-10.546763848720511,-23.899296233370666,-19.682927293789472,-16.98690992481269,-27.576027411555284,-25.65604347273534,-25.656043472735337,-28.798270475632403,-29.316697015173112,-28.801364914924527,-29.512348223388333,-29.77472455813295,-31.458630381327914,178.2451216616615,76.16082283362934,67.44725152624214,51.8158090124147,37.03787713418549,-24.65280324844295,-64.02320990208462,28.56310338057511,16.389196270709004,42.01697280669231,6.160570655451188,7.569371063809278,16.878000664601714,0.0,28.56310338057511,6.135225320008377,9.839336880300003,-2.683043162641658,1.3126692752882114,4.838531760229209,2015.1370204559184
0.0,17.26124274794466,76.10351175372871,37.87697353727223,6.56255072551294,9.648702082401263,0.0,0.0,23.736786498052883,7.373482070918357,2.8491957090589857,5.0409725145725,10.99743214788255,12.486994462065399,209.93784424941043,0.0,0.0,0.0,0.0,0.0,-8.692331994720348,-19.740453540957777,-16.26914956431422,-14.05898450654608,-22.84175978554932,-21.223333328863482,-21.223333328863482,-23.829539124282686,-24.26703610563593,-23.845249809109177,-24.427916995119624,-24.659689056414454,-26.092561024548484,146.90437712895636,63.03346712045409,55.80704928139313,42.971968974556894,30.864116125061702,-20.296462472335584,-52.48551550149937,23.690626265059592,13.59342220138888,34.849517018503455,5.045198710708148,6.200528554670667,13.955087670723374,0.0,23.690626265059592,5.177479069269194,8.369782899126406,-2.1960030016491627,1.1595560400981668,4.1172115629389925,1662.9073773452117
0.0,18.716883840789357,72.48359312669601,37.19272101549812,5.845576856700789,9.256311452340631,0.0,0.0,24.044450635675165,7.349157203698678,2.870110988311884,4.76381714791449,10.579157421567505,11.85673448768877,204.95851417688135,0.0,0.0,0.0,0.0,0.0,-8.498753756755004,-19.088484805727592,-15.840283354734565,-13.678083593077426,-22.226717653940312,-20.73005270686,-20.73005270686,-23.30237255396845,-23.723301548756385,-23.2685280019073,-23.747212132466938,-23.983075700326108,-25.404150271014842,143.6328165752071,61.32569760167426,53.49159493343735,41.63753174897664,29.786806052003808,-18.99199819325866,-51.3464678617226,23.38260019187756,13.41668021006488,33.92045893525468,5.237859969668096,5.9438430027232165,13.482444510522736,0.0,23.38260019187756,4.981408222342465,7.773421543924814,-2.367748981356213,1.1800258548087266,4.083312943763956,1623.4663478278824
0.0,17.168332099768296,73.64450241554604,41.4505964102483,5.869888741349002,9.52476381706178,0.0,0.0,23.119688725348393,7.06246618451425,2.9396456669972166,5.090061182243026,11.453807263958424,12.872165390979399,210.19591789801413,0.0,0.0,0.0,0.0,0.0,-8.691894389184345,-19.57085225751863,-16.37396897049913,-14.118194797473217,-22.955929919930817,-21.28974542843366,-21.28974542843366,-23.875746615012545,-24.306908852639697,-23.930460392474092,-24.574101943314236,-24.821077293981073,-26.247737222691722,146.8969813957131,63.29893650230101,54.95255780337565,43.56893478513376,31.207156707435434,-18.691944612170396,-53.56861014072461,23.506964699380852,13.488039204058776,35.06759432766287,4.899600163616186,6.325679306451743,14.317551040533157,0.0,23.506964699380852,5.102511687895281,8.772803490195948,-1.9599544966189688,1.2356181242087168,4.099361900783451,1664.951566070193
0.0,16.69228055764436,73.28652864520538,40.0498866868023,5.886769792624354,8.522041884448491,0.0,0.0,24.94662692635456,7.368028850157086,2.6694019201831662,5.175423133319624,10.523251235173516,11.731747651146984,206.85198728305983,0.0,0.0,0.0,0.0,0.0,-8.55726116441875,-19.336993145369373,-16.115611005157703,-13.879861461765465,-22.413583288592292,-21.042048112555012,-21.042048112555012,-23.633657457355977,-24.023136952431827,-23.49325345732674,-23.99756337845383,-24.200760333278236,-25.66674790334824,144.62161846237535,62.230368820684475,54.4513410160662,42.8672291330476,30.610767755617186,-18.835187629139178,-53.09307868421368,23.557943321525,13.5172901797948,33.861288099463636,5.428205976543252,6.192017864280267,13.719022374191624,0.0,23.557943321525,4.609224793797001,7.519381781168233,-2.758804056360085,1.0165947309606427,4.2123658699787505,1638.4644555217399
0.0,16.79603917287809,77.106480658054,37.342337092166574,6.148290748632158,9.004347194644414,0.0,0.0,23.13478147150779,7.2498933980019755,2.821783678890291,4.782580782923244,11.457908225860114,12.510210232272447,208.35465265583105,0.0,0.0,0.0,0.0,0.0,-8.632946554406137,-19.734600652778223,-16.138006681321357,-13.929721550990585,-22.580811493038883,-21.00588152416005,-21.00588152416005,-23.566683510869517,-23.994963209519543,-23.57596354219501,-24.153734279014284,-24.426812814973207,-25.846345728013503,145.90073608933812,62.453916566492936,56.077456677133306,42.56499618259539,30.462244056731347,-21.02902398092069,-52.440872247228015,23.277901888096267,13.356605468639936,34.326997627364086,5.003278276300259,6.148793190162225,14.170578966257187,0.0,23.277901888096267,5.068398800592007,8.431327084636395,-2.1814945974099684,1.3662124072389812,4.078883147636052,1650.3669943088576
0.0,20.035035938275534,84.51453094531253,45.382372287965126,6.830412958249813,11.034181441312548,0.0,0.0,27.8615035633806,8.79961982674421,3.2970394895299893,5.514712340270708,12.48036781825873,14.466646033675065,240.2164226429749,0.0,0.0,0.0,0.0,0.0,-9.938537157150556,-22.38146169779896,-18.676617603914625,-16.114775967454236,-26.221640863538973,-24.43691130518649,-24.436911305186488,-27.46718057678613,-27.97379116002498,-27.435183028691394,-28.009079738247245,-28.303434359846904,-30.03410111089782,167.9658130327963,72.2506096101786,62.852576353227306,49.55807875887062,35.520121982422815,-21.661954592085223,-60.836894715278774,27.54539834196569,15.80524825213332,40.10342391907283,6.101267798654702,6.987369042290256,15.980605636815325,0.0,27.54539834196569,5.995391517619498,9.493751513098921,-2.8042283091247127,1.472656702019548,4.972894520576144,1902.7425131502946
0.0,17.996030648321742,80.1566525321763,40.803754693950566,6.50724910021192,8.665693668994448,0.0,0.0,24.777947219040044,7.424184149001416,2.7332076212364464,5.148276689025895,11.289359651087796,11.515484472019548,217.01784044506613,0.0,0.0,0.0,0.0,0.0,-9.000430353732755,-20.546111366891132,-16.811449688346322,-14.476736940936615,-23.159019453429764,-21.74162755883032,-21.74162755883032,-24.335204775413832,-24.73864139460529,-24.22969694212556,-24.76855686100471,-24.99714934269547,-26.376855118060945,152.11137998534315,64.90646045972298,58.32035668615625,44.30024577253611,31.49474687832907,-21.836295846020043,-55.44319039206143,23.57583143881024,13.527554185816662,34.45076784577869,5.382993909983932,6.29192528663831,14.110154980162005,0.0,23.57583143881024,4.77439786025393,7.551040545332925,-2.649786288747486,1.1436485976124153,3.9644439266866227,1718.987680291187
0.0,18.036885192437236,79.83853464535066,38.985834646351535,6.489093658038693,9.730367563552981,0.0,0.0,26.47401559238545,7.518072751076928,2.8904515790590968,5.483587943816123,11.197661501898233,13.57793989946634,220.22244497343328,0.0,0.0,0.0,0.0,0.0,-9.11824804311604,-20.712757818787612,-17.074687927149707,-14.747380773205442,-24.005873656917938,-22.407691774499803,-22.407691774499803,-25.213180265543144,-25.6231679874347,-25.11108112388341,-25.704276868162843,-25.935283624262855,-27.594963108241398,154.10255269758392,66.11989227584937,58.56700396863954,45.12499934229621,32.37366419421096,-21.271530676711123,-55.26732733185145,25.502122452898313,14.632838898186625,36.73713548017021,5.5565986272773955,6.639315160646211,14.810854128693625,0.0,25.502122452898313,4.85192570285863,8.809020055840861,-2.6661470482182983,1.1557272168300878,4.768919843625479,1744.3711957347612
0.0,21.028661084387863,95.81244068143002,44.39246873800425,7.214540451166648,11.007332041417062,0.0,0.0,27.303361294844343,8.765246208599887,3.423215911266908,6.003912034886841,12.751312741115477,14.235932403693573,251.9384235908129,0.0,0.0,0.0,0.0,0.0,-10.462216090265272,-24.066543060583435,-19.43277482951762,-16.75525495877711,-26.965987243084456,-25.143120507648923,-25.143120507648923,-28.147114042706423,-28.667243764083796,-28.165967014560763,-28.824957848903328,-29.07742335240481,-30.720051917441918,176.81622596358412,75.12219762722879,68.71913406232333,50.876580871440254,36.191849945432665,-27.093306619106684,-63.58394373641679,27.306549723275165,15.668199527470964,40.515563385077954,6.033080801791378,7.266997403615459,16.20815313825406,0.0,27.306549723275165,6.155381318075417,9.516006637826372,-2.60986489052447,1.2630853687286185,4.719925765867201,1995.5919082800729
0.0,16.79902600975873,78.87753838963603,38.7619726271096,6.314635850825958,9.251369386263338,0.0,0.0,24.822087721616395,7.180794097446223,2.979597124593239,4.879242972659756,10.380594835988374,11.824608041808494,212.07146705770614,0.0,0.0,0.0,0.0,0.0,-8.788169372105246,-20.134876624587026,-16.447084670146214,-14.173610873555441,-22.796727974839985,-21.377117101118557,-21.377117101118557,-23.970617807561116,-24.366260414365954,-23.8863479605784,-24.330713477905157,-24.554047094584828,-26.02497649312336,148.5240725385372,63.54739451916894,57.31528641956754,43.43758676293652,30.97217334627441,-21.562251970068488,-53.98892891452794,23.57513595530004,13.527155124986336,34.21600310008945,5.478230194763258,5.996581459150047,13.489822059912807,0.0,23.57513595530004,4.682161027276203,7.598042331393772,-2.49863307017002,1.1173384864902909,4.226565710414722,1679.8076990622044
0.0,20.50358745750346,94.17207087792329,47.84869695198966,7.204133852027472,10.317657978015923,0.0,0.0,29.239988709334558,8.614432632094474,3.3649712976321724,6.043176286875109,12.840255399923324,14.262375822646172,254.41134726596562,0.0,0.0,0.0,0.0,0.0,-10.546671150447464,-24.119360897493685,-19.738813122730047,-16.9884643828641,-27.245066898648727,-25.583435450696165,-25.583435450696165,-28.658066773857758,-29.12445047998868,-28.52997484737858,-29.132754162803256,-29.399809609272197,-31.152582365606587,178.24355501854765,76.16779224741796,68.55932589304555,52.13329158508724,37.047350082911414,-25.612744984877736,-65.31343481040003,27.948653060281742,16.036631398338148,40.69757366790184,6.46007012936071,7.379255166547555,16.540590393977656,0.0,27.948653060281742,5.519333800365936,9.225961948919398,-3.0950988317285377,1.3360788796724457,5.036413873726774,2015.1798155376976
0.0,18.295378640668254,80.9145607111426,42.4105929915492,6.403363174716717,9.61851998249468,0.0,0.0,24.606635445625116,8.097410408913229,3.075535443007261,5.270946697719766,11.760429965356005,12.058583399048825,222.51195686024167,0.0,0.0,0.0,0.0,0.0,-9.219042332510384,-20.961842462032536,-17.26785065328997,-14.878091670629578,-23.97548378971819,-22.369011455893993,-22.369011455893993,-25.052536225856066,-25.532468947970287,-25.068094927611714,-25.6289399972751,-25.867329642412923,-27.243655525997642,155.8060221820244,66.70593467821726,59.316058642835486,45.64886751803303,32.54571738048765,-21.598502068307113,-56.75039141914961,24.393462139460716,13.996701737865614,36.09789746483855,5.493268667136856,6.463610521703265,14.52249829350375,0.0,24.393462139460716,5.6796771847836345,8.103851246917582,-2.417733224129594,1.1926638239834988,3.9547321521312426,1762.506307204088
0.0,17.893469606774506,78.01718733591429,38.697701644314336,5.941530700246753,8.881229155518009,0.0,0.0,24.198887792668824,7.010135500587077,2.7208635596755526,5.156641772396942,11.170472831141973,12.285103102794775,211.97322300203305,0.0,0.0,0.0,0.0,0.0,-8.791744592104124,-20.033188772110467,-16.40160391370173,-14.138221807048394,-22.81930393597045,-21.315031776721593,-21.315031776721593,-23.89979745772204,-24.291034735533028,-23.83388728744007,-24.433081576053883,-24.663315197899458,-26.10296568069361,148.58449538793516,63.38872761409789,56.7835741779377,43.15936548093016,30.74808612229278,-21.233613157976585,-53.7492782392148,23.495733851472167,13.481595066381947,34.44600479692904,5.100972103919609,6.308500997159738,14.15530254033168,0.0,23.495733851472167,4.63002695634302,8.148414168842272,-2.380108544244057,1.151859224762796,4.136688933952502,1679.0295127111767
0.0,20.914948385317345,85.3613167706626,43.41869537558096,7.109181741578199,10.281324695981072,0.0,0.0,28.1561159240432,8.746192260475409,3.258914014195447,5.469601247270215,12.375639966127176,14.711484892948429,239.80341527418005,0.0,0.0,0.0,0.0,0.0,-9.935615772810745,-22.40041497070595,-18.569643024216685,-16.03367089726201,-26.020142484749652,-24.332981702699186,-24.332981702699186,-27.364852819856125,-27.848778945707146,-27.2688704727016,-27.80923205629012,-28.11389327356107,-29.930896932084668,167.91644030438982,71.88697496979022,62.96307116176788,48.96794040044203,35.07048035686258,-22.39824560889472,-60.22256297683865,27.559959250585784,15.813603142219137,39.62571060823603,6.278169874067067,6.993821865996129,16.07239417219176,0.0,27.559959250585784,5.7269364006037895,9.490510068157931,-3.0192558598716195,1.5242206187259137,5.220974824790497,1899.4711020194318
0.0,20.54474142904291,82.56859398840443,44.33971701504814,6.684514906829594,10.446369814329362,0.0,0.0,27.430393188398643,8.294481448930785,3.396015975732892,5.753212270589443,11.91075971368254,13.743180794128627,235.11198054511738,0.0,0.0,0.0,0.0,0.0,-9.73726317030206,-21.874719264526338,-18.238788842171363,-15.734979022240285,-25.53802793559316,-23.82977973809443,-23.829779738094427,-26.77098530647859,-27.248232253260923,-26.739901983240333,-27.314484620063023,-27.55258681861529,-29.203925798264688,164.5641908112567,70.54778973386067,61.309572633349916,48.21645685043843,34.4934198984255,-21.259021355054514,-59.458794109025824,26.735801912409453,15.340710676952115,38.89790061643073,6.0426045633342405,6.94443799878764,15.464488239979486,0.0,26.735801912409453,5.647892861329437,8.998226539633482,-2.6465885876013484,1.191225728198197,4.744954254495145,1862.3104774108278
0.0,21.102703916251045,91.4720584231496,47.02128460677309,7.304903033226551,10.549520213691238,0.0,0.0,29.260920952609037,8.63398070368139,3.566663467434537,6.201962474965005,12.776794775691576,13.848598802139959,251.73939136961303,0.0,0.0,0.0,0.0,0.0,-10.433697879582033,-23.699211072441578,-19.515070835240465,-16.818361573539594,-27.09558229505466,-25.369495678851862,-25.369495678851862,-28.449283728993837,-28.934693614750422,-28.37971022806259,-28.988814808904902,-29.22846491486914,-30.897206721999197,176.33425518982648,75.40513617978655,67.00769405899646,51.50506440368893,36.71879281089004,-24.46436436415314,-64.03964050583879,27.995528135096578,16.063527803504925,40.77938545161125,6.456148481688894,7.400932386733281,16.372784369497836,0.0,27.995528135096578,5.744495689427033,9.053639296565423,-2.8894850142543564,1.198969911768276,4.7949595055745355,1994.0153838085275
0.0,21.261122597236525,93.61602267652698,47.130697142507266,7.273714410418782,10.64021775803857,0.0,0.0,27.81778267605506,8.638781388922204,3.334587872324164,5.9247946271465715,12.487377174967998,14.207291095937764,252.33238942008188,0.0,0.0,0.0,0.0,0.0,-10.471034268456384,-23.91678096048623,-19.521665620950255,-16.809885170621946,-26.92878959585849,-25.222030567212997,-25.222030567212997,-28.220773622580076,-28.709281947458713,-28.16041930028298,-28.771962926323358,-29.02789903978599,-30.73549425841498,176.96525719885724,75.36713222122465,67.91810219745331,51.330713206067784,36.45531919809961,-25.697920479073673,-64.39754097193797,27.25882242857087,15.64081412785397,40.151196036967484,6.1922056532151535,7.205243463761647,16.11352916195211,0.0,27.25882242857087,5.781163608031215,9.300690272338578,-2.8576177808909895,1.2804488366150757,4.906600823599186,1998.712492309387
0.0,20.659761424045804,92.85409577488288,46.84573377386998,7.674179494435825,10.511035345168347,0.0,0.0,28.16531667574517,8.967520791575177,3.4269098275853644,6.09353586179154,12.56913850828714,14.870681238130592,252.63790871551782,0.0,0.0,0.0,0.0,0.0,-10.47009282448817,-23.879268065419595,-19.582870320617985,-16.881576946391412,-27.148599943279418,-25.411538439353453,-25.411538439353453,-28.477776865817148,-28.985780452565677,-28.418089904622377,-29.036443947538892,-29.29355599280476,-31.097224606878683,176.94934636620195,75.68856234931587,67.73336990923585,51.68317545445675,36.873039578463555,-25.12072586564703,-64.14850093152629,27.872360935039538,15.992855811426455,40.73892150181734,6.382553852905796,7.3798678873361965,16.465464416407,0.0,27.872360935039538,6.011876766254745,9.688023304466075,-2.9556440253204324,1.2863320255446569,5.182657933664517,2001.1324956780895
0.0,19.42729048350809,79.06340634976348,40.04997940150093,6.51787986859937,10.085330452809746,0.0,0.0,26.31589134478655,7.614111260320272,2.892129114958888,5.178206629149154,11.406989222956282,13.379433166447882,221.93064729480065,0.0,0.0,0.0,0.0,0.0,-9.195766069391457,-20.73285591595668,-17.17775006186605,-14.836175741686407,-24.11870471840586,-22.49808020412125,-22.49808020412125,-25.296901545693046,-25.718794943697354,-25.21532377682335,-25.77815261187607,-26.039760812614247,-27.657553996815814,155.4126427140689,66.51800458073174,58.27696038069004,45.26987291557731,32.43851893429348,-20.78644596907344,-55.606134414144904,25.441517512697015,14.598064446450785,36.83250923228098,5.5134190971216555,6.487032928619723,14.746726753729853,0.0,25.441517512697015,4.992821278157505,8.730869336203746,-2.621289982162767,1.3088262994705682,4.648563830244136,1757.9017826203985
0.0,18.141188375968493,83.30341174332717,39.77034863803306,6.013968857968588,9.09121181849936,0.0,0.0,25.967210430956293,7.759555186839497,2.8431082007955264,5.151867008857191,11.578043130303174,13.106275444534704,222.72618883608305,0.0,0.0,0.0,0.0,0.0,-9.238276214095062,-21.17625711058063,-17.242320439013778,-14.853372281343507,-23.96211550948681,-22.47159694884878,-22.47159694884878,-25.222518471644058,-25.63817532592946,-25.092592969507947,-25.626903904904605,-25.897949729778155,-27.512125185264136,156.1310835574626,66.59510527862045,60.301969472574385,45.39498766401267,32.29293804490708,-23.00144227075279,-56.731136491813594,25.006104197757285,14.34822904928311,36.142937973745354,5.683647360588876,6.507909758874931,14.860169035782189,0.0,25.006104197757285,4.9190160270461485,8.46810678903795,-2.840539159793349,1.3560427500177399,4.638168655496754,1764.2032281873608
0.0,20.650635152841247,92.08880959936398,45.71292894898245,7.2609893789287145,10.209888037014297,0.0,0.0,27.34676859236913,8.120039765167967,3.4034240475136746,5.510566820982847,12.95528356492079,14.215230713139455,247.47456462122454,0.0,0.0,0.0,0.0,0.0,-10.267695861281586,-23.479569329800515,-19.14360577395708,-16.492875534317097,-26.457407055775256,-24.754001353351978,-24.754001353351978,-27.70541498040454,-28.168128333564685,-27.66026796144838,-28.26229772996387,-28.571117116358103,-30.246954944370938,173.52874533178277,73.94581928944179,66.73674530746528,50.33977945029205,35.801585421184214,-25.3520642918987,-62.947761568273194,26.828594010113317,15.39395376757068,39.538653763424165,6.047566142147433,7.055590767321888,16.22560881694055,0.0,26.828594010113317,5.4758976705342075,9.399881514780654,-2.644142094633759,1.5450239463390414,4.815349198358801,1960.2339001110531
0.0,20.827405280804307,86.4498920184741,46.20040859350993,7.5656218933544785,11.323781014353884,0.0,0.0,29.55995218768525,8.374420446849584,3.405184437748609,5.80682418065644,12.358914988711613,14.096827349731937,245.9692323918801,0.0,0.0,0.0,0.0,0.0,-10.17856892435109,-22.89970179032414,-19.104202287865384,-16.493088241877647,-26.747669707254587,-24.982185438429344,-24.98218543842934,-28.074366609018195,-28.540832741693844,-27.992643606503094,-28.56847533438401,-28.830514125921173,-30.549989923787514,172.02245942793797,73.94677296394211,64.25788183044419,50.62178631757199,36.31538599911754,-22.19201018802991,-62.00698280664299,28.10818262511457,16.128167717560522,40.68955426306222,6.259295622164446,7.117804726669883,15.98867289987401,0.0,28.10818262511457,5.520309262433747,9.1560888925561,-2.854111184415837,1.3109805460134432,4.940738457175836,1948.310237283695
0.0,22.06261012034029,98.24872336355057,46.600494713196326,7.8222819295963015,10.680734513052526,0.0,0.0,30.724377661639362,9.222625408102864,3.548636068322079,6.285993066031867,13.673515607421539,15.570432474951701,264.4404249262054,0.0,0.0,0.0,0.0,0.0,-10.968247393799947,-25.067058504125086,-20.443806978710825,-17.636227584039414,-28.454291775052813,-26.659901049324645,-26.65990104932464,-29.929949388595045,-30.43394877510393,-29.808158665238977,-30.44950204913308,-30.75203758224434,-32.65863191415536,185.36838590163845,79.07203902456696,71.21690715929246,53.74069637540198,38.348172246603774,-27.031816204258106,-66.67250996607484,29.725009901558053,17.055885522464344,42.92541937549955,6.806771695254704,7.799578883078322,17.638334284114,0.0,29.725009901558053,5.964489781170239,10.092027981212787,-3.258135626932625,1.5135858170464553,5.478404493738914,2094.6196482596515
0.0,20.072269900589067,83.29509945575148,40.35419288532654,6.728593937186861,9.46636116371226,0.0,0.0,26.396041717384126,7.501754101389916,2.982026545917376,5.37810512929834,12.522247535806184,12.976178147325237,227.6728705196874,0.0,0.0,0.0,0.0,0.0,-9.44730040159512,-21.448120572559958,-17.569893580603136,-15.168768134647609,-24.535082784395858,-22.892637655905812,-22.89263765590581,-25.692728874938172,-26.11364536240102,-25.62953410004042,-26.266702709248925,-26.544747620406586,-28.03974806462378,159.6636877065256,68.0091828131618,60.61938763936358,46.06733881016343,32.904691356409515,-22.675711816387903,-57.02031455605619,25.453060803857483,14.604687860647699,37.164965676328265,5.502520440646371,6.76916432060149,15.426919751368139,0.0,25.453060803857483,4.981260206660921,8.680446740460134,-2.520493894728995,1.3910591913031505,4.295731406865103,1803.3856514157883
0.0,19.440449005485046,83.34654850997127,40.835359897649035,6.577687951036276,9.477144286895934,0.0,0.0,25.41682522064836,7.4428876294250195,2.9630354822316898,5.504949459079089,11.401035395230503,12.402908365430653,224.8088312030829,0.0,0.0,0.0,0.0,0.0,-9.332362091562219,-21.285831527193725,-17.357898014202096,-14.963230210740658,-24.042665841032168,-22.48456780063093,-22.48456780063093,-25.181511867219662,-25.601007975073042,-25.124974647916584,-25.723475176805298,-25.936465022172815,-27.39886104998425,157.7211778192026,67.08765338388028,60.38020627181641,45.51687796415538,32.38364457774579,-22.96634223815486,-56.866962798894285,24.515444655837953,14.066693971407753,36.02664721169554,5.441472131143345,6.570538039064656,14.537492754591606,0.0,24.515444655837953,4.964450980513363,8.200862426083983,-2.4784366489116563,1.065588579985567,4.20204593934667,1780.6997363268906
0.0,19.66626548899417,86.07611735507528,47.132959561204515,7.466467442421136,11.164120510915556,0.0,0.0,26.860218397414734,8.852107085523587,3.4644178563135943,6.009663921026128,12.907761691669227,13.835734362598878,243.43583367315682,0.0,0.0,0.0,0.0,0.0,-10.066391659363873,-22.728340208474588,-18.94563694414017,-16.350888698984164,-26.524215348294142,-24.623047052305864,-24.623047052305864,-27.609714449012582,-28.154330769878136,-27.692029127034356,-28.375527257543624,-28.62085886595833,-30.157100095508103,170.12661246178592,73.3092212113709,63.95892584285859,50.35869603434831,36.14272509558484,-22.117191512216692,-61.618338759344695,27.149053692452647,15.577830027819072,40.36714010518998,5.871361381298127,7.237058399786882,16.094599813189422,0.0,27.149053692452647,6.445163560539053,9.421501762317934,-2.4069435249845332,1.227394478760754,4.414232600280943,1928.2433101692252
0.0,19.3320306618342,86.30950896110984,39.85229246209221,6.389526464304149,9.400613858034044,0.0,0.0,24.33238738547156,8.262151098382498,2.872248502182915,5.50027919580559,11.53841479477653,13.44460158499314,227.2340549689867,0.0,0.0,0.0,0.0,0.0,-9.440183260724499,-21.69138495276928,-17.513912800228276,-15.097722618559073,-24.286395832965393,-22.681570086556206,-22.68157008655621,-25.40007610257063,-25.877760158492023,-25.376633135733652,-25.993533840427595,-26.22802937964135,-27.807850017708837,159.54340477817306,67.69065019081363,61.88413240412567,45.79020836832905,32.53703334388413,-24.42537655698417,-57.378061782692996,24.71144455971658,14.179156572229047,36.46009528770065,5.481333850016368,6.673460800837349,14.904686778812893,0.0,24.71144455971658,5.653065750549045,8.905147995925018,-2.609085347833453,1.1731816050317585,4.539453589068122,1799.90981494065
0.0,22.271026561104872,96.91020594639694,44.79152933929219,7.172064388671937,10.765298186471343,0.0,0.0,28.973296977378222,8.971638990733254,3.3425050764009416,6.2015537059041765,13.943937729456808,14.348869240341374,257.69192614215206,0.0,0.0,0.0,0.0,0.0,-10.70315400013584,-24.507393147395554,-19.858582006187742,-17.130306071198902,-27.66614277644734,-25.803693389282518,-25.803693389282518,-28.931188144706464,-29.447891700463753,-28.89918535400241,-29.620034711585948,-29.907163438486602,-31.541277150476837,180.88818658333344,76.8037395588186,69.72894452320911,51.92506809239962,36.96314740661986,-27.181261423187834,-64.78926466371028,28.429186032396586,16.312355961233273,41.80555791305627,6.199309087757971,7.638059243730137,17.20289139509682,0.0,28.429186032396586,6.114834979376225,9.653410036875403,-2.8568040113570294,1.4365055378259601,4.695459203465971,2041.1651200676054
0.0,20.187383302797503,92.08956354860352,46.45973075964633,7.114559110759237,10.81795872282059,0.0,0.0,28.91731552538873,8.30278897406391,3.4922410203224525,6.057202275284136,12.937201051354938,13.811944544489714,250.18788883553106,0.0,0.0,0.0,0.0,0.0,-10.366971368389875,-23.667463028539974,-19.407929444365543,-16.72383854934013,-26.977455594307457,-25.208123117412583,-25.208123117412583,-28.259382231662325,-28.73190503504142,-28.21124107685242,-28.851857690334,-29.105729107774234,-30.73109432542247,175.20654670254984,74.98134213298121,67.1843797552665,51.27585115684929,36.55893248763661,-24.905183793337017,-63.739988008202616,27.736197747929626,15.914726864138911,40.68572750165593,6.203044155580457,7.327321433980472,16.33740318927441,0.0,27.736197747929626,5.591985838805906,9.141623247873902,-2.710803135258004,1.2701191586963363,4.670321296615812,1981.7260082596883
0.0,20.209564177045127,80.99447551027272,41.49763055536822,6.491768717616207,10.00711507946626,0.0,0.0,26.712253152618683,8.026293633983446,3.06055771667729,5.354724970500123,12.04213356545391,12.462140646129425,226.85865772513137,0.0,0.0,0.0,0.0,0.0,-9.406090028424467,-21.205191693312067,-17.546172009970014,-15.142507698753153,-24.54530822757996,-22.90847757495631,-22.90847757495631,-25.729380574211007,-26.18482301042652,-25.678441534442165,-26.241307705823395,-26.496193409407827,-27.960928072984682,158.96721359514055,67.89144412999082,59.60045292159207,46.166526664845435,32.990669831657954,-21.39402258868065,-57.08060582324535,25.64224160762383,14.713237736418053,37.30973942078726,5.697000034500779,6.6299186046027785,14.975705702217443,0.0,25.64224160762383,5.389851316159958,8.253374875263237,-2.636442317823488,1.2751936341026555,4.208765770866188,1796.9363117665368
0.0,21.44611044126083,85.53003099443177,46.406848597972925,7.540553027765955,10.385116828670892,0.0,0.0,29.156180760403657,8.949282950559073,3.4094568842929918,5.543900756826989,13.055709993009092,14.02394832760893,245.4471395628031,0.0,0.0,0.0,0.0,0.0,-10.161001580080509,-22.778435874284558,-19.050673059616518,-16.442860371089854,-26.619425737673584,-24.91633255732323,-24.91633255732323,-28.002030727477763,-28.49865499042058,-27.908601979591044,-28.440427573980152,-28.755172809703872,-30.465250494431597,171.72556329356954,73.72157626923357,63.734072304915074,50.41782826415613,36.12755228323754,-21.795958689516695,-61.92858438676477,28.049251614894384,16.094353748536882,40.379991137940365,6.481529622511035,7.118571738034351,16.394772948724093,0.0,28.049251614894384,5.87721021234103,9.110214390686567,-3.0720727382180435,1.5746709812073618,4.9137339369223625,1944.1747655671247
0.0,19.656368080576556,86.66539310039812,46.8420849202604,7.19191388172509,10.428037748576575,0.0,0.0,28.78635005844425,8.353261030815403,3.1943056559336083,5.649261221586196,13.405286968952534,14.29010513316849,244.46236780043722,0.0,0.0,0.0,0.0,0.0,-10.110514991236888,-22.850602676353464,-19.03462144799891,-16.413524951838795,-26.59596267862375,-24.841776654391705,-24.8417766543917,-27.896697963952107,-28.358853548058836,-27.804930548489992,-28.447976495019837,-28.765893837985423,-30.45115860012444,170.87231690445984,73.59005089597738,64.35362774721706,50.61312645622742,36.249194620438814,-22.31176535318106,-62.244039329378126,27.769487406239463,15.933828105924698,40.40329230531289,6.078269833414961,7.239802261037838,16.65718246228352,0.0,27.769487406239463,5.4692968533340505,9.447668600385864,-2.883964177481353,1.590541039451642,4.842436532782626,1936.3744366912408
0.0,18.016731702080587,76.04083995220115,40.69383574319879,6.254445830098808,8.76175511729354,0.0,0.0,25.496312969440982,7.213139873413258,3.0015261172858794,5.166909427792954,10.737981243781343,11.536456844122283,212.91993482070959,0.0,0.0,0.0,0.0,0.0,-8.820364139351508,-19.93468555860795,-16.531291653421274,-14.241495663780675,-22.910530727992718,-21.516280284792533,-21.516280284792533,-24.138691337475926,-24.527711628064726,-24.026533878772213,-24.500281493063262,-24.709689148861113,-26.14376869664985,149.06817879586796,63.85175602484162,56.141442740094064,43.732574376529975,31.17742997716336,-19.89939721210709,-54.37653739350745,23.837933394085965,13.67794542064557,34.39820277839871,5.6108755695299095,6.214576306909603,13.810995784665657,0.0,23.837933394085965,4.6037904211692275,7.415775424121321,-2.6093494522440306,1.0476668791166484,4.120681420000961,1686.5283706380344
0.0,21.772911451438265,89.53498569418592,46.253080787872435,7.453171784317823,11.234242859626411,0.0,0.0,28.881027231380394,8.861339589597604,3.5432132591640224,5.780838245125433,13.65246530800077,14.89699651917312,251.8642727298822,0.0,0.0,0.0,0.0,0.0,-10.432065722990012,-23.519521231450625,-19.51285116639706,-16.852367490134437,-27.399102315532396,-25.492481279462947,-25.492481279462947,-28.638135012909665,-29.15889229592164,-28.640585349445974,-29.289658683806472,-29.611392064601958,-31.330440269048314,176.30667099864817,75.55760173123403,66.1082765492782,51.50173232422326,36.92375067370845,-23.42670914490772,-63.17937963102878,28.594252644729757,16.407069377742108,41.848800989595894,6.24174476577967,7.390470928713022,16.982342435476788,0.0,28.594252644729757,6.162808082981956,9.957486708109512,-2.698531506615648,1.6096326835875887,4.939509811063608,1995.004562944033
0.0,19.98577077519728,84.05016179784224,41.34175314152915,6.973965188722421,10.119398297771095,0.0,0.0,27.781245400594873,8.188087152124162,3.0085675302153057,5.465788328716086,12.51026207951312,13.8639125668757,233.2889122591014,0.0,0.0,0.0,0.0,0.0,-9.665965047234826,-21.878564275263003,-18.05415887460839,-15.5971185620926,-25.354878707150935,-23.664091515876667,-23.664091515876667,-26.615261608961603,-27.066546313290747,-26.519638557893497,-27.125241978309433,-27.41603331783045,-29.074954710059668,163.35921999720847,69.92969226189294,61.689140920483794,47.573694574487085,34.11061372704034,-22.361020877358442,-58.3481432561337,26.82638026620253,15.392683545530605,38.7181975440772,5.856007293828842,6.920617924078417,15.822174028398845,0.0,26.82638026620253,5.340647388510625,9.097171022627645,-2.8474397636135365,1.4548295953623311,4.766741544248054,1847.8700428476416
0.0,21.80342763161152,88.74189533984014,45.71359514878892,7.639149000516184,11.255072246529508,0.0,0.0,27.26298018755656,9.016118917580934,3.315737193567998,5.692060331232656,12.679584437552665,14.260616325941761,247.38023676071887,0.0,0.0,0.0,0.0,0.0,-10.25565568183498,-23.159509369535748,-19.12986448760231,-16.517221837151734,-26.694644120234752,-24.856690745898007,-24.856690745898007,-27.869354081184493,-28.40425633414444,-27.888372689928875,-28.506583575577093,-28.784633683007236,-30.439476572028784,173.32526080505292,74.05497595566595,65.180854107697,50.3301316116568,36.0108474540876,-23.56104123214314,-62.04328307885479,27.38535892452037,15.713419385059126,40.38339133038258,6.0016519341081995,7.083145519496274,16.0435216302486,0.0,27.38535892452037,6.3302041770407325,9.505593944982206,-2.685914740540202,1.3910851882636175,4.755022380959556,1959.4867337500527
0.0,18.359646930128655,77.9512318222116,40.325399125224656,6.62141109261845,9.611787259370562,0.0,0.0,26.649147061690897,8.007199582467258,2.965234966462616,5.419570235638254,11.19430716912262,12.322921613327246,219.42785685826277,0.0,0.0,0.0,0.0,0.0,-9.082175448738614,-20.50172547625293,-17.035289975054067,-14.706130682822577,-23.866078242388184,-22.326981492182547,-22.326981492182547,-25.110737153043793,-25.550716009221198,-25.012852935783517,-25.531515785968157,-25.749560309037932,-27.26514035532547,153.49290939223616,65.93494746602661,57.68323497254277,45.10613955487439,32.34388793469038,-20.267996849668826,-55.31131066804773,25.304569228808727,14.519485019219905,36.34611364005082,5.765584179966474,6.510447377272085,14.458294823441696,0.0,25.304569228808727,5.2068503689634,7.96805681737434,-2.800349213503859,1.0908771416338308,4.354864795952906,1738.0773022093133
0.0,21.91428495249911,89.8422581138909,44.71355335895936,7.161294554071054,11.367766396584617,0.0,0.0,29.046709732845716,8.836763471475976,3.4812688524015716,5.809782746962551,13.709856749652179,14.304618378417896,250.188157307761,0.0,0.0,0.0,0.0,0.0,-10.370052369603643,-23.42919043764998,-19.34550360220423,-16.712284663783475,-27.224315247746844,-25.30445113195625,-25.30445113195625,-28.43922455270997,-28.960371773179826,-28.447671496475504,-29.107155210697716,-29.417073865001544,-31.043399579039605,175.25861702896134,74.92954027879965,65.96523750086543,50.90432867854234,36.474765897054475,-23.87702061302548,-62.53191494706135,28.495349702333677,16.350319951285098,41.71109667472172,6.150609596423642,7.360306332633087,16.83241434908038,0.0,28.495349702333677,6.167422727453905,9.631537193319161,-2.6693407440220707,1.5505235856705362,4.673081185098734,1981.7281348150668
0.0,17.999125768333975,81.49298979095451,41.251940978541704,6.704634717399019,9.353276373554985,0.0,0.0,26.418551458433495,8.173453932641177,3.0940981097984435,5.50176480415609,12.069355954072497,12.864560400384297,224.92375228827018,0.0,0.0,0.0,0.0,0.0,-9.309543262436819,-21.16599882597694,-17.47126735510807,-15.07487727884108,-24.433059480574638,-22.831830250714734,-22.831830250714734,-25.651816498542242,-26.11250551177085,-25.58978451990855,-26.16226024094563,-26.413697815111092,-27.94244124216799,157.3355291944705,67.58822309379968,59.89016297186505,46.289270035567434,33.15697041870406,-21.602826819089458,-56.907862176846045,25.63390826131726,14.70845615346502,37.132696618258706,5.81561105748572,6.759707440565242,15.204101746652755,0.0,25.63390826131726,5.4519409849539,8.471871971394885,-2.721512947687277,1.257942636409152,4.392688428989413,1781.610020611526
0.0,16.96153738007609,76.23500703910813,39.51660914124821,6.004479721707559,8.763376059847383,0.0,0.0,24.93221134501347,7.260082844238438,2.864099527899487,5.139218844371701,10.287299908404279,11.553093282431876,209.5170150943466,0.0,0.0,0.0,0.0,0.0,-8.678713170066645,-19.750092091552126,-16.276390959397478,-14.016458628666646,-22.552082752850453,-21.183602394871322,-21.183602394871322,-23.765097852103903,-24.155213718311384,-23.647509895441836,-24.1151025068489,-24.309158382468194,-25.760929007634463,146.6742127778713,62.84280231647528,55.92452857243766,43.090277843301,30.69786898205659,-20.310478466670467,-53.66735527738853,23.46600724691012,13.464538265860737,33.86883629943578,5.507426559031626,6.110080739605353,13.487952940951415,0.0,23.46600724691012,4.616755813106299,7.381578354651087,-2.643327031132139,0.9708618952336519,4.171514927780788,1659.5740102285797
0.0,21.991883260009292,95.78060988261296,46.489663999934734,7.144078929899099,10.918370881754726,0.0,0.0,29.744942953544296,8.447661934977972,3.5484208096117302,5.940444153584244,13.374217643317815,14.006620114270566,257.38691456351745,0.0,0.0,0.0,0.0,0.0,-10.684508349840415,-24.408614247995345,-19.883769303127288,-17.13256065310604,-27.571042621026375,-25.804946424743143,-25.804946424743143,-28.91985028448377,-29.39253909783421,-28.844426733654224,-29.459940352626386,-29.748475710152686,-31.4134365493157,180.57306658510083,76.8138479784166,69.32416981439066,52.173666931073456,37.08334657962746,-26.456440068222307,-65.33385537927448,28.314733749119437,16.24668449307146,41.41926024887046,6.402132290738321,7.383987066963805,16.714770009413606,0.0,28.314733749119437,5.593950453851382,9.222524834795216,-2.8537114811265907,1.4435429133795603,4.78409527947535,2038.749138298808
0.0,16.865835171514036,81.42758286019082,40.581411313854915,6.188076642025833,8.854917010123451,0.0,0.0,23.138495466515945,7.4211639678236,3.0192216158709795,4.68870622288428,10.69294256571546,12.845321281034186,215.72367411755354,0.0,0.0,0.0,0.0,0.0,-8.945860524001004,-20.59421163085232,-16.730881359938262,-14.393785843656678,-23.00738117669392,-21.578564178964836,-21.578564178964836,-24.128743917493495,-24.55182379913842,-24.08810891711119,-24.547680958571764,-24.81403279305517,-26.382953040045084,151.18912496199096,64.53454915556259,58.83897109082837,44.1527951221487,31.331523577499844,-22.58861176936245,-55.49977478702405,23.181344773462957,13.301202052492416,34.17822130401253,5.433523079020987,6.021264930525957,13.868516284342137,0.0,23.181344773462957,5.006862504673593,8.337188854765834,-2.4143014631500073,1.3325587076416774,4.508132426268352,1708.7366522251098
0.0,17.90655947720081,82.03703250503757,43.02225185071366,6.547960190584814,10.229174515689197,0.0,0.0,26.93780525024528,7.691869360764919,2.9491104331592095,5.304868939842817,11.397962070452287,12.255376325628465,226.279970919319,0.0,0.0,0.0,0.0,0.0,-9.366266610306496,-21.312028512934212,-17.601402839791085,-15.163550883140823,-24.459580590776582,-22.900539885636935,-22.900539885636938,-25.688212353184284,-26.108559549512844,-25.5866388404301,-26.11624365570708,-26.35035863690753,-27.842535113351587,158.29417965703053,67.98579126228849,60.34127343853972,46.705627435824574,33.34071930546542,-21.69575906649785,-57.89247106744864,25.340173325582683,14.53991426047898,36.8860793097205,5.666456760450018,6.476146612448666,14.514301421132622,0.0,25.340173325582683,4.97452303347411,7.96775930234228,-2.7173463272908087,1.1712776726058491,4.2876170232861845,1792.3525619333507
0.0,21.37386481283746,96.43242089661167,47.66825899231746,7.903491737114238,10.849407049318666,0.0,0.0,28.214353190982486,8.716779477100493,3.567537392781298,6.286587242090215,14.006534990142544,14.352296246415113,259.3715320277116,0.0,0.0,0.0,0.0,0.0,-10.755856850266769,-24.599498601162992,-20.066443686107956,-17.306263145618992,-27.84428578321748,-25.936841392015126,-25.936841392015126,-29.02503215151612,-29.54696339789086,-29.059090551785662,-29.806522430967533,-30.08317488903544,-31.67156828964103,181.77888879950598,77.59264322820566,69.92797772842458,52.80505238113196,37.671993877111944,-26.504443168187095,-65.5469138088094,28.071909458240103,16.107354571196666,41.814231559394045,6.107615729352332,7.670679988077293,17.186528792645756,0.0,28.071909458240103,6.17670114052946,9.78820969792482,-2.5400783365710335,1.3840927459870773,4.564086548490293,2054.4691959864344
0.0,21.112948561440817,89.62239657765261,49.09652346870942,7.628363145674236,10.713858612750915,0.0,0.0,29.907126144626663,8.869167472049442,3.636672983643524,5.768135158442171,13.170909906015334,14.725840546867785,254.25194257787297,0.0,0.0,0.0,0.0,0.0,-10.520825709718933,-23.711771416841437,-19.77955859410026,-17.050334575666458,-27.523493391055677,-25.79021980830579,-25.79021980830579,-28.95219781220188,-29.443094391241836,-28.855410033183578,-29.400075283553367,-29.71342864462136,-31.525756264437547,177.80675527664243,76.44518730123053,66.6310335259004,52.510962366046535,37.55181082325467,-22.991363051752202,-64.81177911265259,28.742641613454154,16.492213344783384,41.5568558661583,6.6964134848059125,7.335842588240062,16.810741180361415,0.0,28.742641613454154,5.809426970887053,9.518301842723812,-3.0597405011623895,1.567707429797891,5.207538704143973,2013.9171788141455
0.0,19.44930116903189,88.3230129587418,45.513357221735916,7.285052259450571,10.58620545141163,0.0,0.0,27.944653807886493,8.055341716855073,3.1658740884245256,5.46791116193972,12.304255200787571,13.30935853480296,241.40432357106823,0.0,0.0,0.0,0.0,0.0,-9.999913316058795,-22.79342330087914,-18.740091875900397,-16.148369323481464,-25.959514741567222,-24.308103106387208,-24.308103106387208,-27.23721995540143,-27.68176315663736,-27.145028260789694,-27.70962822681158,-27.984172858084815,-29.58899947515802,169.003098125043,72.40122544602522,64.6234782281171,49.56997822051725,35.36034050737675,-23.699534730624706,-61.54648664020264,26.625914453360796,15.277658454998436,38.930027053748745,5.960349518463897,6.841458446676672,15.542013637196543,0.0,26.625914453360796,5.260866286815702,8.69805281365704,-2.7944754300393715,1.3735472847369516,4.611305721145921,1912.1518181945764
0.0,19.696046343589227,83.47739262628407,44.40854980206425,6.703787862116429,9.93912370152596,0.0,0.0,27.13092980211345,8.607029657708152,3.3261021773782993,5.605895558181483,12.281461153085559,13.529413380517635,234.70573206456453,0.0,0.0,0.0,0.0,0.0,-9.717858545603123,-21.944360711976714,-18.229927032205914,-15.717514662690098,-25.447300517928092,-23.785871093133974,-23.785871093133977,-26.708639867726056,-27.200088178025428,-26.664006724914408,-27.218976374463672,-27.482788684200493,-29.105794346240014,164.23624379927537,70.46948826528917,61.75936842134458,48.27625049116828,34.5045785431733,-21.71802420493949,-59.6630816793117,26.568209931752396,15.244548231723797,38.60719726703433,6.117175500182602,6.92574901894211,15.625149046383662,0.0,26.568209931752396,5.8159563349038494,8.865872026458906,-2.7910733228043023,1.3198534607606272,4.663541354058729,1859.0926031025444
0.0,18.334250686886065,79.21949357246146,43.939841383522115,6.744268439158723,9.55110484441144,0.0,0.0,27.306362357765536,8.196008484762551,3.107690696002888,5.439500948790295,12.652383031974807,13.950365616882982,228.4412700626189,0.0,0.0,0.0,0.0,0.0,-9.437190717227983,-21.20442995615183,-17.821458885608276,-15.378260199246332,-25.043824979462528,-23.3824902479963,-23.3824902479963,-26.307935256490495,-26.762611765953125,-26.22189219347397,-26.819604056839967,-27.11988141852528,-28.785669071172862,159.49282942754746,68.94844063507144,59.43950719262427,47.55143017457063,34.16764137346647,-19.77998637983719,-58.01944161391458,26.592537119300037,15.258506905825847,38.35237195546462,5.922912086533167,6.941789130125642,15.93656589439437,0.0,26.592537119300037,5.3807870942322715,9.163894573128076,-2.8152213905302794,1.5022881813353468,4.786471043754906,1809.4721065437714
0.0,19.30763165805214,78.03211685408483,39.67380412171878,6.659511078946136,9.510393359021718,0.0,0.0,25.363944193406585,8.104448766455326,3.146687321356472,5.02819996165524,11.411629978714991,12.97125898572981,219.20962627914201,0.0,0.0,0.0,0.0,0.0,-9.083836272117383,-20.470358781862977,-16.96155642095191,-14.651196097639517,-23.769948621514356,-22.190776467480717,-22.190776467480717,-24.941668287099272,-25.407780995880387,-24.910641982556882,-25.399443987143982,-25.667631778487983,-27.232824441318577,153.5209780651915,65.68864821395049,57.516404049833746,44.678539864079674,32.01840249322598,-20.515712804251088,-54.864885379064205,25.005834193423887,14.348074123750159,36.18265424916609,5.735009356674346,6.369943964777091,14.567307568692934,0.0,25.005834193423887,5.516126731137452,8.473837392630017,-2.5883220353178737,1.3417440031218515,4.4974215930997925,1736.3487084853962
0.0,19.802012240244686,85.45897871138378,39.79005490952116,6.291648259520621,9.23186608237387,0.0,0.0,25.29216135688835,7.745562410752652,3.06471904723369,5.019729305037227,11.318518405989469,13.54234102171155,226.55759175065702,0.0,0.0,0.0,0.0,0.0,-9.415652709030702,-21.569896665704718,-17.45412709375061,-15.03931163178316,-24.145773124966844,-22.647085751880727,-22.647085751880727,-25.378901847810784,-25.806267156772126,-25.28998591817442,-25.78658964063585,-26.065316453825442,-27.739663837322883,159.12882726095492,67.42876448970212,61.39437266592914,45.590258534028514,32.34218382075259,-24.06460604545464,-57.345415862442415,24.832434287156246,14.248579154338833,36.13388418849173,5.75270383714209,6.414200053434218,14.73511421554155,0.0,24.832434287156246,5.057577620844252,8.731274463762478,-2.6879847899084,1.3944707483969907,4.811066557949072,1794.5515829349583
0.0,20.889130804244697,83.503007446215,43.84236879350785,7.199476692097708,10.214654378798858,0.0,0.0,26.304983706938042,8.778638250890802,3.4309812496156047,5.442877091632939,12.659486148470778,13.631117779608688,235.89672234202095,0.0,0.0,0.0,0.0,0.0,-9.774591227785182,-21.989508790144196,-18.26068605080484,-15.76930054952151,-25.551349228115797,-23.79475958974047,-23.79475958974047,-26.706023122727792,-27.232059032372938,-26.741634944063325,-27.312478304763463,-27.600633901358073,-29.171322248772054,165.195052015974,70.70167032604694,61.70085145405365,48.12894069316957,34.476129064506154,-21.802155992161346,-59.16374973363399,26.463626333854396,15.184539307279932,38.81457296482139,5.984342463285705,6.884520060387258,15.73105606234956,0.0,26.463626333854396,6.225277037220701,9.117904896975586,-2.553361213670101,1.4416429687543193,4.513212882633102,1868.526378731753
0.0,19.93014860072262,90.27017533556283,47.62184180995392,7.2259444609516965,10.178183277102221,0.0,0.0,29.08898903297664,8.495484486472648,3.2191560337361618,5.609471355755567,13.194242873455302,13.812801619202252,248.64643888589188,0.0,0.0,0.0,0.0,0.0,-10.296535267483131,-23.427223264518858,-19.332163073695327,-16.64554086956162,-26.75607165644833,-25.10969250381148,-25.10969250381148,-28.14902883035642,-28.60555533856769,-28.011520490435952,-28.589305986019475,-28.90050296563566,-30.57939059592758,174.01614445636525,74.63029442952664,66.32665553889832,51.245620498027414,36.51371981871687,-23.943519796664503,-63.80009983694385,27.627818621442977,15.852540106909805,40.11796995034801,6.311959949661271,7.166390405266185,16.461436318318334,0.0,27.627818621442977,5.402680570547539,8.988689124828603,-3.092803915925109,1.5569190495106175,4.824112494373649,1969.5162587396442
0.0,20.157228514133706,88.59363477696132,45.64252338628088,7.620028992230312,11.216676253670183,0.0,0.0,27.236044553921136,8.633828850088674,3.3403092233512277,6.090190132440482,13.517770678077738,14.105420962903896,246.15365632405954,0.0,0.0,0.0,0.0,0.0,-10.188145775859875,-23.097313930252586,-19.09761731994563,-16.498122426785493,-26.80763472939312,-24.84224187187593,-24.842241871875935,-27.86426820583659,-28.394460892881458,-27.94129877500241,-28.703480881049526,-28.96751423792257,-30.49295933321756,172.18431258847178,73.96934373558776,65.20769891596056,50.53012445602175,36.28926070235576,-23.38593586100076,-61.73105896841933,27.470469356973528,15.76225482018584,40.90751647729397,5.699668404269903,7.411149492421746,16.58002232693213,0.0,27.470469356973528,6.27446966917,9.722209954068237,-2.3593591809186742,1.3209593599812637,4.383211008835659,1949.7710502137156
0.0,21.64677540037547,93.12559335920787,43.416226613343355,7.1434648458272445,10.641131790828261,0.0,0.0,26.895211336945124,8.750345409592981,3.2696113016252957,5.570265913052456,12.568791054758183,14.7229138552536,247.7503308808098,0.0,0.0,0.0,0.0,0.0,-10.29278372994659,-23.553814196827105,-19.082997168372938,-16.459814277477562,-26.497192001150896,-24.74229403246115,-24.74229403246115,-27.719432747162482,-28.225790735308184,-27.696072588146183,-28.300343354373943,-28.595871048386773,-30.342917461719132,173.9527417601249,73.7975891206849,66.985050597972,49.85375135223654,35.4671644095409,-26.140542761235864,-62.29358563038172,27.06243718481355,15.528130423225477,39.82770305401688,6.027554484641923,7.048791498467811,16.110225280078883,0.0,27.06243718481355,5.992402226576354,9.702954044517545,-2.7579431830166268,1.4785255854153547,5.019959810736054,1962.4182311406812
0.0,17.719088239300785,76.28770869668716,41.396071000084,5.991062417920943,8.845504067626228,0.0,0.0,23.782244522689627,7.733921789778422,2.9042160163540847,4.9375588403728825,11.632711050902605,11.519005893474075,212.74909253519078,0.0,0.0,0.0,0.0,0.0,-8.812297558029178,-19.952137058010152,-16.52856674050854,-14.233797799440577,-22.931284975732012,-21.42428668016336,-21.42428668016336,-23.999736902817464,-24.449886059316487,-23.987628724689454,-24.51973847797257,-24.77397509838583,-26.091020668315885,148.93184989064014,63.817242644550646,56.27034146578258,43.76286968284575,31.17955050271106,-20.017367230904583,-54.49463170429739,23.411055564531456,13.433007591623076,34.51109902504339,5.310928853481348,6.209505110201151,14.145160993734669,0.0,23.411055564531456,5.327208952651159,7.734609680813746,-2.4067128371272632,1.2719462698282689,3.7843962126603294,1685.1751372657118
0.0,19.64876239548002,85.76338425107639,40.76574299432597,6.757828319157344,10.23455392314436,0.0,0.0,25.98774130960996,7.724124659702765,3.120583569538574,5.256732978531663,12.73922676169987,13.356377098387409,231.3550582606543,0.0,0.0,0.0,0.0,0.0,-9.597361795260024,-21.902022946496302,-17.86413913363978,-15.424390199952434,-24.994017421114524,-23.238691071556705,-23.238691071556705,-26.066036417244543,-26.522519128977493,-26.076539812600778,-26.720648929980566,-27.01905595209893,-28.515067929616308,162.19979373432523,69.15526452632906,62.154170587645865,46.8850801859106,33.511780565288774,-23.609213663430523,-57.93751920416405,25.700803069610387,14.746839662707686,37.971697568296534,5.442545960212368,6.749663847644909,15.5449338372949,0.0,25.700803069610387,5.402162269028971,9.057739153679133,-2.321962390673794,1.4929308691132457,4.298637944708275,1832.5520800847878
0.0,18.18768485280025,76.42508278083852,37.88222438053863,6.4045847994423095,9.50014203155854,0.0,0.0,24.135249180589472,7.540571188827514,2.713067186240905,4.7847108455649145,11.471777043886926,11.376506470410682,210.42160076069865,0.0,0.0,0.0,0.0,0.0,-8.72396367880654,-19.78278728409337,-16.265730724433315,-14.047646628646612,-22.74774790875157,-21.182244437672036,-21.182244437672036,-23.768633465949538,-24.2070447489213,-23.755243869326833,-24.30019053608291,-24.556840914472993,-25.84434178856208,147.43896702394017,62.98263373675848,55.8611082754298,42.773179705233524,30.61699419047662,-20.563974505408723,-52.673571498140625,23.51049021250344,13.490062104923267,34.52147162965224,5.065339168301976,6.0687331508984865,13.88725727889324,0.0,23.51049021250344,5.188299206766444,7.677003930070797,-2.3522719820610707,1.284022305333572,3.6995025403398847,1666.7391889670566
0.0,19.68804339404131,85.21171787924828,41.13741754034047,7.158026556666613,10.033948585118122,0.0,0.0,27.439977656201894,8.599534041126189,3.195639201259428,5.489254162529359,12.896227878037893,13.769340319512759,234.61912721408225,0.0,0.0,0.0,0.0,0.0,-9.7193235424301,-22.06528984372511,-18.157441825105927,-15.692676043857478,-25.526949892069396,-23.79169872458077,-23.791698724580773,-26.755664875648225,-27.247778693256304,-26.71464963314859,-27.31492751586898,-27.614791675654033,-29.226481882853193,164.26100291414738,70.35812429993489,62.36281406927821,47.856841439858364,34.35330401096951,-22.848903809970075,-58.53160249936948,26.942697491750383,15.459425097166921,39.02179925486834,5.971341081343299,6.989475094013464,16.02703449439346,0.0,26.942697491750383,5.8238321610423185,9.138312771673087,-2.7757018800838704,1.5002209314841055,4.631027547839672,1858.406610325512
0.0,18.465669788486203,86.90529804967643,41.802259654485525,6.8730833503245,9.91634271276617,0.0,0.0,24.909045011507434,7.916763116356152,3.1253865798436484,5.3796558658878535,12.327839790296954,13.72436907636518,231.345712995996,0.0,0.0,0.0,0.0,0.0,-9.591538873993969,-22.027075560532534,-17.90695606291213,-15.444255204426256,-24.90715106768375,-23.188968020559077,-23.188968020559077,-25.96763163695512,-26.439719773749612,-25.99221179718776,-26.63779501069809,-26.91476736631827,-28.47008539404657,162.1013837078582,69.2443292881378,62.81525830448319,47.16094140720372,33.659514207685106,-24.090039745193245,-58.4825661003532,25.258282123407362,14.492925984470839,37.54819404514519,5.4553078406436395,6.7653490599051604,15.411194431830213,0.0,25.258282123407362,5.586841855556161,9.255321240814615,-2.329921260799991,1.385693194017307,4.469047835550565,1832.4780567013474
0.0,20.21186024992263,89.20303982076743,46.90143588145018,7.7597751085299045,11.323608957436962,0.0,0.0,28.62932597465614,8.771502881549283,3.301472982103278,5.676950662414244,13.800120207719107,14.179020217258358,249.75811294380753,0.0,0.0,0.0,0.0,0.0,-10.332019154864177,-23.387828294392385,-19.41059103977021,-16.759732926553735,-27.192876812601558,-25.294895466954273,-25.294895466954273,-28.39040201838177,-28.90374876011222,-28.385852458270403,-29.05752200881305,-29.37977445601287,-30.98050384147936,174.61583834483991,75.1422745989676,65.94842218279648,51.48917811312405,36.96637779899675,-23.254617637970952,-62.950798224091066,28.13841061201253,16.145512205781504,41.398079065343325,5.997866494061488,7.289180236157659,16.78742337768722,0.0,28.13841061201253,6.0751093695910745,9.57948747354683,-2.6963935119582088,1.6122295737434147,4.599532743711528,1978.321774480365
0.0,17.97890370115423,86.00778185979158,41.975890929409985,6.740338830494429,10.207015741851276,0.0,0.0,24.309856965507485,7.5497422980017586,3.161576540567935,5.470845012679921,11.545838167357761,12.782174572788772,227.7299646196052,0.0,0.0,0.0,0.0,0.0,-9.443069296734114,-21.729622297801495,-17.634295191004636,-15.197451458434333,-24.427155354883404,-22.73731399455179,-22.73731399455179,-25.421816187446886,-25.88137937061857,-25.475895640716942,-26.106988009303688,-26.326031510536318,-27.762136849751023,159.59218010366934,68.13778451593585,62.06270142479855,46.45658969073571,33.093985286980796,-23.94508043499303,-57.86852843909528,24.402346994774085,14.00179977065384,36.62290253332699,5.272701286242056,6.566720043861794,14.576465461371866,0.0,24.402346994774085,5.438617552327638,8.655672247592793,-2.111124745674121,1.0958750311818735,4.126502325195979,1803.8378909836263
0.0,16.783593831462554,75.12806423497433,37.964508722195184,6.068308904499782,9.564844660435291,0.0,0.0,24.303272606262322,7.73980116230515,2.7914193078424496,4.7657288681452865,10.922227337751584,12.637860927556083,208.66963056343002,0.0,0.0,0.0,0.0,0.0,-8.634389691172021,-19.592233926105227,-16.20976847435038,-13.994534351534869,-22.78927440483984,-21.23625233267905,-21.23625233267905,-23.880492430492446,-24.32301696582856,-23.842299480868732,-24.344719198191015,-24.607509470170985,-26.121378347645205,145.92512575920267,62.744504804227354,55.35103417150683,42.963808888262015,30.826688867971292,-19.7770300634675,-52.60589225398981,24.036361220010857,13.791801136578199,34.896992513709115,5.2942437206077475,6.080469072167526,13.957435060498552,0.0,24.036361220010857,5.236976749539851,8.287913000786881,-2.5028244127652988,1.3147402040222396,4.349947926769202,1652.8619188810314
0.0,18.66802551208564,82.38332132035443,41.005927119297844,6.376237696641563,9.27284394641702,0.0,0.0,24.099920235708108,7.144390420220286,2.9584422768257452,4.92286570845269,11.301878207299572,12.475399395205892,220.60925183850878,0.0,0.0,0.0,0.0,0.0,-9.158230078712997,-20.95203838971249,-17.050911379662494,-14.682942781773914,-23.50237102362698,-21.991374021328156,-21.991374021328156,-24.590361661006995,-24.997992961970812,-24.552323077108454,-25.094584045724883,-25.35469507216754,-26.822842585439282,154.77826734346792,65.83098449504087,59.57371475980951,44.76339213333426,31.773134938238528,-22.809606560544914,-56.23292799545428,23.625012632295626,13.555773816650186,34.99495374118351,5.278793632385477,6.224201642226257,14.219114520154756,0.0,23.625012632295626,4.824039064660554,8.256827148577141,-2.3203513555597315,1.3013359337735668,4.218572246628751,1747.435073959488
0.0,21.394333537386572,87.49285002140944,45.2745054271518,7.266142177939695,10.849043502306513,0.0,0.0,28.523751212218045,8.256268994853118,3.484484277392098,5.737708842612128,13.165932625305368,13.474609894522512,244.9196305130973,0.0,0.0,0.0,0.0,0.0,-10.1501122922172,-22.905145029773422,-18.96055515562281,-16.366251681239596,-26.5110083700979,-24.705883812054513,-24.705883812054513,-27.72828054834971,-28.208787146506506,-27.715205587978403,-28.339657884638857,-28.621640358962008,-30.16921799821324,171.5415293597634,73.37810115333392,64.42911924814973,49.9684826645055,35.74959390972161,-23.063730773259707,-61.6077766417291,27.473836344834073,15.76418676098906,40.25377624338665,6.054284655004988,7.148467669524084,16.201980416551066,0.0,27.473836344834073,5.686468617240227,9.02780327636486,-2.569800377612891,1.4107588269119562,4.446806618157652,1939.9963922323484
0.0,20.015035515974734,90.57036655891707,44.280444302067686,7.346393022784064,10.326660986001157,0.0,0.0,28.14032249381499,8.085061385189627,3.3726170156016932,5.88482881164738,13.067657421984007,13.792433257446064,244.88182077142847,0.0,0.0,0.0,0.0,0.0,-10.150164478736015,-23.187821358223236,-18.961048133306843,-16.35762188053491,-26.40522105629711,-24.64834912262489,-24.648349122624893,-27.640219732011264,-28.101725704458705,-27.59783923199208,-28.257803002324643,-28.52907900982036,-30.127550417230708,171.5424113357447,73.33940943568378,65.85673020905804,49.97098261439898,35.699662996312945,-24.71363634985903,-61.82441825627953,27.1963513261192,15.604968892632636,39.86826115293309,5.99606925940149,7.242023165738374,16.303507741792064,0.0,27.1963513261192,5.46160914138983,9.199388583547016,-2.6234522437997976,1.3571943540909936,4.593044673899048,1939.696903121267
0.0,18.40325187410672,73.78930892584076,39.689308175821914,5.879772872697158,9.183788807910423,0.0,0.0,23.798514110867636,7.321214267065875,2.913896221872219,4.743771000117299,11.078015103202084,11.748457018923038,208.5492983784251,0.0,0.0,0.0,0.0,0.0,-8.642927028271684,-19.448079087494225,-16.16266731878108,-13.935514158528832,-22.541829956507144,-21.031048770320293,-21.031048770320293,-23.592117264408998,-24.017160740289007,-23.577106481839373,-24.07958446337943,-24.332941171142128,-25.703705453789443,146.06941065187905,62.47988772654605,54.579744704866975,42.64825482366943,30.43815924923596,-19.209564220973782,-52.8889375505164,23.280324462218903,13.357995515171199,34.14933655256848,5.205010182665834,6.01131506536994,13.749222496622282,0.0,23.280324462218903,5.03010030627226,7.8097055602501975,-2.2911139607936146,1.2675440652526415,3.93875145867284,1651.9087735398846
0.0,18.02319154714586,77.47877342393444,40.18311360654569,6.082905370917881,9.4453186283267,0.0,0.0,24.53313143149865,6.917914796606297,2.9127727417775855,5.054947244394287,10.770381984127422,11.553471766722932,212.95592254199772,0.0,0.0,0.0,0.0,0.0,-8.829158102453176,-20.054345782741795,-16.500801560367762,-14.216373716662957,-22.883224214028235,-21.390454464772663,-21.390454464772663,-23.962713053207935,-24.354504794448125,-23.916330482185884,-24.4475395601453,-24.659451968537205,-26.02535662175317,149.21680078507987,63.73912175691785,56.70145820219537,43.509774602510134,30.982376433228556,-20.777315221739073,-54.24905826893387,23.38204334547104,13.41636069768811,34.38953455029473,5.194098884653829,6.115145405250262,13.634971632063936,0.0,23.38204334547104,4.636588653730054,7.628683957930444,-2.2813261428762432,1.0601981608559745,3.9247878087924883,1686.8134276149592
0.0,21.320601561490527,90.34926964263721,43.15881539057333,7.036582688492631,10.633751807638216,0.0,0.0,26.958785613445336,8.812518527892259,3.11888633458572,5.553035793084397,13.312299292503127,14.177856763066213,244.43240341540894,0.0,0.0,0.0,0.0,0.0,-10.145251129969333,-23.108569011594078,-18.85538713625843,-16.275904592429562,-26.341226661127063,-24.5197309272802,-24.5197309272802,-27.49952463639604,-28.016238552788867,-27.498118023533884,-28.16160615957055,-28.474039213608496,-30.082953195259215,171.45937349956623,72.97302991584273,65.48122382999819,49.3995916872113,35.25795642086627,-24.868045812639025,-61.25581913628276,27.086571303661874,15.54197831661982,39.93858451193358,5.816447272030315,7.116138925153393,16.372246507111647,0.0,27.086571303661874,6.1149575904476645,9.554806416388692,-2.697560937444594,1.5631031320689965,4.6230503466775215,1936.1370902656868
0.0,16.73616212245959,72.28641746691424,37.71549582150621,6.480528992561147,9.028812427069004,0.0,0.0,23.758021099277055,7.053123045389206,2.8569253802548578,5.217701916870828,11.40736557626922,11.489920225576398,204.03047407414772,0.0,0.0,0.0,0.0,0.0,-8.43805148935464,-19.046277614737292,-15.847777360603022,-13.699909376476123,-22.31857265781037,-20.71286600355916,-20.71286600355916,-23.272202277524368,-23.693782112293324,-23.297347217060967,-23.92543839938161,-24.138066630465598,-25.39912153380938,142.60692055694847,61.42355351719926,53.585018565351525,42.02430734600943,30.261432523127926,-18.70139890156272,-51.00612643379005,23.264578438007536,13.348960618722975,34.19833061397607,4.920937955005511,6.28148133994463,13.967098891956923,0.0,23.264578438007536,4.989110470638553,7.866407486814897,-2.0640125747506533,1.063779423073802,3.6235127387615007,1616.1153876480944
0.0,21.082890281056073,94.68214663821364,44.29244333936022,7.35509473615688,11.225964749543717,0.0,0.0,27.181833348930628,8.47967738312666,3.3138793687123806,6.154193966068616,12.725623096814527,14.310837392237042,250.80458430022037,0.0,0.0,0.0,0.0,0.0,-10.411988110774383,-23.893234637468435,-19.346449090461327,-16.69169669582261,-26.91212802876521,-25.038618746620298,-25.0386187466203,-28.03305057463315,-28.540172761176414,-28.064178858381094,-28.78767141205294,-29.023047887884854,-30.643483316147737,175.96735019054222,74.83723410967814,68.09742146130252,50.671852198768974,36.1151862494147,-26.58472517691112,-63.043277004006576,27.21963301529729,15.618327671206846,40.554048618929436,5.792110757244256,7.331782898587743,16.204190213553723,0.0,27.21963301529729,6.001445994594786,9.654681342978723,-2.4782313885318743,1.1775889325191278,4.656156049258319,1986.6108228174148
0.0,19.69202918398429,88.53789084650485,46.13189230031094,7.432298147178445,10.683392976452469,0.0,0.0,29.081869807100052,8.140552678617727,3.390505087023177,5.5981534734156995,13.29220475731923,14.352341550586884,246.33313080849376,0.0,0.0,0.0,0.0,0.0,-10.192036670955387,-23.123825772277474,-19.153205707169974,-16.523485773202815,-26.759199944909483,-24.989728648854058,-24.98972864885406,-28.06009919597851,-28.514381391977558,-27.983416934682293,-28.599893958889695,-28.91918186453949,-30.619608169761626,172.2500704910493,74.08306031744446,65.32196343548046,50.823327111017385,36.41275076056719,-23.215927411024396,-62.448822939139376,27.90992225365381,16.01440808516764,40.61468999169378,6.154937102930225,7.1955514404449055,16.58080847186618,0.0,27.90992225365381,5.3761206627106795,9.466339869010723,-2.7644320159070475,1.597397967029206,4.886001681576161,1951.1926588106694
0.0,17.103412113525792,76.35604760719661,39.58084141307335,6.4088300964127045,8.698655769659732,0.0,0.0,23.402486147749183,7.636912023884519,2.8633575195132686,4.9559474661359495,10.769127750578528,12.283062560393935,210.0586804681236,0.0,0.0,0.0,0.0,0.0,-8.700238371775386,-19.786656058163082,-16.305245629008695,-14.05613290417101,-22.625740163360753,-21.169315223206024,-21.169315223206024,-23.72811541475943,-24.16405097220007,-23.68811854033616,-24.193566588315946,-24.42801049304271,-25.90315571799833,147.03799850896377,63.02068195915984,56.00049344035813,43.13184696706731,30.802245988012558,-20.355554166838488,-53.41041854280894,23.259705404539638,13.346164525424744,34.00367930795073,5.341268863626924,6.128870743736325,13.834883930927749,0.0,23.259705404539638,5.159000679770864,8.044383102444337,-2.4779113441136547,1.1729232776003755,4.238679457949598,1663.864515112664
0.0,17.534920082898918,78.17558733150314,40.003764309776784,6.369405906341108,8.648238509457752,0.0,0.0,23.399669954106468,7.120295942085059,2.853441339355017,5.2194692502599995,10.864831063301592,12.544907750681352,212.73453143976724,0.0,0.0,0.0,0.0,0.0,-8.818523882159417,-20.106233335617674,-16.487526764355483,-14.207080102282816,-22.816995227772892,-21.33583257855884,-21.33583257855884,-23.886340050921653,-24.291899311305784,-23.84614746783945,-24.42928036086326,-24.645789839428478,-26.12726233829972,149.0370776095896,63.69745383017762,57.017272584019125,43.49479856054938,30.990086382122158,-21.158314747484013,-54.15451584119368,23.18432390112547,13.302911443356775,34.163618464765,5.174219407071655,6.302666561472842,14.03849398676275,0.0,23.18432390112547,4.799517874368421,8.288047516007355,-2.3207780677166383,1.0831973112128424,4.256860234673997,1685.0597995423557
0.0,21.590058814362905,98.5799731014617,48.964967067818606,7.359693810536651,11.17168710638429,0.0,0.0,30.24742138317508,9.22005357506348,3.3954828372166577,6.341256509845898,13.588893908685689,14.681273137466905,265.1407612520179,0.0,0.0,0.0,0.0,0.0,-10.99516625802025,-25.163674449563324,-20.543981898540856,-17.69096053771773,-28.455803011228593,-26.647254850586002,-26.647254850586,-29.85795233267517,-30.369423128760108,-29.761109637461967,-30.429789135493355,-30.704694884997426,-32.46211714073726,185.82332699037096,79.31743426164692,71.56896596223194,54.15616856012141,38.50813365365469,-27.01100713922976,-67.75163526058246,29.185505700292396,16.74632391336314,42.71423884418246,6.562627582872603,7.7166104697422355,17.263313685183334,0.0,29.185505700292396,6.052908829407535,9.631499401072924,-3.1671447456559445,1.3753539598963371,5.0497737363939805,2100.166977979932
0.0,19.212339873541467,82.9754306020326,41.753044877291444,6.652640540657248,9.435947922172943,0.0,0.0,24.719883286989987,8.113228823785517,3.2133449494613573,5.6094675793570135,11.633705087296608,12.492247112958763,225.81128065554495,0.0,0.0,0.0,0.0,0.0,-9.36638365807958,-21.325642281866575,-17.466182453012543,-15.058572997729302,-24.238275095491975,-22.620914176752475,-22.620914176752475,-25.332620550741712,-25.81545041372494,-25.35462340304565,-25.943441111393383,-26.15457123887662,-27.59285679528445,158.29615781780598,67.51512283773897,60.40944902655444,45.93806031608985,32.736308601620216,-22.565981575478162,-57.174292455075786,24.649635251242973,14.143691067153023,36.42449844362619,5.612610897705704,6.665751987418034,14.710187636329508,0.0,24.649635251242973,5.713962875541171,8.35948015586484,-2.399265948244347,1.0562844080610203,4.1327669570939225,1788.6400893198193
0.0,18.127948945958117,86.43105953312909,40.27084954471707,6.455478117104559,9.685671319541001,0.0,0.0,25.657923288319996,7.5708472987234074,2.9779729663669494,5.337742584385995,11.324796585605887,13.190880554971898,227.03117073882396,0.0,0.0,0.0,0.0,0.0,-9.420269809311101,-21.716244324367167,-17.55666345992855,-15.12753463240784,-24.327908636644093,-22.770656224059312,-22.770656224059312,-25.513537555266396,-25.934138464154575,-25.436039155679932,-26.002176186692445,-26.243475844848778,-27.839849885041176,159.2068583625334,67.82431237629054,62.11029203948108,46.14560827255812,32.82300910453611,-24.320767493648006,-57.68532005511069,24.933018191137922,14.306293098165781,36.50652330861143,5.571294716117809,6.544965208742246,14.704592064210368,0.0,24.933018191137922,4.977525548972547,8.603862452011168,-2.59332174975086,1.207222624356251,4.58701810296073,1798.3027788948582
0.0,21.35345414844706,94.79632132400499,47.980940665045246,7.654472811963715,10.49475249932335,0.0,0.0,29.561018706479892,9.087887348224644,3.4947234299549184,5.6337262819419545,13.598586628975976,14.227946171180028,257.8838300155418,0.0,0.0,0.0,0.0,0.0,-10.691713928278284,-24.37521752784999,-19.98363836708322,-17.216231407741503,-27.63451038193386,-25.931141940070532,-25.931141940070535,-29.05989513471635,-29.561561267302096,-28.956346769011944,-29.502322463232368,-29.835689080626725,-31.56405980480483,180.694844148695,77.18898586684676,69.1190766256084,52.69920847779568,37.523104896843904,-25.677244698396592,-65.7185219506463,28.44062534902119,16.318919715978875,41.33909600108069,6.645733469472538,7.301560069186138,16.897049963098667,0.0,28.44062534902119,5.936877308707024,9.261649049813151,-3.1510100395176197,1.6678337872441835,4.9662971213668765,2042.6851812454356
0.0,21.346053243269527,88.93013477625482,47.50543286293983,7.3971188984756235,11.052083938965177,0.0,0.0,29.666376257156955,8.845691420921309,3.5748737529533288,6.2830483683279175,12.844247113619884,14.790380897157558,252.23544153004192,0.0,0.0,0.0,0.0,0.0,-10.440159276969334,-23.50987343214904,-19.591323931385787,-16.904644507468966,-27.431837979683355,-25.608706676871154,-25.608706676871154,-28.774220620209174,-29.276642532546273,-28.719664506804314,-29.358916483960556,-29.608805084120455,-31.38967177946344,176.4434557540871,75.79198577595483,66.01866017669187,51.900888466518,37.177853867607716,-22.91147459956295,-63.80145865392591,28.774783595473274,16.510656062467877,41.771262091160985,6.474743726098314,7.533241484997454,16.71119294110004,0.0,28.774783595473274,5.945821447776323,9.673241953007864,-2.8998699731449857,1.2501931166695366,5.117138944149694,1997.944572822827
0.0,20.656367416384235,95.52396991039663,49.400214486401744,7.322527634413583,11.518545679501997,0.0,0.0,28.724997289358793,9.338359673552068,3.4274327088337606,6.114847486071759,12.85538795794533,14.178665991861584,259.06131623472146,0.0,0.0,0.0,0.0,0.0,-10.734592123772027,-24.53288608833323,-20.11602674140509,-17.317229529082983,-27.829660343039322,-26.021807934742835,-26.021807934742835,-29.128612587951924,-29.66777306055049,-29.09967564316385,-29.717294561979365,-29.969982921682202,-31.65395027678486,181.41950521838814,77.64181101633332,69.69891379785417,53.206866025595865,37.857357978553914,-25.825056112542455,-66.46395659753283,28.241111291783405,16.204440732401086,41.712684762940796,6.385195073527053,7.379047804777159,16.429896205134586,0.0,28.241111291783405,6.380597308858776,9.339957425966926,-2.9577623646932922,1.2642003187053996,4.838708565894658,2052.011991890733
0.0,20.509182876235613,87.2579191862565,43.96247196207455,7.354299494646597,10.08801686428841,0.0,0.0,27.13482565700671,8.453693489235276,3.3220652885818955,5.710668406662413,12.592082522927939,14.856301850060698,241.24152759797656,0.0,0.0,0.0,0.0,0.0,-9.99681089418542,-22.660909505474798,-18.67794015303824,-16.123753819946252,-26.083099684263303,-24.343749184994717,-24.343749184994717,-27.3243137010885,-27.8085417468355,-27.28549978210513,-27.91134390707562,-28.198414544518535,-29.96707314832791,168.95066577970965,72.2908618182669,63.969786388287964,49.23507973487306,35.23661678031304,-23.288132797968537,-60.655101711992124,27.093578002852325,15.545998683969689,39.51807739194131,6.045249360692936,7.146883322826763,16.237927844133207,0.0,27.093578002852325,5.730509417124234,9.774241612691078,-2.7231840721110414,1.4362149161643503,5.082060237369619,1910.8623192687198
0.0,17.958816114351407,81.79098764894789,43.629583222451735,6.5010212716791,9.348724577736565,0.0,0.0,26.02735345272059,7.475486157602316,2.937556363300072,5.413791826037716,11.421463066902902,13.047317983707282,225.5521016854376,0.0,0.0,0.0,0.0,0.0,-9.338723150884146,-21.247469809134277,-17.54694702312798,-15.105031387379865,-24.2775509163839,-22.765774334322675,-22.765774334322675,-25.511198935052054,-25.91521133046088,-25.39772205075214,-25.967888741300168,-26.206544365751764,-27.800541475978022,157.82868262437293,67.72341906106467,60.15429943046987,46.552993830784004,33.16257324876765,-21.63668821847802,-57.98897258960138,24.956136721474245,14.319558257981365,36.39599844855183,5.63183074091627,6.607786345007108,14.807656784891888,0.0,24.956136721474245,4.781211779986119,8.4671297467489,-2.694274377616197,1.193994518969392,4.5801882369583815,1786.5871453973687
0.0,17.252603713360163,81.1573184678038,40.67524528231333,6.375924955182904,8.674394735783556,0.0,0.0,23.09175860863556,7.780740207234131,2.7389325835986615,4.9742262540054005,10.842015361822439,12.37651790372864,215.9396780734686,0.0,0.0,0.0,0.0,0.0,-8.9566496115988,-20.576342320557234,-16.734476840655674,-14.401294140061845,-22.994694083281768,-21.568599798470082,-21.568599798470082,-24.111646214829886,-24.550586555259024,-24.05385896929136,-24.571783231284584,-24.80981110397737,-26.30015048867828,151.3714654655873,64.56821260788129,58.69420977399828,44.111996535032176,31.3126554431967,-22.463108693805523,-55.4068558678183,23.116502284881435,13.263996141850141,34.09808722807682,5.325112549067845,6.165080129794836,13.933499813430581,0.0,23.116502284881435,5.194560241764948,8.094179576331065,-2.5861799654691833,1.1908538757894354,4.282338327397575,1710.447608975719
0.0,20.581604263977063,87.87916930511619,47.522976804196965,6.912108453432071,11.164183884964693,0.0,0.0,29.038574235269333,8.176956652974258,3.5074057837518935,5.844342152411244,12.63272605819243,14.03114679622983,247.29119439051593,0.0,0.0,0.0,0.0,0.0,-10.237533740696776,-23.121918658361867,-19.223006374176137,-16.5656720812783,-26.81008706409823,-25.03584947306085,-25.03584947306085,-28.09376296439744,-28.55776776291964,-28.041910842395424,-28.644708868037064,-28.91004399140811,-30.58568400375489,173.01899173055224,74.27220265996368,65.08251208599832,50.96116511728313,36.393710263293784,-22.796657219117876,-63.104590189927244,27.796686586097525,15.949434697798019,40.64921427989813,6.193181389126096,7.171814252526616,16.120034753280727,0.0,27.796686586097525,5.491181047600056,9.21636600102616,-2.685775605374202,1.3274721001153722,4.814780795203671,1958.7814334987513
0.0,20.84536288932462,81.5404661883421,44.31880067612106,6.885253764655332,10.713611683779565,0.0,0.0,26.84253588876037,8.387707449169541,3.0396865559984105,5.3744645539919285,11.922353981412021,13.938889288926816,233.80913292048177,0.0,0.0,0.0,0.0,0.0,-9.684296225638676,-21.695348526739195,-18.126056191845727,-15.644049608807501,-25.369229887041705,-23.657759361126296,-23.657759361126296,-26.567775933680597,-27.04502038741787,-26.51877853279574,-27.094827715389382,-27.368894872389134,-29.039029541204634,163.6690252769761,70.14010764350566,60.67107289539075,47.877495271137995,34.275094221122764,-20.869393292951344,-58.941025481791165,26.452291360369973,15.178035423486763,38.58892261818192,5.779530647330397,6.745623034078724,15.35015725299323,0.0,26.452291360369973,5.647863357837554,9.139927537258814,-2.739844091331987,1.3711584800867955,4.798961751668003,1851.990685215623
0.0,19.360600647775296,80.66993944333201,44.024129669802505,7.060878399467529,9.930969432648535,0.0,0.0,24.77476380905014,7.755249685222304,3.1509379294537445,5.41805717937993,12.54485515064609,13.029634708668624,227.7200160554467,0.0,0.0,0.0,0.0,0.0,-9.428264835959755,-21.253757441206627,-17.67304279027482,-15.251037616557554,-24.648438375451384,-22.897246222693393,-22.897246222693393,-25.645498994309534,-26.118538852661608,-25.70421604081248,-26.3751945253915,-26.64145345593932,-28.06358460638665,159.34197796112483,68.37803809432188,59.73376069731197,46.7603105394457,33.4873060765919,-20.93617874602004,-57.51615230865036,24.981845028780473,14.334309403492956,37.28831346279593,5.308082782107085,6.750151088464543,15.299110159575763,0.0,24.981845028780473,5.598104832568963,8.943285790654336,-2.1571448526533405,1.3320939090846133,4.086348918014288,1803.7590888944067
0.0,21.270408393332165,92.55418456919091,45.794709145313355,7.423421255743919,10.95751301926644,0.0,0.0,28.44398864063233,8.419418314893694,3.433151363491539,6.012873762426571,12.799551583783872,15.009028330933653,252.1182483790085,0.0,0.0,0.0,0.0,0.0,-10.454049415487809,-23.802659021100347,-19.505231300301794,-16.826147178612896,-27.169566169601612,-25.356256216356936,-25.356256216356932,-28.434255695197912,-28.915856868564028,-28.393427209016824,-29.05526608133388,-29.32682555638269,-31.10832959197953,176.67820543329069,75.44004294571779,67.4274365086252,51.33383555361834,36.64652497771501,-25.126748060565703,-63.62109051742813,27.979269874020368,16.054198991146965,41.04205615026076,6.153147508372072,7.371486305196296,16.55990931742596,0.0,27.979269874020368,5.699422170013161,9.890058054521845,-2.7199961448805325,1.358612542769725,5.118970276411808,1997.0162916159557
0.0,18.809928209117057,74.6016994523667,41.097284217572444,6.4044353367782305,9.157390511829519,0.0,0.0,24.197463217539493,7.286042100345687,2.875474860173401,5.063930108874884,10.680488034827379,12.848721015370147,213.0228570647949,0.0,0.0,0.0,0.0,0.0,-8.824126051075641,-19.80054287774942,-16.52414680547967,-14.250270998462444,-22.99396678057081,-21.495738678789483,-21.495738678789483,-24.111102211607065,-24.52046352501014,-24.05151895093082,-24.585792128128475,-24.817404288383766,-26.375016147140542,149.13175682061248,63.891100244182404,55.44484935431519,43.67071661980507,31.206262637375215,-19.156850098051514,-53.99847558815544,23.7738708555366,13.641187036799947,34.69445195662395,5.317004375867281,6.222686163784315,13.997370905142839,0.0,23.7738708555366,4.844512584651806,8.373082090145257,-2.4415295156938805,1.1587560549094311,4.4756389252248905,1687.343612690244
0.0,19.78718650324468,80.8683114154614,43.4474474214856,6.540720261823361,9.591621629830373,0.0,0.0,26.768478412276927,7.717025138975061,3.1206816450001424,5.282622523412394,12.787672897582878,13.479136627315171,229.39090447640797,0.0,0.0,0.0,0.0,0.0,-9.499412173672654,-21.374609989576502,-17.80290904498175,-15.355524261645531,-24.898507803138127,-23.23507888248616,-23.235078882486157,-26.09273479212589,-26.527009007728502,-26.031912990360034,-26.643401543209073,-26.950903161373656,-28.518974462220594,160.5444004338796,68.84650404252838,59.98483515635627,47.09333525016502,33.67904352411363,-20.883476259105137,-58.118850233583906,25.976328603215425,14.904933199942711,37.865977071234795,5.698366954358523,6.8210536729250055,15.754934814120896,0.0,25.976328603215425,5.139339829616681,8.973443561264542,-2.5776853093583805,1.5384311495126113,4.505693066050629,1816.994114203308
0.0,17.030432487371858,71.75634324463961,40.62320356808183,5.934814406937696,8.900097331673422,0.0,0.0,24.58225093915377,7.253356931607113,2.730323566811281,4.626432317644658,10.375027701762528,12.54243431109853,206.35471680678225,0.0,0.0,0.0,0.0,0.0,-8.53356290205526,-19.17022457445059,-16.086948917509872,-13.858280328043131,-22.40095539185665,-21.01841881216366,-21.01841881216366,-23.6126757130381,-23.997825599772817,-23.480125863447277,-23.91769287868642,-24.178081359005173,-25.768380665186346,144.2211070146233,62.13360979215894,53.728654202128254,42.83907676641681,30.62294355870641,-18.027689042511355,-52.92492494577867,23.582009825238078,13.531099276364175,33.896813998149035,5.425693673155512,5.929156353660014,13.641866639660089,0.0,23.582009825238078,4.557986825262883,7.972871337185613,-2.695370106344231,1.3027240360153565,4.569562973912917,1634.5256004453986
0.0,18.85127392220656,80.09752570095152,43.63153693067197,6.847394047566574,9.902861705460067,0.0,0.0,26.865450994551026,8.467190380603911,3.0145627854387773,5.511007121442291,11.963033558641209,13.237174908542048,228.38901205607596,0.0,0.0,0.0,0.0,0.0,-9.4458312404754,-21.263301522228208,-17.773556157765512,-15.334034313113708,-24.869018243280678,-23.238385051343467,-23.23838505134347,-26.11322163599587,-26.58698652764187,-26.037569279978293,-26.604285881166476,-26.858616523444677,-28.45333626961806,159.63885821320602,68.75015384286992,59.69323777215134,47.230744766845014,33.863601752003156,-20.40428792880018,-57.932126446255104,26.132502360261835,14.9945439933661,37.834235101051384,5.875068057806023,6.783423782830209,15.272881554955084,0.0,26.132502360261835,5.6066851082366655,8.654910250840256,-2.860505272367246,1.2724166613879175,4.582264657701792,1809.0581734345867
0.0,18.30989889664445,76.28186150491283,38.985739289026064,6.01719927276236,8.729744819074298,0.0,0.0,23.036080457502017,7.472413714997225,2.8010440490937203,4.8973126249355285,10.910408464066203,11.890669438641915,209.33237253165663,0.0,0.0,0.0,0.0,0.0,-8.685650567401046,-19.708475701405376,-16.18481452133405,-13.949125586409666,-22.442907435981855,-20.973010809334845,-20.973010809334845,-23.49189696868338,-23.923687706773954,-23.469929217138656,-23.996847828036866,-24.232161657957967,-25.624880133708412,146.79145795844255,62.54091457321407,55.67927026319309,42.53155600007375,30.270732798531267,-20.602591241719736,-53.091639395022185,22.896883550118552,13.137981314231602,33.70280870396074,5.163508200888885,6.074588139849935,13.734967544147624,0.0,22.896883550118552,5.10994956320206,7.888834843646088,-2.362464151795165,1.177275514914406,4.0018345949958265,1658.1114655369981
0.0,17.46257078430961,79.14090722022738,40.168348718543974,6.098133706229865,9.181467074185091,0.0,0.0,22.894014616781117,7.7709441441995,2.7819198741638673,4.85875352277829,10.823270307994724,11.718915417305045,212.89924538671852,0.0,0.0,0.0,0.0,0.0,-8.830393419329337,-20.20282706311993,-16.492216650062463,-14.199075944438603,-22.763536860912755,-21.281895996816157,-21.281895996816157,-23.80156233641244,-24.255368304086986,-23.794312082562065,-24.3032988565327,-24.535241431415518,-25.90553149375188,149.23767820397728,63.66156718274122,57.445237378343116,43.45407912167155,30.875790919653014,-21.69566984188426,-54.45596546245216,22.903975453106813,13.142050570588616,33.98325893371221,5.182379193812542,6.019162642664275,13.600250023050302,0.0,22.903975453106813,5.370484824550825,7.781526582363481,-2.400459319648675,1.1604091198859852,3.9373888349415633,1686.3644906451734
0.0,16.948124119408,74.12838134527487,40.05548807228977,6.136781966667097,9.456160358686047,0.0,0.0,24.73834730992844,7.066193556462381,2.8950120068219842,4.985042365145539,10.80395020310173,12.42519566202763,209.6386769658135,0.0,0.0,0.0,0.0,0.0,-8.669937478602039,-19.57648390183517,-16.320677072032172,-14.076673866422611,-22.842321738544005,-21.315294769105783,-21.315294769105783,-23.94277130341655,-24.340512932805577,-23.887382920519403,-24.418797124468245,-24.65418350301268,-26.144474591407054,146.52589958766333,63.112777378150156,55.091915053963405,43.39121820230338,31.094642211988564,-19.03646629131147,-53.28908111160201,23.883979041094157,13.704365909209928,34.78155651186967,5.254204032053272,6.162680840953222,13.908511280177123,0.0,23.883979041094157,4.707001531231095,8.142996109144553,-2.3591920252312866,1.177638475807683,4.2821995528830765,1660.5376879510372
0.0,21.26019590966959,88.6062473734297,43.990944567523,6.857957055380729,10.142178696862507,0.0,0.0,28.651093624228363,8.250044464699052,3.210152818382147,5.6009926211663235,13.00730509970971,14.079321298367752,243.65643352941888,0.0,0.0,0.0,0.0,0.0,-10.107132332799033,-22.92164048778247,-18.8380081943162,-16.246520227835823,-26.264466727696487,-24.57702047070279,-24.57702047070279,-27.59609440205938,-28.04614822390141,-27.484542509734705,-28.088230251291844,-28.393721840372873,-30.087190004828116,170.81514843331135,72.84128509610753,64.72954566340064,49.51721790787866,35.308188952362485,-23.876701710029053,-61.54091585087569,27.443631773080494,15.746855708121789,39.75060114221357,6.134116551222805,7.129367591553709,16.344938302574548,0.0,27.443631773080494,5.326080731858394,9.213313125115528,-2.923963732840658,1.528374970387386,4.866008173252224,1929.9906708212839
0.0,20.237925134584916,92.41014287112216,43.1655683030577,7.495794067460409,10.645420417323749,0.0,0.0,28.4955406027408,8.104369666543871,3.4522745652461833,5.757685863143766,12.60232597561175,13.604199633005708,245.971247099841,0.0,0.0,0.0,0.0,0.0,-10.203834447077362,-23.404298508345043,-19.003520521890323,-16.398299775928074,-26.424639878523525,-24.700998550459516,-24.70099855045952,-27.698222909310402,-28.157029063538854,-27.643297314734987,-28.235756172927104,-28.500045863047514,-30.118856921564706,172.44945829098128,73.52178880885972,66.6791133063983,49.90747546967424,35.624944380323846,-25.731029564723855,-61.86703267542744,27.24501735161245,15.632892925707647,39.78390644629573,6.1269856018675535,7.079927658823259,15.931572768281171,0.0,27.24501735161245,5.429658629922501,8.952711044656795,-2.67471103662137,1.322241795679493,4.651488588348913,1948.3261956867327
0.0,19.883840854208774,85.44301939655907,44.67100064282141,6.906601884804695,10.7835337210058,0.0,0.0,25.889475628246206,8.157625940826202,3.151254831074515,5.6340941501818556,12.862598917845258,13.030162864454928,236.4132088320287,0.0,0.0,0.0,0.0,0.0,-9.795238809442512,-22.21114205679786,-18.324154380480707,-15.80666709606945,-25.57276604534896,-23.739873920211384,-23.739873920211384,-26.58887596002475,-27.086499810969446,-26.65077244327173,-27.346732629053115,-27.606698489473473,-29.01660320598599,165.5440055677288,70.8692032642999,62.7160844943948,48.37179883755782,34.572281381567386,-22.726934902164267,-59.78359735006544,25.89766421064784,14.859796431989723,38.751285410997184,5.419841115750493,6.934703818084337,15.613206756156554,0.0,25.89766421064784,5.889039656150225,8.978945358241148,-2.268586284675977,1.3006096679024814,4.05121750621378,1872.6174429112664
0.0,22.296018287081502,90.78237862374169,48.24501011968673,7.575089654275516,11.48810733485667,0.0,0.0,29.444432198820806,9.33365137527671,3.4437699993619435,5.948285190294305,13.541896467198411,15.428642609266232,257.5272818598605,0.0,0.0,0.0,0.0,0.0,-10.664092778997095,-23.988935622769826,-19.974007321033497,-17.24082421545861,-27.987398915524317,-26.084615353413845,-26.08461535341384,-29.299171539537422,-29.836303938313137,-29.264500995975578,-29.91304097722532,-30.22871966096364,-32.05326306001656,180.2280341219722,77.29924773788831,67.30738416817057,52.801239462547656,37.82339220417251,-23.47499445557112,-64.90579685525735,29.220581639156226,16.766450103390852,42.641753432528006,6.420824939423156,7.527626213599952,17.205194944648227,0.0,29.220581639156226,6.356596435215499,10.186003108510768,-2.977054940061212,1.5793410233056466,5.242639500755464,2039.860980775144
0.0,20.06213775042396,77.92515777199299,39.97322467197361,6.732998781034663,10.158755710187009,0.0,0.0,26.6583150273644,7.475510711610576,3.016693332320498,5.34088573280024,11.893621275086938,13.377750910601877,222.61505167539673,0.0,0.0,0.0,0.0,0.0,-9.221291020177372,-20.663305015677764,-17.220736003004824,-14.892609560016115,-24.309972531025252,-22.609421732044318,-22.609421732044318,-25.444202322383042,-25.86868227703391,-25.397711406723406,-26.012406178496825,-26.27508547888621,-27.843085049940807,155.8440260297004,66.77102564569635,57.796706548973965,45.36890303327729,32.61627869702521,-20.12845122301902,-55.28678325786528,25.768390058528567,14.78562033762131,37.36752230382166,5.468772627944487,6.6550707457549585,15.084923219935202,0.0,25.768390058528567,5.023431415986586,8.872263952798894,-2.4520792956239896,1.3141850129547183,4.505486957802983,1763.3229161832853
0.0,18.844515482407175,81.54705218824107,41.199012505979496,6.6210496739365094,9.330578144867612,0.0,0.0,24.473219337891987,7.714459897277856,3.11915342308841,5.351357683937785,11.961627448633788,12.549375696769822,222.71140148303152,0.0,0.0,0.0,0.0,0.0,-9.234542772470746,-21.009071706532655,-17.234315990430293,-14.864147235349368,-23.965488249816477,-22.334950775658463,-22.334950775658463,-25.01819882808267,-25.47739092284427,-25.039426393106183,-25.648567115774416,-25.894030207909747,-27.310685924447963,156.06798669039625,66.64341479263526,59.476329413860185,45.370764620913945,32.37637717321498,-22.070722774380883,-56.28517585088875,24.390946754151535,13.995258437290767,36.11356644102495,5.39938734685623,6.579409975989755,14.804190973311353,0.0,24.390946754151535,5.434225973510037,8.478759880040286,-2.2802339237678195,1.22805229205197,4.070615816729536,1764.0860982884199
0.0,20.89900990894189,88.82185297217984,44.44642329141751,7.469366905396671,11.453584732575447,0.0,0.0,29.54935331769842,8.54080583675728,3.523394721606147,6.064092303282195,13.74687692113013,14.372726983282034,248.88748789426754,0.0,0.0,0.0,0.0,0.0,-10.301532141724433,-23.274664170279678,-19.29119499389183,-16.680468833988176,-27.266723125492607,-25.303233879132645,-25.303233879132645,-28.465936622846023,-28.970798410614236,-28.477925639188985,-29.187098322406197,-29.475514156786463,-31.094347638937066,174.10059391117852,74.78689398308902,65.53079773983552,50.984929969188954,36.68585629321221,-23.29105523234432,-61.99777154841257,28.749229558343607,16.49599343549605,42.00561182249199,6.089504845130115,7.507037242146872,16.955485002639563,0.0,28.749229558343607,5.974695713233311,9.721173962907926,-2.566110123523968,1.4429449388646765,4.651553020374108,1971.4255961235863
0.0,18.254140813539223,80.80269112635297,40.13665898696295,6.183226181831865,9.469699784207359,0.0,0.0,25.614001529355836,7.749884970882315,2.8212025704070176,5.2873628602985985,11.404120725081116,13.173523907586146,220.89651345650535,0.0,0.0,0.0,0.0,0.0,-9.1543899486056,-20.84206709275078,-17.119586557062043,-14.761488898148265,-23.89679710650342,-22.33784982926956,-22.33784982926956,-25.082977710751717,-25.510379040255245,-24.99334944286526,-25.56757873969939,-25.816224537048235,-27.40809557491774,154.71336739235423,66.18314606415112,59.03761753874413,45.17466316048345,32.24694587958744,-21.76507358760884,-55.998519565751074,24.95343951897244,14.31801063269027,36.24834619615567,5.513083641839261,6.5313382322660125,14.734224537843044,0.0,24.95343951897244,5.058003899450071,8.599444722856804,-2.6918810714322436,1.243975371967414,4.574079184729342,1749.7104591598195
0.0,20.57507562277813,96.52755614160031,45.238601003272606,7.443147175477947,11.164994461042577,0.0,0.0,27.832659360007415,8.635539714583734,3.5025346680571445,6.185907910960294,13.963169045126438,15.096593178915613,256.16577828182216,0.0,0.0,0.0,0.0,0.0,-10.622282783530943,-24.407150710824652,-19.807049005096825,-17.09475630613308,-27.683450889963446,-25.702273346810177,-25.70227334681018,-28.803524445853235,-29.32829589962928,-28.862482616551727,-29.6406176046655,-29.933432398639233,-31.5946926495797,179.52142612017818,76.644352161644,69.63109525328935,52.09145996804607,37.22379527606471,-26.89646088831097,-64.40970550851925,28.19062902502558,16.17547455995615,42.01529475371149,5.9277613202024915,7.650860852593944,17.271678119872476,0.0,28.19062902502558,6.210313062438387,10.32313116253593,-2.425226652145347,1.4649529416336495,4.773462016379684,2029.0765776471774
0.0,17.183470707734745,70.89108959161861,36.54055803479092,6.12473625554311,9.183371495450938,0.0,0.0,23.736205171899844,6.83863663047655,2.7007138201216536,5.102227375300381,11.136449289605498,12.54441569522427,201.98187406776654,0.0,0.0,0.0,0.0,0.0,-8.35582209131618,-18.783652705217506,-15.667948308197417,-13.552951519484475,-22.198140103591214,-20.576208482390218,-20.576208482390218,-23.15825564078229,-23.558257887667693,-23.15397315785418,-23.79868487616838,-24.029455198914924,-25.447962859354448,141.21720620781105,60.7646678599555,52.67379205890452,41.470770286304656,29.889173154867123,-18.217297532714092,-50.22552336055432,23.471022256086464,13.467415823267418,34.30358139872524,4.805596049587536,6.256771715637255,14.057842138049518,0.0,23.471022256086464,4.733754401010667,8.468478506443375,-2.1048822294658835,1.1545443403368738,4.075937188780895,1599.8885273789494
0.0,22.63305700802586,90.8951283405803,45.17834939197517,7.932257250276312,10.887331323523638,0.0,0.0,29.558959247562534,9.309413375882853,3.415978587295301,6.167107093970379,12.997342676988486,14.996184047679666,253.97110834376053,0.0,0.0,0.0,0.0,0.0,-10.528923849677675,-23.747628440352745,-19.621721724888026,-16.957171549489416,-27.48876826793299,-25.673405649493052,-25.673405649493052,-28.856964125706707,-29.38140254832705,-28.785401365395078,-29.413574950729963,-29.684862779726608,-31.50080772198291,177.9436175372262,76.02749080653433,66.771251152574,51.569860907499724,36.96944846912664,-24.123877188006304,-63.2759481215533,28.938809891952122,16.60477255711942,41.78873390383132,6.519020097848611,7.524360591051842,16.85802189140723,0.0,28.938809891952122,6.206371865329543,9.778251336179459,-3.10304151055331,1.3572534970814631,5.217932711500207,2011.6927046066182
0.0,16.920635939001354,74.4133076587771,37.117469065714786,6.451059308121667,8.941527515444475,0.0,0.0,23.32522517258756,7.497665169943031,2.9951389075253263,4.894855623165268,11.40392685222908,12.146752517216552,206.10756372972617,0.0,0.0,0.0,0.0,0.0,-8.531609178975852,-19.35501860002137,-15.978657205685437,-13.810519821464634,-22.46500007680802,-20.877111538972144,-20.877111538972144,-23.454000221091835,-23.90506766800724,-23.490275432769447,-24.043444611316282,-24.298396132082335,-25.67147855916277,144.1880882030734,61.91947552665277,54.67196757612531,42.235980187781216,30.359504500165524,-19.74134008265179,-51.4874705348089,23.424131280062667,13.440510294160879,34.34045018388773,5.154727782611476,6.170378540746096,14.073816345085685,0.0,23.424131280062667,5.33807629485688,8.201340106779117,-2.1595888750861505,1.2755229175808287,3.9454124104374344,1632.5679130325382
0.0,21.641212463766138,92.2756892249969,47.47922734809861,7.730699966375533,10.889447293818451,0.0,0.0,28.824128902158673,8.896957526748695,3.3627535759703036,6.262188951552298,13.432010477102827,13.89593828904023,254.69025401962867,0.0,0.0,0.0,0.0,0.0,-10.55615718010243,-23.94229839731739,-19.724925999177145,-17.01491436723519,-27.43469535599086,-25.60051986211136,-25.60051986211136,-28.691444120247322,-29.205148815237596,-28.663970073806116,-29.361705779582294,-29.61571056436327,-31.21000535141408,178.40387324830877,76.2863807713199,67.61701882717053,52.000730598200526,37.144911359171594,-24.65867039782637,-64.3555362607921,28.096757186946306,16.12161192612135,41.34505590332382,6.180365599875544,7.532975347294613,16.742267662335212,0.0,28.096757186946306,6.079345502843455,9.31489470806553,-2.81761202390524,1.2707863957423147,4.581043580974699,2017.3890222670316
0.0,19.917815134691697,81.12254837205474,41.008989037370526,6.844124107852306,9.954663485609103,0.0,0.0,25.724353897090964,8.320091017637646,3.1744906670541404,5.3408894219474,11.981238719984008,13.62934308749553,227.01854694878807,0.0,0.0,0.0,0.0,0.0,-9.40787693230925,-21.225547937433987,-17.5606663542222,-15.171433696716187,-24.643823754306204,-22.94738463958804,-22.94738463958804,-25.781130233376754,-26.269325033533985,-25.780960598713598,-26.356157929219602,-26.62657237989308,-28.224661556859505,158.99741308617965,68.02113386260844,59.69425168017736,46.23859699360792,33.146749277702654,-21.428296691877378,-56.737892602849975,25.7589818542743,14.780222012935662,37.58586642960883,5.717128428393168,6.693773405705008,15.22030110990155,0.0,25.7589818542743,5.777453256298618,9.037396713820378,-2.5426377613390274,1.3528839837576072,4.591946373675151,1798.2027864725496
0.0,20.904440245265373,90.04743034957923,49.225620301274,7.781137507342463,11.467951627011999,0.0,0.0,29.390618447469485,9.115386980171143,3.3335019014593015,6.165510349086185,13.856139851996895,14.879569049408257,256.1673066100644,0.0,0.0,0.0,0.0,0.0,-10.592410981111033,-23.868957222809602,-19.93800278307507,-17.207698279812135,-27.938025110195756,-26.00135499935994,-26.00135499935994,-29.191051715663964,-29.719560991951063,-29.170079581491645,-29.89298259878388,-30.188148253931573,-31.89112837618771,179.01657902841023,77.15072758165412,67.06342497195818,53.003583268852296,38.045130542334384,-22.984005377621045,-64.83743774074888,28.994607002127335,16.63678832857869,42.57728287589724,6.1943412332624,7.642224653407311,17.27276536221553,0.0,28.994607002127335,6.254547648368045,9.986229234868496,-2.8608393318030982,1.476714304321126,4.893339814539761,2029.088683460296
0.0,17.197293105469754,78.09552259214173,39.86708488832138,6.474106154293339,8.948718477363604,0.0,0.0,25.16476737943919,7.357864713989778,2.8578280352540677,5.017536828656141,11.335826454227863,12.832302576365898,215.14885120552273,0.0,0.0,0.0,0.0,0.0,-8.9062314507863,-20.261225289199682,-16.714340433776,-14.414958252119666,-23.29422371859033,-21.80118992857818,-21.80118992857818,-24.477186069182558,-24.879215343554634,-24.379809945200673,-24.916445421242923,-25.1810812018224,-26.737549348113042,150.5193755414281,64.62947566409463,57.35714420575524,44.28373969481454,31.681198535388567,-20.738378386386493,-54.60418384365555,24.32502627583291,13.957433987929369,35.232384201534266,5.457949857266656,6.341510115525555,14.48420575137845,0.0,24.32502627583291,4.75774289197719,8.359949992345896,-2.6001218220125875,1.323973286869414,4.472352584020001,1704.1835081052363
0.0,18.794680681490238,89.91633889649802,43.67765244885364,7.009184803360879,10.180948030845055,0.0,0.0,27.597052980979125,8.027470701265909,3.119881734910865,5.761785469321977,11.718088865834357,14.13833243856722,239.9414170519273,0.0,0.0,0.0,0.0,0.0,-9.944644010775018,-22.842269901639405,-18.606379627593352,-16.030419071408893,-25.781296119620507,-24.167627627117685,-24.167627627117685,-27.093186600088572,-27.528092127901957,-26.97480381524611,-27.56421478407924,-27.805652511890777,-29.556026762910413,168.06902164568226,71.87239540624503,65.1493958219143,49.12508857088438,34.99985657139334,-24.766943074583722,-61.17218133898026,26.59357306582025,15.259101320607027,38.69088583529724,6.000541456136724,6.969698856411931,15.539697491903524,0.0,26.59357306582025,5.14681098004005,9.108810425408102,-2.8806597212258582,1.2079133870899534,5.029522013159118,1900.5642073388804
0.0,21.76854990721631,97.72872493726058,48.357957797863754,7.488306511615978,11.343515993760846,0.0,0.0,30.78410063005999,9.170455772176187,3.5291637670170055,5.974275775819085,12.80848396553088,14.109796301437298,263.0633313597579,0.0,0.0,0.0,0.0,0.0,-10.91263512469985,-24.953247629307278,-20.368652566549763,-17.53870984741915,-28.13617668251944,-26.437093213925447,-26.437093213925447,-29.629466758386997,-30.126019320817996,-29.493322669604307,-30.015774869956513,-30.29028166015554,-32.065381656867935,184.42851317728326,78.63481818247466,70.92293026522925,53.62986298689832,38.107170017939374,-26.805794672031325,-67.20357917669467,29.018939591505767,16.650750102192156,42.05010251210337,6.823257853619226,7.347633741593658,16.535694923129643,0.0,29.018939591505767,5.876361685573966,9.009227378063962,-3.294094086602221,1.3733579657745727,5.100568923373336,2083.7117575974057
0.0,20.198855648353188,85.56727535814672,44.869768034135596,6.520512888289475,9.982501496538186,0.0,0.0,25.42478764052654,8.550294596920233,3.0693078812933807,5.775787112932568,12.112319938558922,14.202262534177319,236.27367312987212,0.0,0.0,0.0,0.0,0.0,-9.796259229472863,-22.21406578003929,-18.307470905991465,-15.77169860243396,-25.43399348662792,-23.725901577004045,-23.72590157700405,-26.57632983885415,-27.075907882897557,-26.56920256202705,-27.226099529401367,-27.47191726932499,-29.12896312558508,165.56125113187196,70.71242199800018,62.72569859355672,48.27139108733327,34.36530580262879,-22.841576764589995,-60.217817704998964,25.9106286869385,14.867235306668134,38.33939720734052,5.707436276516499,7.00561370850807,15.643845725777764,0.0,25.9106286869385,5.912166201697116,9.440910151382976,-2.6381283952231174,1.229826595575502,4.7613523827943425,1871.5121874517336
0.0,21.02649740476854,82.55825781596792,45.443632474117805,7.34300442632351,9.966339984439417,0.0,0.0,28.59280473809021,8.371065452814866,3.25018880899729,5.4289532706876065,11.825442162941053,14.25771667685382,238.06390321600202,0.0,0.0,0.0,0.0,0.0,-9.856734808052224,-22.059347844572184,-18.48147552359712,-15.943030171404782,-25.736309675470434,-24.17303583514847,-24.173035835148475,-27.167147110367313,-27.609393559040893,-27.00679704588246,-27.489948081183254,-27.775033851728956,-29.602428508440724,166.58331600561473,71.4805872103873,61.63869796696444,48.915271753317235,35.002848880564514,-20.919559849003477,-60.28129546882775,27.216719163883663,15.616655735140046,38.859136195800545,6.387568478692871,6.855237894190292,15.649989838477964,0.0,27.216719163883663,5.233685783119285,9.006884377814224,-3.137379669695581,1.4262846235026858,5.250832299039596,1885.6925122426944
0.0,20.67000341684889,92.3735923020033,43.49871361159024,7.26314536279667,10.046619469237953,0.0,0.0,28.40098026852902,8.27345580548683,3.274210935370858,5.789466031198082,12.234740564657889,14.353371442914415,246.17829921063412,0.0,0.0,0.0,0.0,0.0,-10.218133152616103,-23.412243625029433,-19.01222789770756,-16.390582025966953,-26.33662216387708,-24.71364614220627,-24.71364614220627,-27.71294329731962,-28.158945276414716,-27.58363303553292,-28.158338510772445,-28.42455845028201,-30.20813248387401,172.6911129392615,73.48718627137264,66.64701961111942,49.87576420764212,35.49832570365109,-25.726572690883884,-62.2570855317171,27.263859241099414,15.643704195785634,39.46528108050999,6.269536810738177,7.121364868048026,16.027759932485832,0.0,27.263859241099414,5.278129930119511,9.22845323823653,-2.9953258753673184,1.3318988368499438,5.124918204677886,1949.9662453107715
0.0,19.685055157102813,80.70457999781296,43.484614990186266,6.488325353782966,9.894571260902195,0.0,0.0,25.579795545425142,8.361719492337848,3.255315819329756,5.249369301302583,12.180952900633416,12.660231659170712,227.54453147798665,0.0,0.0,0.0,0.0,0.0,-9.42678437771539,-21.24386706141087,-17.649962347316865,-15.217478090851152,-24.612043367062522,-22.952395527924,-22.952395527924,-25.741801965369444,-26.237087658247052,-25.756845367318245,-26.300055145748416,-26.569758062248212,-28.0302249709857,159.31695754124368,68.22757393674297,59.69127990955942,46.63780608893759,33.3028163856439,-21.013300088253537,-57.76500252827627,25.3559352553899,14.548958283384113,37.27706244032763,5.755666165187039,6.598693478307707,15.028131535930692,0.0,25.3559352553899,5.861369146480564,8.463728846868309,-2.5003503458572833,1.3493241770051245,4.196502812302404,1802.3690841550897
0.0,20.546510220582597,88.68496121410998,44.83552444536723,6.868619338111234,10.229118042754834,0.0,0.0,27.314064623030234,8.517493613262403,3.15142088973775,5.5385281771699475,12.270597521528126,13.083479269173862,241.04031735482818,0.0,0.0,0.0,0.0,0.0,-10.000807246472622,-22.778982130480635,-18.650498413869208,-16.06381172618316,-25.790648275976178,-24.16610764897385,-24.16610764897385,-27.06765782090318,-27.543925346315106,-26.990534887730224,-27.544096893146374,-27.807132537987357,-29.381797205860888,169.01820595694815,72.02211139788002,64.54601648738702,49.05677839948154,34.86890084949699,-24.138944726722954,-61.426898306484155,26.375331078350428,15.133876455525137,38.595494602781585,6.032612427119351,6.8544959820577755,15.479268150849629,0.0,26.375331078350428,5.636302075880802,8.558840834964531,-2.881191537381601,1.315967804887828,4.524638434209331,1909.2685427920435
0.0,20.554095038280387,90.11103346659375,43.91312837072457,6.93433904248972,9.74338763165104,0.0,0.0,28.35946717696642,8.242060385280862,3.153697091097325,5.851636705800205,11.735576482891002,13.78257974288578,242.38100113466106,0.0,0.0,0.0,0.0,0.0,-10.060154806918785,-22.984712322553847,-18.738790172480375,-16.139128526281397,-25.87999835600888,-24.348478799198247,-24.348478799198244,-27.29952052560047,-27.73140346635562,-27.130028519052242,-27.677222480231784,-27.911878473624554,-29.664458548970003,170.0212068095113,72.35979432514974,65.28543474079434,49.22093560323042,34.96074142720619,-24.82559872579941,-61.735018907598615,26.82521340243818,15.392014011866832,38.65117780226761,6.284716757382397,7.0256210633786935,15.59745234985548,0.0,26.82521340243818,5.111040718995789,8.746719518342815,-3.1310196662850727,1.1739843575784885,5.035860224542965,1919.8880333185946
0.0,20.661951036159593,91.66793652096922,47.582892528705074,7.622379885576568,10.419396825251184,0.0,0.0,28.130894542852797,8.609210520008244,3.2690476551369048,5.749474568189104,13.88969902430029,14.330123809955305,251.93300691710425,0.0,0.0,0.0,0.0,0.0,-10.436613003727713,-23.73487556129901,-19.545527084090363,-16.850557089570906,-27.136993921418117,-25.336547997355044,-25.336547997355044,-28.38298167499586,-28.875293006608985,-28.340754338042053,-29.023201489378284,-29.347805858233684,-30.98534277298646,176.38352211809553,75.54948479900872,67.17311995540383,51.661264067392516,36.887187059139606,-24.494816565565387,-63.99833755686197,27.692334129995608,15.889558399988308,40.81595441570991,6.052088570256065,7.373470810211362,16.9709982099913,0.0,27.692334129995608,5.826169604889084,9.624828382242033,-2.7830409151191597,1.6239962420222582,4.705295427713272,1995.5490030730437
0.0,16.704408327430862,78.28352270108421,40.36930561014036,5.964362245745453,8.525218545780328,0.0,0.0,22.698148707073223,7.220160792477503,2.737283896040592,4.945171569917087,10.589921793819142,12.711830792060939,210.7493349815697,0.0,0.0,0.0,0.0,0.0,-8.735513418800101,-20.01053603069542,-16.36240887254483,-14.07720798104654,-22.54608160685695,-21.122554455812423,-21.122554455812423,-23.626684216788266,-24.033075674001566,-23.570034386885762,-24.11108657449559,-24.345479788178515,-25.875230983953006,147.63416290012,63.11517208144969,56.95318791683239,43.255986012617555,30.72058064323923,-21.330334784251818,-54.267416088774375,22.762746668265084,13.061015038734647,33.60397439016907,5.148078330964309,6.117841240133856,13.812836273290579,0.0,22.762746668265084,4.8093663575537855,8.316246642372732,-2.4107944349237176,1.1726696702167692,4.395584149688206,1669.3351556715993
0.0,18.72434949070299,79.2820204964388,40.35789018862776,6.440071783370008,9.844246385477733,0.0,0.0,26.56776243708874,7.558085279307056,3.0179173011960496,4.975759578770385,11.154233826383606,12.628334297382986,220.5506710647461,0.0,0.0,0.0,0.0,0.0,-9.13761646147795,-20.681577343564346,-17.095017928562193,-14.747579498042303,-23.870385352198358,-22.349975297250545,-22.349975297250545,-25.114406533523525,-25.525155257932163,-25.007112960313954,-25.478366650461822,-25.74022596876368,-27.30959671688441,154.4298878059481,66.12078325879799,58.311667838997685,45.130452966675605,32.263417509571845,-20.97035265744112,-55.74539136831843,25.128908610789747,14.41869287813537,36.198737616681434,5.715070930696774,6.285842219864223,14.353578080642704,0.0,25.128908610789747,4.860931649806332,8.118907402030052,-2.6971536295007237,1.310082641093838,4.509426895352934,1746.9710585209716
0.0,22.30192210590378,90.04680889207907,47.11399251479568,7.604956878545875,11.303809301471638,0.0,0.0,29.408969251731577,8.856297673740603,3.313822260771804,6.017962586324952,13.799104392107946,14.922892339697906,254.69053819717084,0.0,0.0,0.0,0.0,0.0,-10.549823253118753,-23.737285158952528,-19.729475376731305,-17.038853347193342,-27.677293710716317,-25.763432528448824,-25.763432528448824,-28.937665630306338,-29.446171625425897,-28.90098568487095,-29.610366854246646,-29.917924778832806,-31.636972766677975,178.2968269920357,76.39371120513513,66.61343590359036,52.06245532901856,37.319013653523044,-23.433372988488713,-63.895085004463596,28.854041467662192,16.55613336253557,42.21268297564866,6.152297507061974,7.556675436966209,17.19990073014884,0.0,28.854041467662192,6.017822427450433,9.983383151015751,-2.8384752462901695,1.5387128506412573,4.939509188682155,2017.3912732234185
0.0,21.21075014728707,88.53847895049489,44.42612023709267,7.283647807020321,11.175940203993179,0.0,0.0,28.839735391561984,8.731481824994324,3.3918676232466414,5.802244531399009,12.712813208295243,14.12105202775944,246.2341319531448,0.0,0.0,0.0,0.0,0.0,-10.203473588746656,-23.07866726636379,-19.05905276868073,-16.458293861066796,-26.72006938435332,-24.913209071838555,-24.913209071838555,-27.99285585316216,-28.49324176935753,-27.95357212533318,-28.55378667415625,-28.8268295177949,-30.50619281450235,172.44335962052824,73.79077233261656,65.03608464725532,50.2244735704065,35.97205125557935,-23.50239430323957,-61.76107593478824,27.99424398985188,16.06279097501066,40.718099846387275,6.201622629360809,7.168278369895351,16.172258643137937,0.0,27.99424398985188,5.921726818880156,9.295572754420409,-2.809755006114168,1.3660338384963415,4.825479273339031,1950.4084937283942
0.0,18.68249401684716,79.32124567811393,43.204373711671394,6.633043573848923,10.510593203038134,0.0,0.0,25.869006259428232,7.577788501470499,3.23768251051381,5.150417859086608,12.624516009405902,13.86204790643092,226.6732092298555,0.0,0.0,0.0,0.0,0.0,-9.37220405889326,-21.084235751904863,-17.63616718326473,-15.228877675429523,-24.846268031740117,-23.040375984738255,-23.040375984738255,-25.883322667265524,-26.339990614006474,-25.922539126002803,-26.5604894315787,-26.87044994250577,-28.42421136647819,158.3945252474778,68.2786839823777,59.16063895040457,46.86911935328648,33.682272926939625,-20.160606727709357,-57.16669455794841,25.84262051201953,14.82821295983457,38.16121877752,5.41111661268316,6.701150853518563,15.53835810828014,0.0,25.84262051201953,5.404354399301149,9.397472813124729,-2.1734341021693497,1.5507329944319546,4.464575093306191,1795.467383322433
0.0,20.145977872016175,88.49188617682795,43.62856669203145,7.134490484040706,9.839237614406548,0.0,0.0,27.405168115291872,8.665274552345004,3.0957240403288395,5.833377004906147,12.082921919408443,13.610179777728527,239.9328042493317,0.0,0.0,0.0,0.0,0.0,-9.950945019901939,-22.692216879365994,-18.564873570602,-16.0047465580483,-25.743454381031178,-24.13098612827971,-24.130986128279705,-27.059104158454364,-27.536804023095588,-26.958285012035432,-27.54321073320088,-27.783495060190692,-29.446792891489316,168.1755115751553,71.75729267417638,64.3596093320405,48.85395049171995,34.81597387937865,-24.13227684478744,-60.796176978240325,26.61683510748713,15.272448825654225,38.64259909127402,6.107745756683051,7.03551992560768,15.660095794576744,0.0,26.61683510748713,5.653252835990792,8.830862981858694,-3.0120217163542113,1.202142920701533,4.779316795869834,1900.495985751548
0.0,18.34717127625603,77.2935290792083,40.90882906494861,6.73086776640316,9.5158519415021,0.0,0.0,25.844420417770873,7.690695097033845,2.9093603049530055,5.453210358812411,11.652906736331312,12.331105864348709,218.67794790756835,0.0,0.0,0.0,0.0,0.0,-9.049381799544628,-20.397412122991682,-16.981676306761614,-14.662485922287079,-23.789467045629106,-22.18808640526649,-22.18808640526649,-24.926978787327133,-25.362033042456282,-24.87376727993415,-25.473720046329287,-25.699742249102513,-27.141189393628242,152.93868175671165,65.73926615085671,57.321969608764114,44.988058684306864,32.28148218738469,-19.971559470444184,-55.074575741499274,24.896758313431892,14.285487576981405,36.215304830338965,5.451484335369695,6.583999846371077,14.663968707096094,0.0,24.896758313431892,5.148571066617155,8.18925440602526,-2.54212403041669,1.1307894875586655,4.141851458323449,1732.1373101564013
0.0,18.83424463619278,74.6100538440595,42.39063894095692,6.085011439363359,9.712988146225795,0.0,0.0,25.8328340458907,7.460238158133063,2.944807625592265,4.834580608932583,10.636096220975219,12.100352866749382,215.44184653307155,0.0,0.0,0.0,0.0,0.0,-8.919600264132727,-19.967278409921427,-16.751017477595873,-14.429914485176647,-23.296445171274847,-21.84551855331947,-21.84551855331947,-24.525539896760332,-24.92955834507904,-24.415011506999956,-24.846933138596224,-25.092088253258883,-26.61447599721491,150.74531458733694,64.6965319457346,55.80480954583373,44.4159324720006,31.69032793330986,-18.805244298225766,-55.119995070511166,24.36161570258032,13.97842860074878,35.18185336916991,5.6237623716696445,6.061092089134032,13.784010762140433,0.0,24.36161570258032,4.781283412055683,7.725926845382719,-2.6789547460773795,1.2265114802014487,4.374426021366664,1706.5043097379796
0.0,18.550595896028852,80.45771560100812,42.24734845763785,6.8971777248510255,10.236205058383243,0.0,0.0,27.634991839285252,7.81925687319786,3.2482601576210413,5.667441838809097,12.419891192217388,12.808383320633478,227.98726795967323,0.0,0.0,0.0,0.0,0.0,-9.426691858023702,-21.264449299765147,-17.730627115112984,-15.316574786648172,-24.974148930549816,-23.24684188939589,-23.24684188939589,-26.14871061222901,-26.598092748696295,-26.11770165444902,-26.73892121710624,-26.985037474779357,-28.46333673953666,159.3153939162363,68.67187404343693,59.79571370279046,47.09582155790201,33.87326275951501,-20.66200189821766,-57.32729348052272,26.378226732416334,15.135537950152871,38.32066559757815,5.749385238306634,6.898761919222951,15.436313381665324,0.0,26.378226732416334,5.3181317925122675,8.56064105077169,-2.5011250806855925,1.2313200804138535,4.247742269861789,1805.8759781324416
0.0,19.477822383187313,82.9282865428114,40.839873028036656,6.436601925842174,9.328024908308361,0.0,0.0,25.269828167375284,7.813857171359676,2.9995766196974807,5.397103413157412,12.295750946195703,12.472230829967586,225.25895593593907,0.0,0.0,0.0,0.0,0.0,-9.347319954529555,-21.277912915375943,-17.4017513305419,-15.007242699126563,-24.215030049778303,-22.589317796271946,-22.58931779627195,-25.318297266886724,-25.771184053152172,-25.299796210840892,-25.92317079871508,-26.17907261661282,-27.59246288862522,157.97397252880776,67.28498340713129,60.2646510120037,45.68075871150376,32.550740422112995,-22.66363553080771,-56.86318288803931,24.80664912839541,14.23378391230326,36.53593901536283,5.453826853004493,6.677380668999557,15.07670658505042,0.0,24.80664912839541,5.359606938052664,8.410997935270721,-2.454250233307012,1.2802772558421456,4.0612328946968645,1784.2651522797325
0.0,19.113752396006152,87.53305146451221,44.91375346464983,7.295410966787392,10.019726247958234,0.0,0.0,27.34746195684568,7.852000448740567,3.3463802440122916,5.610243981270798,12.60449177552713,14.153340362922174,239.78961330923252,0.0,0.0,0.0,0.0,0.0,-9.928659787436255,-22.624991608497258,-18.62281325762928,-16.056812939278743,-25.88641098807118,-24.194389058984946,-24.194389058984946,-27.125381091823204,-27.569060125869743,-27.069416720027103,-27.686042122029637,-27.970828437136078,-29.64864772678246,167.7988809774591,71.99073233177342,64.13260504652719,49.308946632219964,35.24357690270581,-23.400446417985023,-60.935652299941495,26.642960029436054,15.287439020090487,39.00324596775033,5.947741236580818,7.035030428671504,16.000748054539777,0.0,26.642960029436054,5.25063945617204,9.33229763650882,-2.6013609925685266,1.4247864474007068,4.821042726413355,1899.3617773313786
0.0,16.696112013833787,80.39358095491939,38.09852395663895,5.916180618211422,9.098802172339104,0.0,0.0,23.39457654995182,6.91944223338618,2.8265316320939142,5.215847274827691,11.661464275321778,12.355850072876061,212.57691175440013,0.0,0.0,0.0,0.0,0.0,-8.813663375354132,-20.291929574172208,-16.45850510362539,-14.190246180040672,-22.95094900267154,-21.3364881473937,-21.3364881473937,-23.902607670370703,-24.314174902647203,-23.920657257772394,-24.588317782087515,-24.825150608254972,-26.186070777584597,148.95493282667115,63.62197892772898,57.97982623032828,43.357768422591086,30.921226159917985,-22.413754724591108,-53.86508961255566,23.326238732633445,13.384340621283236,34.761934856879876,4.875355732030429,6.400722330698464,14.387054621811878,0.0,23.326238732633445,4.870618133449665,8.445384670515189,-2.048824099936515,1.1848750558707728,3.910465402360872,1683.8113017379274
0.0,22.469566641569656,93.87065267097515,45.900136073140494,7.881592376435835,11.431009705982087,0.0,0.0,28.46493183746489,8.693816676335873,3.5479789148158556,5.897792542920064,13.348072771382766,15.24387924698015,256.74942945800285,0.0,0.0,0.0,0.0,0.0,-10.650887531715806,-24.182768295148644,-19.818516429163726,-17.11710890190035,-27.676647220700072,-25.76181208197644,-25.761812081976437,-28.888351651438597,-29.40249418803476,-28.90132793148458,-29.573912247971048,-29.877510689342756,-31.640392398702215,180.0048594172014,76.74457004080143,68.35318868228943,51.994265525453265,37.187838567889024,-25.51746398868572,-64.15121176118197,28.420503312991176,16.307373911817887,41.89960447107262,6.157268530842155,7.416696091907969,16.89463014234041,0.0,28.420503312991176,6.084527060309573,10.178418327034603,-2.6092896160262997,1.5189035489879048,5.065460919945547,2033.699650014797
0.0,21.53873267742259,96.69263964454852,49.28678690305171,7.696669902585034,10.86494902221974,0.0,0.0,28.288215510244818,8.771022998396235,3.3886792496451084,6.055927645648363,14.014159699722486,14.269583690512615,260.8673669439972,0.0,0.0,0.0,0.0,0.0,-10.819239574729146,-24.725519674317606,-20.20207399230899,-17.400974394110403,-27.898652341679124,-26.048437945275808,-26.048437945275804,-29.123985470456937,-29.635439467582376,-29.11333309481157,-29.830808754013965,-30.13006192438632,-31.735171125570115,182.85008576523822,78.01728117875898,70.24438096473435,53.21480499988568,37.85216712319564,-26.448258679814174,-66.51863211110393,27.956981412427393,16.04141011569627,41.65414628826569,6.106992222888207,7.553091796000313,17.12911324715743,0.0,27.956981412427393,6.052710025153136,9.657465992725717,-2.7183129732430995,1.4971641503519502,4.612117697786898,2066.3176310624212
0.0,20.79642595842218,84.70537124354082,46.934322081478484,7.1932446789491955,10.371254823076194,0.0,0.0,28.29000813200314,8.042431172050563,3.4075060129770667,5.700141507787093,12.869572062236534,13.5851662592908,241.8954439318121,0.0,0.0,0.0,0.0,0.0,-10.014027608001932,-22.496415003992478,-18.793024195569895,-16.20470529893956,-26.18420978355204,-24.462611938973176,-24.462611938973176,-27.445164290024216,-27.900328622756987,-27.39021547568305,-27.998945374358097,-28.277565007886118,-29.87627149143052,169.24163609940734,72.65380783240478,63.05191390609955,49.790134911342804,35.60316132354283,-21.653457337441274,-61.465658908343244,27.11164758704705,15.55636681371916,39.59806556865517,6.063377034343938,7.094076036144251,16.069357675090792,0.0,27.11164758704705,5.386560150683691,8.991446118079383,-2.655871021366872,1.3939345283571587,4.593720141211417,1916.041958507131
0.0,20.277419628621892,85.20772376237427,43.92781595926517,6.861674178948086,10.602238194179618,0.0,0.0,27.651957133327546,8.08442779863294,3.0807970285910007,5.476747667801288,12.687853646425673,13.111739650076375,236.97039464824388,0.0,0.0,0.0,0.0,0.0,-9.819823813650315,-22.219937449325787,-18.359551443334023,-15.83826919353637,-25.638857431886912,-23.914813334555983,-23.914813334555987,-26.83722324586685,-27.294880209811026,-26.782366565660837,-27.39845813421173,-27.678649467698076,-29.200238573930502,165.95950335728097,71.01089129096292,62.636326896375536,48.43311949684498,34.61263733543855,-22.571396865998736,-59.873717639459855,26.564947834841046,15.24267647619983,38.88813680799357,5.749166082322409,6.878545413880694,15.65818711761085,0.0,26.564947834841046,5.41605874490153,8.73960843281179,-2.668369053731409,1.4017977460794064,4.3721312172645845,1877.030884459402
0.0,19.367579797757486,79.81125810654375,41.878846076570184,6.357161973032317,9.215734839293713,0.0,0.0,24.75178805157411,8.076748189113086,2.962933581877963,5.546181355072958,12.283365915917795,12.497123567009057,222.74872145376239,0.0,0.0,0.0,0.0,0.0,-9.23291307705971,-20.858496779753082,-17.251937343532205,-14.878614182254575,-24.067258662186592,-22.417374670608915,-22.417374670608915,-25.13471285132672,-25.61093541239788,-25.142096722684602,-25.793313071135188,-26.0334142282858,-27.42924843949663,156.04044409429963,66.70827735946276,58.723966776245696,45.47994706483947,32.468950455457,-21.08729133029805,-56.360084570829514,24.70082884026734,14.173065388533416,36.459981271057934,5.4039118174862235,6.74740787673897,15.092926737539022,0.0,24.70082884026734,5.635769953504825,8.48633622372182,-2.440978235608261,1.2012265216660118,4.010787343287237,1764.3817079479006
0.0,21.336857712253828,90.23019102622631,44.1114789825252,7.474685772377874,10.257816742348915,0.0,0.0,27.301960658573833,8.372936103644234,3.5307497392670872,5.9906632337973225,13.404098126084671,14.192585287468509,246.2040233845678,0.0,0.0,0.0,0.0,0.0,-10.21255311818917,-23.212948756425384,-19.012165066947215,-16.417353361482196,-26.54781779877292,-24.706432016014183,-24.706432016014183,-27.701967149271912,-28.203433623058935,-27.73508598232161,-28.433779487991732,-28.7099829462652,-30.302284419815578,172.59680781120787,73.60721557335991,65.66851360426425,49.90705506328292,35.68438143140687,-24.56167742196206,-61.61984577214482,27.229662151238372,15.624082279702074,40.197065460244126,5.969171360224662,7.372509633004238,16.59756772466631,0.0,27.229662151238372,5.934514482686659,9.617269289679951,-2.438421620957575,1.3818463992069159,4.575315997788557,1950.1700052320155
0.0,19.755563583603315,88.07803971761798,45.03377135590841,7.22094026345799,10.221770550999226,0.0,0.0,29.013590783628803,7.995886620853735,3.2727058129236113,5.6137264117668355,12.580090774701313,14.065789116891937,242.85187499235315,0.0,0.0,0.0,0.0,0.0,-10.057021316775622,-22.858911053970584,-18.854716827832302,-16.255963852956697,-26.235940267070585,-24.59015929476018,-24.590159294760184,-27.607355286471808,-28.034889699853952,-27.470913067572464,-28.043460535163266,-28.333715045111905,-30.065231772691604,169.9682493962417,72.88362559611144,64.66580662320017,49.896185974686254,35.650693214751975,-23.412233094417815,-61.713440391251595,27.42656114636515,15.737060769246483,39.59993815615382,6.2090135771839465,7.065870247811592,16.103283780159057,0.0,27.42656114636515,5.0595788565934,9.090452275389438,-2.9363077642603352,1.4521438360447565,4.975336841502498,1923.6178020725545
0.0,17.88097518191129,80.61595771045111,40.683106535050456,6.580463922151479,9.044216003120791,0.0,0.0,24.17516648420929,7.480162278533217,2.8486556076984293,4.8599177485471285,10.852697370625897,11.816813812385567,216.83813265468467,0.0,0.0,0.0,0.0,0.0,-8.994605940348926,-20.574397932408015,-16.790650404348355,-14.458609912177927,-23.100120143391838,-21.67900634426565,-21.67900634426565,-24.250582649498536,-24.66656110209402,-24.175372740238565,-24.652459114936025,-24.893996144951252,-26.329981942469388,152.01294474140485,64.8251879132798,58.49266046400511,44.21531569872635,31.423993396762135,-22.123297246446,-55.37973146925739,23.375841334723102,13.412802051764144,34.28898591863308,5.405995962024749,6.06832794474097,13.77044600874657,0.0,23.375841334723102,4.9228219242068985,7.690654978071054,-2.5573403543263185,1.2084101961938414,4.126158834314513,1717.564223689257
0.0,21.66220242375013,96.7665801761464,48.04632670099494,7.1241641578853,11.430831488066636,0.0,0.0,29.227766387571037,9.268139431314182,3.448955556492548,6.238577480391902,12.696605721177125,14.174230294167588,260.0843798179578,0.0,0.0,0.0,0.0,0.0,-10.791471687680515,-24.679934760295897,-20.128450565041167,-17.331007378632094,-27.85463015324962,-26.071764203209103,-26.071764203209103,-29.19831323407585,-29.725405892210702,-29.143365320253114,-29.755222610763226,-29.99330488360884,-31.70269804879538,182.38079580328738,77.70358401467044,70.15438234386711,52.95473501225415,37.609476023416015,-26.612197832279293,-66.43180209947928,28.420589317941545,16.30742326051761,41.757093780721874,6.479312051299597,7.429703520243947,16.41724672111169,0.0,28.420589317941545,6.237782936507133,9.262463254380979,-3.030356494807049,1.1911260398520458,4.911767039786609,2060.1156284034328
0.0,21.113733908378503,93.8354680212201,48.43734895272993,7.245783746563545,10.295588936624792,0.0,0.0,27.56367116690789,8.675912648220983,3.460584655983022,6.048446626478138,13.020335412090885,14.080930633803042,253.7778047090008,0.0,0.0,0.0,0.0,0.0,-10.52733083947889,-24.03720415338802,-19.659957269204714,-16.920061923333712,-27.080328998903525,-25.351089009144975,-25.351089009144975,-28.34497482930004,-28.84537542066473,-28.316412305343597,-28.96195239241942,-29.223216330372853,-30.871561804914062,177.91669493795655,75.86110977104426,68.24202310405171,51.79574880742868,36.76518911809766,-25.593444917168384,-65.06519463004042,27.21466975870437,15.615479808866418,40.31532051253796,6.214596814681066,7.355550578616537,16.449584182615567,0.0,27.21466975870437,5.921900489522939,9.344577911139964,-2.7540121586980444,1.307103952138399,4.736352722663078,2010.1615559875645
0.0,21.83662848946254,92.38982779866198,46.270701382769026,7.699334135286431,10.79879726483893,0.0,0.0,28.58428229672257,9.025654474356717,3.3311384755103286,6.133269968002213,13.071910078685093,14.00576571391736,253.14731007821322,0.0,0.0,0.0,0.0,0.0,-10.49900842790682,-23.844250633879778,-19.572023691771285,-16.886197101863655,-27.209453135592696,-25.41710883597954,-25.417108835979544,-28.491983628990017,-29.008931102425077,-28.45040443123565,-29.105248667720524,-29.360631674927603,-31.002938779664277,177.43803325852323,75.70927681968999,67.41042686251924,51.45766370159067,36.73331420495074,-24.97940093614274,-63.7812061246172,27.950866221347827,16.03790128594831,40.962050764737086,6.239071370753877,7.410951613024615,16.513230516119663,0.0,27.950866221347827,6.1177215791131685,9.286763631460389,-2.9079328952435484,1.277681645022402,4.719002082456971,2005.167438911333
0.0,21.450568036307637,92.49303623850338,43.90452967332593,7.394656300204881,10.707211883144776,0.0,0.0,28.41705390641698,8.113477265280576,3.271690227257594,6.048306573558589,12.812066853156235,13.76658459496623,248.37918155212282,0.0,0.0,0.0,0.0,0.0,-10.310856791509286,-23.544821709312814,-19.158808489193948,-16.53194712730416,-26.6438636029358,-24.87422657496762,-24.87422657496762,-27.880888508861844,-28.340441206455065,-27.82665706748221,-28.506391439021087,-28.7527628437233,-30.35685973870104,174.2581847474951,74.1209968046277,66.84833519120835,50.18121425637852,35.77806726360062,-25.64470104729503,-62.3809394891899,27.330805689430317,15.682117335517091,40.12346827883357,5.946674029896493,7.280903155018532,16.188679210773774,0.0,27.330805689430317,5.438493462641676,9.15737565588875,-2.6749838026388995,1.2325965814599424,4.609208939077481,1967.3993264944686
0.0,20.46387844855525,88.2812862205383,43.501676324172195,7.355106525240434,9.798917189442562,0.0,0.0,26.690909199063512,8.081174903154075,3.2413677806309895,5.825885606493191,11.92046915621242,14.4080781412608,239.56874949476367,0.0,0.0,0.0,0.0,0.0,-9.938444262329313,-22.640710768557486,-18.515688913309408,-15.970669113441385,-25.674412721268137,-24.025150103363785,-24.025150103363785,-26.923466024929784,-27.37756474542198,-26.857587934375974,-27.476969565774112,-27.720939469437354,-29.464518950957565,167.9642430679282,71.60450642683547,64.1625827460129,48.645897521438826,34.69188435192129,-24.118703474525404,-60.437421036998856,26.34593147501137,15.117007284728643,38.503863216517544,5.948593328847829,7.046467473929777,15.709885224297377,0.0,26.34593147501137,5.373949354937236,9.398080205739255,-2.7072255482168393,1.2205818674365858,5.009997935521545,1897.6123258792977
0.0,18.483487832048155,85.23681379820195,41.688506121145835,6.641473370499742,10.214149304822515,0.0,0.0,25.833493112907167,7.935684912598987,3.0494792613376824,5.306801869741451,11.324818899192826,13.442816792784352,229.1575252752807,0.0,0.0,0.0,0.0,0.0,-9.499460639002093,-21.748647668757425,-17.752898065350276,-15.30328867564389,-24.672763937067273,-23.058632412904643,-23.058632412904643,-25.84977546748792,-26.299785396205362,-25.798458951359144,-26.34741385556251,-26.595196711617678,-28.221192727039323,160.5452195200624,68.6123057552183,61.87395580014811,46.80942279008725,33.37835309777891,-23.36285799805384,-58.171678691673876,25.371721248825384,14.558016113735919,37.17750679082368,5.659602887339732,6.546459944862349,14.757294653799079,0.0,25.371721248825384,5.325561286596937,8.7706829630572,-2.61012362600205,1.2396580751208974,4.672133829727153,1815.14552898676
0.0,20.74574416949374,95.90964021807508,48.60312467702914,7.487404932045658,10.823576543198481,0.0,0.0,28.324321446243626,9.086374458660917,3.292023772250142,5.770737517022998,12.652530939987681,14.182416228243344,256.8778949022508,0.0,0.0,0.0,0.0,0.0,-10.654076278275515,-24.421400045626278,-19.91182377112262,-17.133741925295617,-27.372022959469458,-25.69290726030213,-25.69290726030213,-28.734113240813972,-29.239757791123058,-28.64387688763936,-29.206762779601238,-29.486902210763887,-31.221291581785547,180.0587506891248,76.81914421312597,69.54247495757306,52.50537371170091,37.26515785035715,-26.36716526050202,-65.97202198591789,27.64481393065946,15.862291829428157,40.62487514551956,6.39443905565562,7.172275595683423,16.23458395098204,0.0,27.64481393065946,5.983959175255438,9.198825138588564,-3.1024152834054783,1.4015380786604252,4.98359108965478,2034.717218503878
0.0,22.194608418514193,89.6872335951552,44.8430718841829,7.199574268117518,11.388443752605864,0.0,0.0,29.811281748884603,8.664406244594865,3.3484977221354795,5.758040283945836,12.973398213928807,14.227730081176437,250.09628621324165,0.0,0.0,0.0,0.0,0.0,-10.369790069865612,-23.408158126275566,-19.333041531247655,-16.692782467895015,-27.103109773827157,-25.294458459763835,-25.294458459763835,-28.43053093636131,-28.91501358774866,-28.35207874723652,-28.949984671131745,-29.242143903297055,-30.950323700472804,175.25418404369802,74.84210216954364,65.86032255599302,50.835137598582364,36.364115470608475,-23.826911039162184,-62.699099105975804,28.507158227410965,16.357095553802115,41.30754426605881,6.2793814651049145,7.219713448671229,16.420005599676802,0.0,28.507158227410965,5.733522501625431,9.31944953070305,-2.930883742969434,1.4616731647253927,4.908280550473387,1981.0004283770627
0.0,17.099643497396343,76.93914135610116,36.597255035068,5.914112137650759,8.957583725242575,0.0,0.0,24.350808811166033,7.060972106370399,2.701114820664964,4.665874103578382,10.659398632319427,11.544666566843839,206.4905707924019,0.0,0.0,0.0,0.0,0.0,-8.56503477653425,-19.597214619892,-15.969220575922362,-13.76994866958128,-22.22032359577012,-20.80724315612909,-20.80724315612909,-23.35234101405058,-23.73725570550555,-23.255972719517302,-23.728848854711373,-23.974936994895227,-25.38122760455373,144.75299605432227,61.73757473807963,55.72652342959916,41.99288679326289,29.9339423340639,-21.212617926502,-52.2268322569718,23.13515005837188,13.274696030292741,33.53057267752099,5.206883477864127,5.897053512142811,13.469051962271475,0.0,23.13515005837188,4.555203449171235,7.503833828327362,-2.505768657199164,1.2311794085644294,4.040832738516477,1635.6016932086466
0.0,18.04028036851776,71.29594842782895,38.76840067720911,6.028468450486857,9.026398022771417,0.0,0.0,23.15113628707743,7.45752221849647,2.948403827990482,4.724642504686349,10.327976157865033,12.591289335525932,204.3604662784557,0.0,0.0,0.0,0.0,0.0,-8.462773566150613,-18.969080901707983,-15.851931011214818,-13.680321518668471,-22.184469540070722,-20.699730826435317,-20.699730826435317,-23.249972112167946,-23.683002384812283,-23.234921588954165,-23.70211137102683,-23.94357621854116,-25.469162579511327,143.02473493578862,61.3357313426671,53.07019919966333,41.907653386253436,30.006601981354144,-18.22574922816562,-51.569923831544685,23.181904242638197,13.301523069785189,33.74394104198973,5.281307435311351,5.932691571698175,13.503544012208785,0.0,23.181904242638197,5.124618611175601,8.207672414170357,-2.332903607320869,1.2080490670118262,4.383616921355575,1618.7292397288
0.0,19.10520974998904,81.12946625336089,40.05032495508828,6.720116367814907,9.831435695788814,0.0,0.0,26.697129001426646,7.959017553177591,2.9224454212880833,5.368578420900993,12.090147794611676,13.477988907909907,225.35186012135682,0.0,0.0,0.0,0.0,0.0,-9.33444968033626,-21.133056654923244,-17.450522132552024,-15.07647826118351,-24.5325267094093,-22.875311605479617,-22.875311605479617,-25.729084988784724,-26.172751878492488,-25.652526093103024,-26.25549760773196,-26.52868870390529,-28.12954408177876,157.75645902207637,67.59540109928044,59.59795410712209,46.03035646674095,33.02293869822434,-21.531512146238796,-56.37719951005731,25.941036117672105,14.884682757799089,37.521023919632526,5.63096723827911,6.735353967095346,15.323267018469256,0.0,25.941036117672105,5.250495736186563,8.878094137857977,-2.708521816991028,1.3667755461943534,4.599894770051931,1785.0010417801213
0.0,20.124069672646655,92.61065692320905,46.83658386654397,6.950605493823266,10.676796848652376,0.0,0.0,27.54486529793003,8.74078072608413,3.512009418182243,6.050534510601086,13.557461937003264,15.04842281645957,251.6527875111356,0.0,0.0,0.0,0.0,0.0,-10.425224674932947,-23.807143228663282,-19.528833266830517,-16.830985005560166,-27.23551998661847,-25.354989235304174,-25.354989235304174,-28.419906116003222,-28.94089536217893,-28.446271413007153,-29.158010926225796,-29.45078985138632,-31.1604486960354,176.19105416482927,75.46173334630633,67.59568901212465,51.63117395586189,36.8401215241961,-25.014967911084398,-64.06668870269178,27.86034797472099,15.985962906204302,41.28456067398741,6.087236935086382,7.515308000497743,17.005218889750903,0.0,27.86034797472099,6.165553209179992,10.135892373815276,-2.575227516904139,1.4647734898966576,4.912530442644295,1993.329398889117
0.0,21.911126970965984,93.13922940318245,49.39846426005275,7.392038890085655,11.71025155747436,0.0,0.0,28.20244784378534,8.692209129049878,3.581534576082432,5.792888656208219,13.893430830106956,14.137866903209483,257.8514890202034,0.0,0.0,0.0,0.0,0.0,-10.68724621499836,-24.222142453813774,-19.9855910351197,-17.22585901805901,-27.787517766957894,-25.845803372605232,-25.845803372605236,-28.92863600098503,-29.45639747634784,-28.98649607097779,-29.66757550796448,-29.978697032944464,-31.539010385679568,180.6193377555917,77.23215126461176,68.36842066381467,52.73562171121449,37.60416840959656,-24.77080873936778,-65.53626257565169,28.023203603125157,16.07940768432042,41.90801820847109,6.028045771844648,7.349430206038022,16.820290673114062,0.0,28.023203603125157,6.245697933287663,9.654465510372571,-2.4465111957622154,1.5565415498298032,4.483401392836912,2042.4290098060692
0.0,17.72006311429233,79.24413574100534,40.615015604357694,6.188914841058954,8.857851777956038,0.0,0.0,24.548392951026447,7.68873131219537,2.908699252273848,5.0162005390651405,11.068543296598438,11.662648220359038,215.51919665018863,0.0,0.0,0.0,0.0,0.0,-8.934967883829943,-20.378950187195073,-16.71249683060242,-14.389238754381298,-23.089496458881264,-21.659362616029544,-21.659362616029544,-24.261718703705696,-24.690444430535287,-24.188170995001457,-24.672631639203225,-24.906993826663804,-26.318473635897686,151.0050343726541,64.51416227753451,57.80664900421849,44.11030482516149,31.368017428981787,-21.437486736786845,-55.171172553339346,23.655632103228406,13.573342934127943,34.52209231211796,5.523753323882298,6.188714985035611,13.951772225244019,0.0,23.655632103228406,5.073677240586919,7.60690484574299,-2.6150540716084505,1.1725144459704708,4.055743374616048,1707.1169962255083
0.0,20.971491046456418,90.07231620529342,43.104316799189974,7.049803195185689,10.679825157388535,0.0,0.0,25.850177082942587,8.27878873684768,3.3801952822330525,5.722697293483114,11.824889789892834,13.227657236679239,240.1621578255925,0.0,0.0,0.0,0.0,0.0,-9.976842637099871,-22.81805682247581,-18.506754617772984,-15.958281087221147,-25.63069040034909,-23.899518273411566,-23.899518273411562,-26.73644410430675,-27.23464793814582,-26.776967143630745,-27.377623880330898,-27.59875712700984,-29.126230042710848,168.61319312320214,71.54896470239036,64.8644450440771,48.377449981131534,34.39980705153712,-25.207871161216318,-60.51943791384081,25.7878904726405,14.796809461925566,38.379530644900974,5.763080660038434,6.829027324896643,15.107597502577363,0.0,25.7878904726405,5.8959033590423,8.83861949258118,-2.3828853778053807,1.1063300314135285,4.389037744098058,1902.3126841907845
0.0,19.753990596883686,83.64466674082497,42.57165934022309,6.300490564370525,10.181149409584778,0.0,0.0,26.462852378021275,7.6289726877183375,2.9057391560097448,5.162380136069976,11.394554296522063,12.813299267895367,228.8197545741238,0.0,0.0,0.0,0.0,0.0,-9.493782758528397,-21.5744105245356,-17.705344319603036,-15.249354942717668,-24.535698721574356,-22.98072480837859,-22.98072480837859,-25.75589986370662,-26.171842006096135,-25.651989095205774,-26.18355246965849,-26.43926485487001,-28.004395247624014,160.44926074917015,68.37049382495367,61.02251738145781,46.5719235541892,33.100829216639475,-22.622149359367164,-58.32318634256397,25.226570814726248,14.474730382436595,36.84764613465871,5.6123196261006525,6.441709659841816,14.61246743913146,0.0,25.226570814726248,4.92239221762743,8.31605660151413,-2.7065804700909073,1.2793295237718398,4.497242666381236,1812.4700638136605
0.0,21.587957881065403,93.41420876211558,46.41620625962169,7.196439592794492,11.250322068010318,0.0,0.0,30.40497102345617,9.16791489308463,3.6041580204005768,6.0602350701084164,12.920526064470579,15.102714845308215,257.1256544804361,0.0,0.0,0.0,0.0,0.0,-10.655725069343164,-24.19853336125031,-19.92178759401718,-17.18278714032746,-27.852405313515423,-26.057298807533197,-26.057298807533197,-29.284955600756685,-29.794777142033112,-29.19272914192619,-29.76589623059081,-30.049703939813018,-31.917398348543152,180.08661601053177,77.03903846990431,68.4083865833567,52.55253246752503,37.53773907858461,-25.005822178758876,-65.04394333150604,29.339667241373455,16.83478011927705,42.3363946241884,6.73868189246244,7.480125550507736,16.867265113207907,0.0,29.339667241373455,6.0333910210227675,9.73608531617157,-3.1345238720618624,1.41989048039932,5.366629529136645,2036.6797099824646
0.0,20.887264508338,87.12782794377529,47.845631068759225,7.075735650362378,11.297815595719214,0.0,0.0,29.289387849197453,8.823314628080613,3.495559721013207,5.865786197704971,13.459562546196286,14.373575048371482,249.54146075751817,0.0,0.0,0.0,0.0,0.0,-10.321960017177654,-23.19493197617358,-19.414661735738882,-16.749328518877824,-27.255976701507127,-25.38285646500418,-25.382856465004185,-28.522494482250142,-29.034040596806598,-28.50209995527823,-29.13995740086643,-29.439573412566627,-31.11059183159165,174.4458343278292,75.09562642968895,65.02486214575914,51.56931555445342,36.96439211927863,-22.102965798016143,-63.294543264332845,28.53956928684631,16.375692665164625,41.689739634272286,6.265074176828088,7.364765643873589,16.762084217851395,0.0,28.53956928684631,6.053800172265731,9.572073930547754,-2.769514455814882,1.4989794461686188,4.801501117823728,1976.6056831287242
0.0,20.96877403723691,90.80198633837358,47.61706591531207,7.598658676899166,10.898884106592659,0.0,0.0,29.926953241379266,8.936679242215314,3.4957370046554925,5.617784574027324,13.020097777276188,14.636685029188948,253.51930594315692,0.0,0.0,0.0,0.0,0.0,-10.496532591078152,-23.76116858599181,-19.690872949674617,-16.978499671483114,-27.409917793059734,-25.689141369825606,-25.689141369825606,-28.84460000075909,-29.334143272500302,-28.730415837233032,-29.256702938408324,-29.57682635317912,-31.391910788398395,177.3961904863639,76.12311545679302,67.00326309498237,52.145759747030766,37.27839360711389,-23.79872324339121,-64.41161904990508,28.68337997394313,16.458209664289384,41.39123133710268,6.63900474697481,7.219362594693678,16.633979888841534,0.0,28.68337997394313,5.7934114998959965,9.421224896957252,-3.143267742319318,1.601578020666354,5.215460132231696,2008.1139999297548
0.0,18.416052141784782,87.51015343328369,42.952063085266246,6.56237222052616,9.805198520364396,0.0,0.0,25.04276239852816,7.736330230280877,3.237527777038003,5.227694089305418,11.705556495214891,13.247227818539207,231.44293821013184,0.0,0.0,0.0,0.0,0.0,-9.601162946883617,-22.096757229533385,-17.925074200550828,-15.42966258731594,-24.723508388072446,-23.123862187290488,-23.123862187290488,-25.858744869105852,-26.308974493738265,-25.846437475439558,-26.398237053694892,-26.661893502850802,-28.22564057178661,162.26403493127629,69.17890327885554,63.118625461684815,47.20911554938299,33.52024177842375,-24.391527971598876,-59.25935913642573,24.86030980652094,14.264573822422644,36.877413700327374,5.645696769065441,6.546767779298877,14.879750631598663,0.0,24.86030980652094,5.328161238253439,8.753959992161978,-2.408168992027438,1.3190736899934592,4.493267826377229,1833.248172858482
0.0,19.73235138090819,82.6790708832371,43.59122733089795,6.800468836907798,9.45586739339105,0.0,0.0,25.743258773404893,8.165864946881362,3.118631650565439,5.317840972263323,11.475539038969718,12.74914939943123,228.82927060685802,0.0,0.0,0.0,0.0,0.0,-9.488635018101439,-21.49530577471144,-17.727492580298726,-15.270881691794228,-24.490486830619915,-22.968593481140463,-22.968593481140463,-25.725735361886446,-26.18383343670812,-25.656680812348768,-26.163824700036315,-26.40837587608068,-27.96415274483481,160.36226158697716,68.46700901988086,60.64894052942365,46.72673299794287,33.25423667870249,-22.030130353813455,-58.33794558310374,25.062647766075646,14.380673130259483,36.58283127857188,5.863217605474339,6.541330946469641,14.722415333236851,0.0,25.062647766075646,5.4212789919724615,8.278783130957777,-2.7445859549089002,1.223489974206318,4.4703662684734535,1812.5454398426625
0.0,18.380448898811814,80.65160636864205,39.27960974840222,6.6193875011165435,9.967275230883466,0.0,0.0,26.615907345002828,7.5420502959709275,3.0246511710748107,4.963576004877611,11.681319347560157,12.123304416577387,220.84913632891983,0.0,0.0,0.0,0.0,0.0,-9.151087691548458,-20.815818581969065,-17.099354372969916,-14.763369688198793,-23.930735709547044,-22.353638412401505,-22.353638412401505,-25.117715436014116,-25.53772538035251,-25.043813839284372,-25.547474672139742,-25.818612142007286,-27.268884385084387,154.65755774122795,66.19157858769186,58.921709806640365,45.07864497176417,32.27675406401161,-21.729896562001684,-55.47339550631972,25.12568878840661,14.416845379273257,36.375549644267316,5.596169581384271,6.320077254965392,14.492027577034188,0.0,25.12568878840661,4.970531885661468,7.956094937015576,-2.5715184103094595,1.3565012500877813,4.167209479561811,1749.3351872536937
0.0,18.07265761046194,79.13657956114183,39.75456859247129,6.233884822327523,9.030183427313842,0.0,0.0,23.92977214030751,7.689857438211405,2.8686293661516307,4.972192459920956,10.890765530447236,11.654837744699643,214.2339286934548,0.0,0.0,0.0,0.0,0.0,-8.887827871316203,-20.274328674560277,-16.576611304207052,-14.280265818837572,-22.917504673592685,-21.46171938563166,-21.46171938563166,-24.031587117257143,-24.469307229440698,-23.98726189645615,-24.481046273558334,-24.70889513307532,-26.101159168118794,150.2083466506034,64.02558204285138,57.51629440442531,43.60698407946262,31.01241055625356,-21.62028515671652,-54.53207041960293,23.360310259298995,13.403890490578746,34.27203735717448,5.378367133551774,6.112120714458589,13.751366081850277,0.0,23.360310259298995,5.180119670811261,7.6543089387589704,-2.5097377674001438,1.139928254537633,4.0005288059406725,1696.9364517183494
0.0,20.551963625224584,91.74296184515079,45.93295448879992,7.355226785189682,11.435304128723054,0.0,0.0,27.620732896395634,8.349662236452385,3.50169899348591,5.978078035825072,13.486701904047903,13.975168251581021,249.93045319087597,0.0,0.0,0.0,0.0,0.0,-10.35661911450133,-23.604015454752957,-19.35789111616475,-16.7054426941196,-27.055336217010904,-25.108744342364353,-25.108744342364353,-28.13404734262362,-28.646276587416544,-28.20686312790229,-28.932970704933524,-29.205183140859297,-30.728879416386466,175.03158888797245,74.89886430290352,66.9161809377766,51.050771334297984,36.51267299067327,-24.826780907374186,-62.98856381014368,27.500254524672926,15.779345223594644,41.06774669824341,5.789476676175856,7.339957343038268,16.503008550306234,0.0,27.500254524672926,6.061884553762439,9.596982298109491,-2.2877776826899465,1.3618793072131963,4.3781859534715295,1979.686873132722
0.0,20.35339454894532,88.11339732720886,43.676427994456816,7.034668483790213,10.567278545331032,0.0,0.0,27.83158226701311,8.330513368466235,3.26370951588084,5.925238200426995,12.406291481868676,14.882471861117955,242.38497359450605,0.0,0.0,0.0,0.0,0.0,-10.043897621053896,-22.810811883679936,-18.770354476408706,-16.201295644541595,-26.283944263289154,-24.51059753079586,-24.510597530795863,-27.530318927186116,-28.00300815785397,-27.477397467413773,-28.134038681198675,-28.39529400219313,-30.173070468882088,169.7464529500405,72.63852064446554,64.4891360439765,49.492155486358946,35.41176687075973,-23.624261283232357,-61.008283824913576,27.44951728379473,15.750232749788578,40.00733520652153,6.0002674918281205,7.232299041904231,16.207490127458154,0.0,27.44951728379473,5.593955392518955,9.77421237405124,-2.73655797594728,1.3070608414772353,5.108259487066714,1919.9194989783762
0.0,21.14921660491002,93.7245783948366,45.5131036325364,7.706510634187606,11.102964773179831,0.0,0.0,29.952702351481513,8.924087139844119,3.3876831224607606,6.2150121011160415,13.587085299972088,15.433580028237618,256.6965240827626,0.0,0.0,0.0,0.0,0.0,-10.633316036231557,-24.195126329218034,-19.881714229206512,-17.171544248723972,-27.88863938021736,-26.00445427869072,-26.004454278690716,-29.22539265303921,-29.727645292671337,-29.155225041332642,-29.85581435772418,-30.150631874069262,-31.978351506993945,179.70789312542772,76.98863095733488,68.50437082884513,52.45234909808845,37.60195659358415,-25.220207565991473,-64.35929661559108,29.278596258053778,16.799738257097882,42.52478030114032,6.367952041806314,7.689984666380607,17.363878819773564,0.0,29.278596258053778,5.9438182204985655,10.181813943171578,-2.980268919345553,1.474972565264565,5.2517660850660395,2033.2805891298824
0.0,22.30530039912022,95.77116614229097,45.927600440464836,7.742951747054844,11.126999478590957,0.0,0.0,29.901515841642468,8.88772834764968,3.657530920658541,5.992181627357233,14.114870437913476,15.488191692620354,260.9160370753636,0.0,0.0,0.0,0.0,0.0,-10.819984992734186,-24.618101800926972,-20.158811433745072,-17.409019943606605,-28.221774456596577,-26.306310800878524,-26.306310800878524,-29.540274101272317,-30.05278310380826,-29.510659180632327,-30.183348944931396,-30.518329811619033,-32.32463552885476,182.86268366966684,78.05335340569675,69.69801893313524,52.96521348123234,37.89415085617908,-26.07314720915572,-65.30020161810656,29.396993913224236,16.867673536494028,42.90435089671444,6.4800639720248805,7.66809150672303,17.629195939375577,0.0,29.396993913224236,6.065195296283341,10.297956311792454,-2.8225330513663396,1.675909879365797,5.1902353808279,2066.703144788138
0.0,20.429259258028754,90.49292491454254,42.36765625593985,6.876206841201717,10.226769445504656,0.0,0.0,26.051428333438206,8.003520265992313,3.169062089383205,5.356999192667381,12.803558986660853,13.880504070465522,239.65788965382495,0.0,0.0,0.0,0.0,0.0,-9.953358273210963,-22.830161665341805,-18.477668937019377,-15.934332901950494,-25.653506784403408,-23.915883468161603,-23.9158834681616,-26.776719258956152,-27.245230731381415,-26.772929487486593,-27.41252645773384,-27.716199122937148,-29.29958366089052,168.21629665727502,71.44159299654991,65.04421575052201,48.345682076953345,34.39713957177093,-25.448709164020528,-60.39743612132229,26.005233985951733,14.92151879236358,38.565089605796814,5.628067888804362,6.8762740836184335,15.83397818786936,0.0,26.005233985951733,5.544514466571155,9.330809978305961,-2.459005799421157,1.5192748909510527,4.5496940921595606,1898.3184007113543
0.0,21.023106000857066,91.29516690974177,47.772256899142214,6.8711567333050585,10.400216153786848,0.0,0.0,28.787755686708394,8.823364336267705,3.195310225901734,5.826628905734945,12.513903059227527,13.736597382222211,250.24546229289544,0.0,0.0,0.0,0.0,0.0,-10.37718842028968,-23.59912587544799,-19.40759349582553,-16.698166783199145,-26.780471996838433,-25.158207996372386,-25.158207996372383,-28.183385412234855,-28.660081594729586,-28.04891689153558,-28.609942927124543,-28.874793881595515,-30.575889489921085,175.37921954182323,74.8662427510722,66.78758122522758,51.215999747821286,36.35253256791731,-24.507585684514183,-64.34164598970277,27.499112952117716,15.778690201750019,40.00597259598162,6.377299621403414,7.1516787079711825,16.076778112820172,0.0,27.499112952117716,5.641374940766025,8.848672526393326,-3.18198939550168,1.3250498022362374,4.887924855828885,1982.1820447943724
0.0,20.668316024286526,92.8640847714909,49.368364362897246,7.277276271650951,11.611627869523462,0.0,0.0,28.201038889828943,8.735072712935176,3.434908502354487,5.9163019673150785,13.054725503515852,15.439024141782008,256.57074101758064,0.0,0.0,0.0,0.0,0.0,-10.623252855201791,-24.144190436559082,-19.94263785796338,-17.18142253111235,-27.74126178165469,-25.854577758256646,-25.854577758256646,-28.96462227064791,-29.475563043176702,-28.959195073115733,-29.631867142301566,-29.926562315043356,-31.73445603873481,179.53782077407118,77.03292024350947,68.29791171064952,52.854951240707734,37.71664179842741,-24.56617306084138,-65.57148722039967,28.270561879749742,16.221339157618996,41.900798549886275,6.123344854002173,7.3906624473119855,16.775163379048657,0.0,28.270561879749742,6.04663636128749,10.244225786252297,-2.6884363516476864,1.474360479996907,5.194798355529711,2032.2842676339462
0.0,21.553791237455556,86.66122176687946,46.82238221461942,7.687580716834745,10.625696340501806,0.0,0.0,29.240093756526985,8.898592770276124,3.331514081481669,5.765413281943633,13.70953833477777,15.08266549154088,249.37848999283807,0.0,0.0,0.0,0.0,0.0,-10.318435517403426,-23.123151498160205,-19.36371729101414,-16.726265043093694,-27.19119834283377,-25.360352243457655,-25.36035224345765,-28.514951569769387,-29.0157576647238,-28.444946095217254,-29.093051248664057,-29.426694446862548,-31.2086132473246,174.3862686733721,74.99222131946598,64.68008274363171,51.30037303545096,36.85202165683383,-21.98113902324775,-62.63244473807758,28.675568823849993,16.453727711811368,41.52421752138749,6.3034075031848955,7.434630803449004,17.160482874251787,0.0,28.675568823849993,5.926699348572897,9.962503430561487,-2.9718934217032276,1.669217521505371,5.120162060979393,1975.3147996872606
0.0,19.18473145112047,79.57092539615692,40.243227359051566,6.195108954825125,9.431634531175773,0.0,0.0,24.894487165552317,7.898447179693436,3.0361597909512335,5.264210447333702,12.020739703096858,11.938965037834322,219.67863701679173,0.0,0.0,0.0,0.0,0.0,-9.110625922029266,-20.638068243116866,-16.987826728123654,-14.654821262597922,-23.72560753156149,-22.102561278356966,-22.102561278356966,-24.793226675598582,-25.25961949696114,-24.80268390927701,-25.387542279031592,-25.6339031677333,-26.977461207911386,153.97373537314968,65.70490164364205,58.22822812086479,44.67559440843006,31.885181392734378,-21.34269727529213,-55.40264700844765,24.458371032102676,14.03394575043138,35.99232707310359,5.415165297715033,6.496754417224121,14.648772826988658,0.0,24.458371032102676,5.519441672929636,8.078387944052102,-2.3790055067638,1.2325439698904193,3.8605770937822204,1740.0637195567933
0.0,19.938908548294872,84.23763081428811,41.705422674898706,6.488377515141246,10.403289503528743,0.0,0.0,26.5114741595074,8.16775234851167,3.221872298749523,5.526748727284397,11.87884320025382,13.28293526527777,231.36325505573623,0.0,0.0,0.0,0.0,0.0,-9.594132488928688,-21.77565113858568,-17.89233181683781,-15.438391211575055,-25.031784730190125,-23.33056786560568,-23.33056786560568,-26.19141497599662,-26.666732370394786,-26.178357051870073,-26.7594311664829,-27.004660465618628,-28.568158632480635,162.1452169837534,69.21803807198285,61.532144515113295,47.06329019912161,33.61087372122364,-22.705486299174815,-58.27453348997279,26.005336882019275,14.921577833001564,38.06600078809248,5.764566725389373,6.753631352538118,15.144513206636248,0.0,26.005336882019275,5.625057921871821,8.79038263364162,-2.542694426639849,1.2268826252537215,4.4925526316361495,1832.6170064969888
0.0,17.646373004886865,76.73946750421341,37.54216276360554,6.591406481798801,8.791277762678245,0.0,0.0,24.083617750647377,7.594083600188107,2.7388943970265047,5.0947350140852,11.515973331971717,12.793932066402482,211.1319236775043,0.0,0.0,0.0,0.0,0.0,-8.746168917933828,-19.86384855298795,-16.343869603260657,-14.122374896612081,-22.91554576968608,-21.356213442273926,-21.356213442273926,-23.993015019023396,-24.426001448478523,-23.951591651691537,-24.548194469261816,-24.80554712701658,-26.29503853513251,147.81424569771553,63.31767797978874,56.15840599613125,43.09040769808774,30.919058998609685,-20.581061508082158,-52.75456439440928,23.968744448227184,13.75300337258215,34.89076610219029,5.208878240349181,6.382270824345161,14.508339274817702,0.0,23.968744448227184,5.12409975686543,8.514030313296532,-2.4699838433226766,1.2875358102599614,4.27990175310595,1672.3656219852512
0.0,22.36298079697249,94.80521753875723,49.18599376851625,7.5189709064370085,11.144151647568403,0.0,0.0,29.075975637265017,8.714263217537814,3.4304453711785983,5.975478493658788,13.088208054825323,14.418255671687113,259.71994110440403,0.0,0.0,0.0,0.0,0.0,-10.774507554804874,-24.47811898638953,-20.10238983962573,-17.3136688898232,-27.769859425587295,-25.99643792192326,-25.996437921923256,-29.0970702360661,-29.587951179782404,-29.029983742519995,-29.65676133437619,-29.9367345695686,-31.658118721987062,182.0940942167462,77.62584688765783,69.22064672215315,52.90314362988234,37.60732306773825,-25.584570816604085,-66.22467228217829,28.18500421909682,16.172247107843447,41.489526766780784,6.335466651245321,7.376185093580759,16.633723374386307,0.0,28.18500421909682,5.809241937471091,9.472033752204164,-2.905021280066723,1.4007065999219703,4.94622191948295,2057.22892721087
0.0,19.057398281402534,88.45342744843276,42.47110935131226,6.883209923344825,9.826759379400988,0.0,0.0,28.312225550674608,8.040488778723715,3.2115639878562385,5.601430723271769,12.940998175793018,14.117970999448573,238.91658259966135,0.0,0.0,0.0,0.0,0.0,-9.898233446894483,-22.640663481343324,-18.520898338011506,-15.97678358429016,-25.878923455298967,-24.202755350216975,-24.202755350216975,-27.191762092339783,-27.63064445727919,-27.083895183868204,-27.698849057654037,-28.001254276269034,-29.693926317152076,167.28466193838912,71.63192066127223,64.36545958705277,48.90349870188874,34.95830536804506,-24.087967861379994,-60.41592860891343,27.17031853579507,15.590031562314861,39.29108749705899,6.058178625285231,7.114364576658744,16.291784915714025,0.0,27.17031853579507,5.193874141294723,9.254250406140594,-2.846614637428992,1.5129338533869747,4.8637205933079795,1892.4465438593702
0.0,18.72283120090878,82.93971506351147,38.08142142085521,6.3537334879633,9.928272231678086,0.0,0.0,25.036443907224076,7.474550137750227,2.967232150626954,5.253727974386932,11.307125676738222,12.92044374852466,220.98549700016792,0.0,0.0,0.0,0.0,0.0,-9.172264208042716,-21.006041266403646,-17.044283985743128,-14.71395916401789,-23.824009764757278,-22.191886068439945,-22.191886068439945,-24.899841812115714,-25.332885037570538,-24.881563131229523,-25.471228005722878,-25.708185224428153,-27.219284332337793,155.0154505330863,65.97004646708164,59.77560771006169,44.64621017298329,31.870801449132575,-23.16410735344978,-55.338988879725406,24.61554171144232,14.124128566961389,36.14812554852546,5.317010389503491,6.439225366348452,14.463617560995427,0.0,24.61554171144232,5.124771898873691,8.578454472305932,-2.349778238876536,1.1854973919615208,4.341989276218728,1750.415293448977
0.0,19.525847090882568,87.55841384914648,44.22179457926268,7.2434582913746945,10.184461094158,0.0,0.0,27.32152225738574,8.77897536191184,3.442797787710817,5.459190985443395,12.253213651675372,14.592733869237772,240.58240881818932,0.0,0.0,0.0,0.0,0.0,-9.963267584281123,-22.667903999910173,-18.66856241556905,-16.10318472851688,-26.019049794518406,-24.34071898209717,-24.34071898209717,-27.32462269232937,-27.824282116604852,-27.27383905991453,-27.79507340126119,-28.091606184170434,-29.88044242983278,168.38376853610146,72.19864028208788,64.17455379920715,49.3721349324406,35.311232713571165,-23.38386004993933,-60.920866470011156,27.12393155378787,15.563415219461902,39.34554823427317,6.30864386825603,6.942745032417752,15.909698239441381,0.0,27.12393155378787,5.9131292813666265,9.452695234497401,-2.8658460805452135,1.4835540469743576,5.140038634740371,1905.6414717108455
0.0,19.169701351176535,82.43682192377939,42.52936408994318,7.39652464086651,9.986206829229655,0.0,0.0,25.832141370231795,8.406670916856827,3.154648675424896,5.855140752386869,12.176618800742826,14.040288179784575,230.98412753042305,0.0,0.0,0.0,0.0,0.0,-9.55893392335414,-21.60912813598664,-17.920347511945586,-15.48651081900602,-25.146483463706204,-23.38444378528682,-23.384443785286816,-26.25889496657157,-26.75682850365045,-26.273970989486916,-26.94698701431263,-27.18350503529813,-28.799571162765133,161.5503451640044,69.43378236641867,60.86878927429653,47.4218102801239,34.090044258407396,-21.56803264948286,-57.797119281395524,26.12899901176946,14.992533810323971,38.33018270256401,5.668615011466626,7.038440837365346,15.636920024502377,0.0,26.12899901176946,5.8927045808150975,9.396686871046546,-2.5139663360417295,1.1833000849784776,4.643601308738029,1829.613955946232
0.0,18.310067197287946,77.72559407049857,41.23024854708816,6.464194126903979,10.108339567960916,0.0,0.0,26.027371101097255,7.938526456847346,3.165219254572657,5.271209988615216,11.463892356405857,12.637226927767282,220.34188959504516,0.0,0.0,0.0,0.0,0.0,-9.115784143709268,-20.54481659578436,-17.125163963876982,-14.783309315665639,-24.05725595119679,-22.41543056102826,-22.41543056102826,-25.198436626218637,-25.65910302355109,-25.18145314563109,-25.71368870875635,-25.954351487892193,-27.45186092503748,154.0609116733018,66.28097792174336,57.73113326299474,45.42524852635953,32.5944626866596,-19.994460807503835,-55.61279145598062,25.297755342154154,14.515575285593968,36.798455025518415,5.652072370207575,6.475246306084843,14.562796781265083,0.0,25.297755342154154,5.4516733412124285,8.334286185438428,-2.4868531156349176,1.204036317469627,4.302940742328854,1745.3173107297625
0.0,17.74249155007529,76.93536269971912,37.371247062277256,6.418746383067985,8.893754097066909,0.0,0.0,23.46693590175033,7.479876106536547,2.8345024833068058,4.9873764132651495,11.156784083104437,11.816669553252785,209.1037463334226,0.0,0.0,0.0,0.0,0.0,-8.671182645268638,-19.748621383040362,-16.1603736113176,-13.95266931009711,-22.54284581308878,-21.017099358435573,-21.017099358435573,-23.572036234107188,-24.009046854171526,-23.56571994738026,-24.118256371281607,-24.35234420524957,-25.711267276579868,146.54694347251376,62.55680286090885,55.95513834304041,42.47499413594011,30.37431944345797,-20.98022435667871,-52.42707910758696,23.224587543601633,13.326014280969448,34.08529681371187,5.142655275472491,6.158518268217927,13.890369172954548,0.0,23.224587543601633,5.171723314370862,7.9119426084498965,-2.308152792165685,1.1711418549527775,3.9047269448028885,1656.30052862347
0.0,21.100143198108473,87.38811628564032,44.2400472039107,6.747856491508415,10.46205741702575,0.0,0.0,28.173023803500026,8.11856540355895,3.1833793338956764,5.888864882413767,13.216927960839142,13.378827916443852,241.89780989684505,0.0,0.0,0.0,0.0,0.0,-10.03060885068943,-22.706982752299403,-18.712350643738805,-16.142730377973177,-26.16250320618713,-24.381378233856164,-24.381378233856164,-27.363635909778168,-27.826799228742342,-27.320244817520408,-28.01143004414296,-28.27904336230731,-29.79963866139105,169.5218666670514,72.37594322979365,64.03179219886842,49.238553726459706,35.15137754361482,-23.356324086771906,-61.02161638009088,27.10896896574865,15.554829850119322,39.75784790180919,5.820722027819436,7.227734795183249,16.247333661780754,0.0,27.10896896574865,5.48122270963519,9.009552302732757,-2.6373426939237596,1.338869912769482,4.369275613711094,1916.0606992002247
0.0,18.997897890367366,81.01848633093141,42.38004757688319,6.600070300513767,10.360614292270853,0.0,0.0,25.22207812112865,8.41389520574862,3.050883432790142,5.5795675468572945,11.984675375093849,13.597890996782708,227.20610706936787,0.0,0.0,0.0,0.0,0.0,-9.405529733098952,-21.253563217371784,-17.632710080862278,-15.222114821269125,-24.762285341304974,-22.994924021085396,-22.9949240210854,-25.81577882007136,-26.32101724283052,-25.853376294323365,-26.500821131150477,-26.744001522624252,-28.29071803325817,158.9577443484697,68.24836272089816,59.847620772201914,46.66050560210598,33.45172008379442,-21.170865558729496,-57.24519733063768,25.64180346319394,14.712986333937,37.854815173541176,5.4856257064776335,6.7961994833880865,15.212375691404603,0.0,25.64180346319394,5.979152932061129,9.153558743941161,-2.4347422736874913,1.216631936530792,4.444332252841546,1799.6884409972165
0.0,19.815520666834868,87.30066758091348,44.13228377276269,7.199218663292301,10.867271034925128,0.0,0.0,28.212543735821306,8.685356645547227,3.5026275471155808,5.8768056278043606,12.846342612846719,14.330877229959784,242.76951511782346,0.0,0.0,0.0,0.0,0.0,-10.047457617934686,-22.776867159691786,-18.8430098883982,-16.273644456777898,-26.49443927538768,-24.658538724652555,-24.65853872465255,-27.717865079263976,-28.227733587055557,-27.718477305275822,-28.345675713604948,-28.61750406753503,-30.29184021676777,169.80661852179628,72.96289659602716,64.29968955779715,49.884030572048054,35.80737772511623,-23.000978023116332,-61.015564749947785,27.8095296301375,15.956803895979322,40.55549090790328,6.154037354892613,7.236763372101436,16.297419145984097,0.0,27.8095296301375,6.033946837770194,9.519842952525327,-2.651409807777033,1.3599577442970752,4.811034277434457,1922.9654335420387
0.0,20.330090170781624,83.49234002923703,41.95683892891177,6.690250067088446,10.130117806971903,0.0,0.0,25.39396402425369,8.33751693239757,3.2712039958132295,5.386193169079661,12.426011201034905,13.360709165884787,230.77523549145468,0.0,0.0,0.0,0.0,0.0,-9.571120196394457,-21.66430571784803,-17.832140831107505,-15.393983653237981,-24.949774327458634,-23.19889005531208,-23.198890055312077,-26.02213069300692,-26.526497806203395,-26.071546330555755,-26.679297043048187,-26.95408663893787,-28.462611856393607,161.7562987391323,69.01893675232238,61.08594999976544,46.852431004497774,33.48782756408743,-22.406390029471588,-57.89971925598491,25.663490934413616,14.725430367685668,37.91679499333646,5.639879351921122,6.760966012233906,15.385831822209534,0.0,25.663490934413616,5.968841576289677,9.026115701555915,-2.368675356107893,1.3747728431542452,4.334593464328872,1827.9593323412735
0.0,21.807607172591272,91.65466889007814,47.30225165203423,7.66666165326098,10.8640896120012,0.0,0.0,27.80206630349423,8.63360473377881,3.524531583210356,6.056559057952901,12.971034907944183,14.034470179537703,252.31754574588396,0.0,0.0,0.0,0.0,0.0,-10.463646536924378,-23.73288801188383,-19.520736839430676,-16.83442232735305,-27.08070172021568,-25.264965425967,-25.264965425967002,-28.28678345774234,-28.79691273853456,-28.298189188107745,-28.95542841435121,-29.209682026428688,-30.82582605833785,176.84040116485343,75.47714458103053,67.02652661999014,51.36734518209107,36.63892219018099,-24.628142270088006,-63.79279297263421,27.468575872878358,15.761168359724673,40.65661214531635,6.121103408205489,7.328590337107741,16.34282878800192,0.0,27.468575872878358,6.037032908783678,9.390645020325127,-2.5965718249951326,1.2720312791548398,4.643825159212575,1998.5949162934053
0.0,19.286781684104795,82.70668593494241,44.67936070552792,6.730471508943348,10.144938885442741,0.0,0.0,26.534972469006714,7.815416544311153,3.0427738005423692,5.608686113330242,12.424289259537769,13.443633275367123,232.41801018105656,0.0,0.0,0.0,0.0,0.0,-9.620982712003906,-21.73877462508186,-18.06223808181192,-15.572432475566506,-25.196987704137744,-23.486940243821714,-23.486940243821714,-26.34066769620646,-26.78800766488888,-26.303712298984355,-26.964902488450583,-27.225218266245058,-28.773040027280462,162.59899800581218,69.81901217524438,61.21024353729322,47.8746334494556,34.22733933495859,-21.49644239764919,-59.12623144729075,25.940618601806598,14.884443191762626,38.18964855396889,5.564226218434392,6.911046418485757,15.569437031605997,0.0,25.940618601806598,5.29396412641913,8.996125198143382,-2.5214524178920232,1.3023603051555153,4.447508077223741,1840.97167016165
0.0,18.826504501228268,86.08393951159354,43.62522170019637,6.666283198837065,9.772801168683504,0.0,0.0,27.23317320889222,7.936522735926322,3.1056571333403826,5.36522333320555,12.932610184151022,14.119975175271687,235.6679118513259,0.0,0.0,0.0,0.0,0.0,-9.759171186393912,-22.241398901568115,-18.30209361100514,-15.776392161004736,-25.52808332611139,-23.85260149403806,-23.852601494038062,-26.772510504235317,-27.21258340477571,-26.68850899775963,-27.309252417720963,-27.62858793701718,-29.295347930559743,164.93444628010667,70.73346557121923,63.05110731511938,48.451238796570024,34.605595667189,-23.03283219647416,-59.97866183805284,26.54221443684447,15.22963230110787,38.69411620151834,5.834216549262074,6.962859511393518,16.12423897217925,0.0,26.54221443684447,5.20796332000463,9.33071020905549,-2.7285594159216915,1.597636178187968,4.789264966216198,1866.7139820466716
0.0,20.790495493348228,89.14334444859631,46.581975527636516,7.0474174807211165,11.115636239919104,0.0,0.0,27.78221467445306,9.05167480624004,3.5158438769241918,5.722097920665481,13.030019679772105,14.0409551712272,247.82167531950336,0.0,0.0,0.0,0.0,0.0,-10.265727473396543,-23.25167925914971,-19.224300624491903,-16.57771489884822,-26.842555926352112,-25.00818422958096,-25.00818422958096,-28.050863243524372,-28.589338561201068,-28.07474733697912,-28.67377585169458,-28.960887056278665,-30.585263454006324,173.4954786783259,74.32619664117746,65.59555379983406,50.80860453207441,36.30082485306922,-23.547790648762245,-62.84934043323867,27.658203926401374,15.86997486251298,40.73026358028684,6.19502971657614,7.158515794310098,16.261081829481494,0.0,27.658203926401374,6.372488966588093,9.373475147873197,-2.6791858396519475,1.4364178736446167,4.667480023354003,1962.9833469436953
0.0,18.597359838744083,83.49136403116434,41.673840454805536,7.033570887687635,9.445336179296415,0.0,0.0,26.785527022979608,7.781342092737854,2.9575164947447377,5.590561499779331,11.631365952742698,13.35907349361094,228.34685794829315,0.0,0.0,0.0,0.0,0.0,-9.459162475953761,-21.544898282488095,-17.706464372106552,-15.274380465052866,-24.633770028411313,-23.076444372377093,-23.076444372377097,-25.901384597270752,-26.32131776425328,-25.78127093148733,-26.368393593482203,-26.606319653132456,-28.24235764104208,159.8641621759973,68.48269577229584,61.0483194753464,46.77462509161065,33.4438577702962,-22.443044555817934,-57.755495299303874,25.678940322640305,14.734295057650758,37.13748735560052,5.769235309582817,6.780906004733554,15.142009861987736,0.0,25.678940322640305,4.9696232778997755,8.658085079411677,-2.8117188148380787,1.190344504954223,4.700988414199262,1808.7242728123904
0.0,17.88033728285398,77.84546633635931,40.631282813349266,5.970410561978788,9.448556453122288,0.0,0.0,23.330617198598098,7.636196154242982,2.8718592368010647,4.9846632374061315,10.67174607345145,12.329452741452414,213.60058808961577,0.0,0.0,0.0,0.0,0.0,-8.854869732700427,-20.131996520782305,-16.5606079800053,-14.263240501604518,-22.96461914370501,-21.44337081588456,-21.44337081588456,-24.01200480390616,-24.457963830931504,-24.00495242044709,-24.528342599335996,-24.75384089480405,-26.212441643205985,149.65133906879208,63.9492490208237,56.963816679708415,43.70314341711021,31.104041689119445,-20.881649656650893,-54.5563400237659,23.349095427884752,13.397455542991226,34.52654012419844,5.230433769442349,6.112831615773375,13.73471828586043,0.0,23.349095427884752,5.277621621601697,8.138312150676192,-2.358574532641285,1.1281683783672438,4.191140590776222,1691.9197918290301
0.0,17.434183205393765,78.38552173796212,37.35966601625616,6.109147155812868,9.575531080666336,0.0,0.0,23.51861822960231,7.492883648177281,2.6593260839488004,4.6850906864530435,10.4768585264881,11.85968074309043,209.5565071138512,0.0,0.0,0.0,0.0,0.0,-8.694462483753767,-19.910559679046333,-16.194080851856988,-13.965900240767674,-22.511940546321057,-21.025190629622404,-21.025190629622404,-23.56665192769037,-23.99383860522508,-23.525683344151535,-24.014850858521232,-24.252710686784706,-25.67121956432646,146.94038336578956,62.61612374806166,56.65553970446306,42.53413321292661,30.316527243006135,-21.729982033499063,-52.91333676298538,23.10209342848801,13.255728497668702,33.91016707226959,5.096746092662025,5.87510383565996,13.362786063281266,0.0,23.10209342848801,5.055463639464056,7.78374005709035,-2.4374200087132243,1.1900131492069166,4.075940686000079,1659.8868245799667
0.0,20.30369301983331,91.04331753980665,46.45963449340044,7.29330721773104,10.491618457059458,0.0,0.0,26.827737337202787,9.002770640579927,3.198109937742912,5.54039996606181,13.34988710174843,13.875042666637798,247.38551837780457,0.0,0.0,0.0,0.0,0.0,-10.254470361457606,-23.39342017285325,-19.173267007383743,-16.522867887846363,-26.57776521233339,-24.80569336409493,-24.80569336409493,-27.76869653692296,-28.295630550125036,-27.764198759055382,-28.394325964997424,-28.706300848483888,-30.289909876250405,173.305228349799,74.08029002800558,66.36838819717957,50.58301183034333,36.050135302442804,-24.67492934262708,-62.939898350448345,26.93394393989665,15.454402404867519,39.89721976226896,5.964975096641497,7.101210870036489,16.339415338531516,0.0,26.93394393989665,6.235905481681341,9.324703525880034,-2.766865158898586,1.5608109039746791,4.550339140757764,1959.5285691801894
0.0,19.681085886241082,86.0241311783832,43.03305931717941,6.903583962459954,10.24947784368869,0.0,0.0,28.568343743598525,7.904249546891135,3.2352905988686356,5.6881547738385745,13.042101719854625,13.096768663229252,237.42624723423307,0.0,0.0,0.0,0.0,0.0,-9.834226034884669,-22.32664034141809,-18.406364457618402,-15.88565370144891,-25.78044558608549,-24.056610838982504,-24.056610838982504,-27.028988442338775,-27.470669800023213,-26.956450156066037,-27.590522605999432,-27.867898121522636,-29.388625443355917,166.20290746805253,71.22333976618054,63.10256254247319,48.61693751550438,34.80232152383391,-22.921568635910013,-59.860146192578746,27.019158288848992,15.503297466144732,39.26193113497572,5.912541829967592,7.075864977576863,16.024046483742577,0.0,27.019158288848992,5.226998315792179,8.727113695603013,-2.677251231098956,1.3877102037382887,4.369654967626239,1880.6416704562457
0.0,21.183083138456297,86.19382202987258,46.76968000897299,6.7846742385592815,10.797487865172037,0.0,0.0,27.574206901527738,8.057736497404049,3.4398956723323764,5.720858012922913,12.065160978721433,14.300991105215541,242.88759644915723,0.0,0.0,0.0,0.0,0.0,-10.06568027326679,-22.680840954317375,-18.837585741766226,-16.231291422626338,-26.199893793871162,-24.471763951236454,-24.471763951236458,-27.43568870651486,-27.897532749430802,-27.399663008337296,-27.991519648263704,-28.247941416143806,-29.966908805122202,170.11458971213096,72.77300673702626,63.722587670104424,49.74991758450224,35.45900131906802,-22.471234359768154,-61.8925271702657,26.94232120060361,15.459209185423118,39.554806647269345,6.03202219439987,7.003736579463437,15.721560008233999,0.0,26.94232120060361,5.465609975336555,9.361713509162447,-2.5921265220674936,1.282878566540524,4.939277596053094,1923.9007499815484
0.0,17.469093799798703,76.68068524653053,38.19420283660413,6.46016861567206,9.57371273854221,0.0,0.0,25.921464575761213,7.687397447730853,2.7785396809538385,5.25890636704699,11.264302178916534,12.652313851303871,213.94078733886093,0.0,0.0,0.0,0.0,0.0,-8.85224377233148,-20.047989050925036,-16.60550600591009,-14.349017041407295,-23.39666803674647,-21.819073276520644,-21.819073276520644,-24.561730771929344,-24.987035280402218,-24.477241550159565,-25.043839065798544,-25.279724337823104,-26.800870601248466,149.6069591402988,64.33382819856212,56.55273667016997,43.97267600713821,31.61245266319194,-20.12794857636056,-53.585584528681885,24.93098350521497,14.305125617640428,35.9005277174001,5.4327476793015865,6.439040807834232,14.45502649172208,0.0,24.93098350521497,5.033189449383105,8.281455097711083,-2.654207998347748,1.180134440787242,4.370858753592788,1694.6144934125377
0.0,17.62686565713634,81.85830651877305,37.79411116967347,6.417633616425478,8.710354834865734,0.0,0.0,23.209500184897287,7.295175525803205,2.8512082330244173,4.872096244332815,11.283117226335897,12.241329003331101,214.15969821459873,0.0,0.0,0.0,0.0,0.0,-8.89295112566163,-20.49761120974906,-16.52286877661805,-14.24439745943815,-22.842359642932625,-21.352486269511743,-21.352486269511743,-23.893162533825226,-24.31408922439928,-23.86967870090451,-24.4186269410573,-24.676426398503978,-26.098303456275016,150.2949319868452,63.86476622775354,58.61827592103574,43.27312642330092,30.776663985372217,-23.24003059773731,-54.10760667727139,23.094957406721946,13.251633926439593,34.116189919428905,5.165002805288524,6.161867394256202,14.078964885018447,0.0,23.094957406721946,4.981380953539097,8.155710194725167,-2.313794572264108,1.2897711499233866,4.085618808605934,1696.348475732624
0.0,17.031768824092612,78.55829954704217,39.285820340424685,6.27300974053589,9.214471006069601,0.0,0.0,23.01459172033814,7.524787168368832,2.978346045191593,4.893991171107168,10.17736607644939,11.427009873770292,210.37946151339037,0.0,0.0,0.0,0.0,0.0,-8.724635426451938,-19.99526659539648,-16.296350503264673,-14.035715753106631,-22.482572153381454,-21.04190488534695,-21.04190488534695,-23.538358775806348,-23.97884791627322,-23.53480168045968,-23.990858708294805,-24.191164294963333,-25.56255073003245,147.45031986567412,62.92914164771624,56.93100555106599,42.9430301543372,30.54451533617835,-21.62729399597618,-53.684035862219005,22.692972370324565,13.020979309830768,33.51661138113968,5.290243977266063,5.89612038197628,13.11577601582774,0.0,22.692972370324565,5.2128892362943615,7.4864707235228325,-2.31189793207447,1.0021292108691116,3.940539150247459,1666.4054060539509
0.0,19.052080211667334,77.96245175140236,43.7108649500243,6.510356681082173,10.207410455802579,0.0,0.0,25.98328935731651,7.945163041198535,3.093712423490305,5.386236867829653,11.8191195211656,13.689507812783164,225.36019307376253,0.0,0.0,0.0,0.0,0.0,-9.319906429908837,-20.88332303902102,-17.539257634352456,-15.133157302163594,-24.617490183092166,-22.91959528209937,-22.91959528209937,-25.749984267507926,-26.210127920241977,-25.730015145814004,-26.32913964535504,-26.589955040670233,-28.200278219047938,157.5106714535886,67.84952162017393,58.409943976926755,46.61610256603686,33.43254469895765,-19.5525077744756,-57.138454813318944,25.72847000644086,14.762714648415027,37.63325482473047,5.593388450084644,6.691096760341162,15.141359158502082,0.0,25.72847000644086,5.445487014604195,9.062408282935172,-2.49967602659434,1.3048598925115096,4.627099529847992,1785.0670466878123
0.0,20.52121642376088,89.98264893842949,42.520371152159846,6.660366044931288,10.262257387544809,0.0,0.0,26.914675911325226,8.32561955932822,3.2224172092779537,5.318003276054661,12.548317864913344,14.166739202630442,240.44263297035616,0.0,0.0,0.0,0.0,0.0,-9.982485268294726,-22.839936564837725,-18.5579976979849,-15.999568490622622,-25.80885614498228,-24.116946991139386,-24.116946991139386,-27.041296702979118,-27.5146626398233,-26.99153006845558,-27.564704636351525,-27.87369396693103,-29.560896323544355,168.70855616519734,71.73407680515881,64.94646308300749,48.63607321738982,34.60480344103919,-25.036185855422005,-60.75585864075699,26.582580782108298,15.252794068456648,38.92265556050971,5.946073018970855,6.863877453458615,15.850447700535431,0.0,26.582580782108298,5.601963749635319,9.318735189604402,-2.723655809692902,1.5458741774039542,4.84800401302604,1904.5343140691755
0.0,19.267039018353554,83.63168913836418,40.38465719934283,6.390043264586953,10.376284837157062,0.0,0.0,24.944647272228828,8.05688082340443,3.1128766856343604,5.446104530043997,11.302867058909737,13.675253783809875,226.58834361183585,0.0,0.0,0.0,0.0,0.0,-9.39886819207603,-21.423747425852085,-17.50873857656332,-15.109439390540333,-24.48917461427695,-22.78350731374077,-22.78350731374077,-25.558360550049546,-26.03819513961038,-25.58138257970464,-26.17864953652425,-26.410172259063078,-28.011662718989694,158.8451612654391,67.74318234639675,60.74091647106157,45.99518140022283,32.84202437580112,-22.890772667302613,-56.97694576164779,25.2236454532204,14.473051842004791,37.21821769596309,5.491241656247864,6.604413127896871,14.746278074661289,0.0,25.2236454532204,5.678515852790927,9.073534170205447,-2.3783649706135037,1.1583085978528738,4.601719613604429,1794.7951669205147
0.0,18.853652773536858,83.24747236400076,41.89677604882051,7.021280403861819,10.420716117554791,0.0,0.0,27.01159527206255,8.375181764752998,3.017245054681671,5.460664486442747,11.676817478863668,13.706576058452432,230.6879778230308,0.0,0.0,0.0,0.0,0.0,-9.549644521484947,-21.66835884079347,-17.900128478622996,-15.455473782166576,-25.07868132404895,-23.41245402105795,-23.412454021057954,-26.312276768395694,-26.781628694447328,-26.239852792497583,-26.80212369600015,-27.057277020577352,-28.72364438148711,161.3933500335465,69.2946277894843,61.214902860577524,47.35982280590999,33.96497159352215,-22.032569503423233,-58.05401796381903,26.35962864592078,15.124866571564416,38.18430101532565,5.837966156101714,6.737197028854222,15.188421712814925,0.0,26.35962864592078,5.554460663332955,8.9184392820897,-2.820721101420043,1.2765325424114753,4.788136776362732,1827.2681686253136
0.0,21.424706317566347,90.87964612684368,46.036185239192214,7.564450021767834,11.378978058897669,0.0,0.0,28.240097777562156,8.84503731937723,3.4155988748191004,5.685176995979261,13.317924868373119,14.85506415256917,251.64286575294778,0.0,0.0,0.0,0.0,0.0,-10.427167938277554,-23.62468312641649,-19.483118411273004,-16.82144696862374,-27.26037371973471,-25.371798484737983,-25.37179848473798,-28.469606895611562,-28.990016439960087,-28.47405025437075,-29.117973810010294,-29.433077205465022,-31.151252584618717,176.22389620208813,75.41896955085966,66.66421775086589,51.36088063178,36.7740915018759,-24.215428375977794,-63.20758590950521,28.159334704786634,16.15751822132863,41.42102512146244,6.1019433616693926,7.261639850965896,16.67846384992949,0.0,28.159334704786634,6.158692832526937,9.918062316026166,-2.6863444868502926,1.5764628549866346,4.937001836543004,1993.2508091286775
0.0,19.38415610724115,82.59315135674696,39.49838848292937,6.317846908179797,9.84814377298142,0.0,0.0,25.447035348610687,7.87575017891723,2.9838399228386723,5.439336228126151,11.934380081899592,12.708700649756027,224.03072903822704,0.0,0.0,0.0,0.0,0.0,-9.295646550300111,-21.16564555924207,-17.294453892544293,-14.928080720708863,-24.20489254162318,-22.533434263618872,-22.533434263618872,-25.289460615100868,-25.749414823727943,-25.28220356794025,-25.904846529081226,-26.145910034424197,-27.59771680719543,157.10066841811917,66.93006062010788,59.95857457666291,45.36528665065892,32.39265108355619,-22.634576780084046,-56.195040888991485,25.052507512789692,14.374854763847267,36.80982390649282,5.416345029246166,6.645377379531846,14.899957724733385,0.0,25.052507512789692,5.443245072509736,8.53708185551654,-2.4325051064074943,1.206041151405695,4.171618794239487,1774.5364272060733
0.0,19.913382625250264,86.33829744329348,43.40912392612998,6.489920171270212,10.33142450121209,0.0,0.0,27.57059306072064,8.204106103065842,3.073056336048612,5.326334786674345,11.972291151596181,13.416774913630466,236.04530501889215,0.0,0.0,0.0,0.0,0.0,-9.788054002635931,-22.267474057931302,-18.28224034022496,-15.751692799169017,-25.413257991146743,-23.804343460310342,-23.804343460310342,-26.709309815707208,-27.15764808836521,-26.600966281568557,-27.131125004352352,-27.40877178050621,-29.056669912398146,165.4225790541817,70.62272596471044,63.03692506589569,48.174831769447756,34.29743959358802,-23.301372377397797,-60.09374355392882,26.406384468656196,15.15169455119251,38.33650183309946,5.971384064463547,6.71540210783631,15.318291159587519,0.0,26.406384468656196,5.305778374650907,8.681707584477163,-2.8983277284149347,1.3890673211619644,4.735067329153303,1869.7032948346987
0.0,20.793451080298247,86.97181216837734,48.01519004711122,6.973175241139932,11.199160184953056,0.0,0.0,28.887038077089194,8.553018891109387,3.3940692110586537,5.738807997371077,12.647427811111436,14.371848359361183,247.5449990689807,0.0,0.0,0.0,0.0,0.0,-10.24477809136825,-23.058982220430657,-19.254624726383064,-16.59497325790614,-26.87520763670424,-25.101206005132465,-25.101206005132465,-28.17686785706065,-28.659800088460162,-28.114735284777385,-28.70451162242687,-28.986785776062757,-30.717848984517953,173.14142456258662,74.4035745063941,64.72800994626662,51.099402421817224,36.52056111420458,-22.243802222110716,-63.15961691942349,27.958020652015115,16.042006420003563,40.791343460035314,6.2319137660790975,7.151026096409961,16.2092434125932,0.0,27.958020652015115,5.715174336088943,9.39781465884054,-2.8378445550204443,1.412218099038884,4.974033700520643,1960.7918079204417
0.0,19.25358959632977,80.82120869465649,41.39500743507658,6.366507479206302,9.346805369344516,0.0,0.0,24.770737806167983,8.195412573032831,2.9161857415807306,5.460737298732142,11.563618473168221,13.655300555572495,223.74511102286806,0.0,0.0,0.0,0.0,0.0,-9.275456575961694,-21.009954219854517,-17.324755733272486,-14.940482138127845,-24.15915044426146,-22.550756908838334,-22.550756908838334,-25.299955404075508,-25.769734819810658,-25.263458878153813,-25.868643567969215,-26.112882937946843,-27.733220291136433,156.75944863886588,66.98566238400217,59.27412054297531,45.65165130053761,32.58008719902318,-21.54708815168118,-56.6201281202717,24.990441734725742,14.339242099325801,36.57911398354738,5.552078601771528,6.682667306625067,14.99756270580627,0.0,24.990441734725742,5.559519712842035,8.999426315041518,-2.635892860190796,1.221930007892925,4.655874240530977,1772.2740609016978
0.0,19.63795719573035,87.24627220648762,43.622908185214854,7.074440593495439,9.921751021035945,0.0,0.0,26.82259191848119,8.508944923894811,3.1878254824328778,5.842243100345548,12.417899568501833,14.100960402444562,238.38379459806498,0.0,0.0,0.0,0.0,0.0,-9.878000691955787,-22.494650689387043,-18.47268157151348,-15.934217468500758,-25.741514841582624,-24.03855152788104,-24.038551527881044,-26.966541934824395,-27.452740577290243,-26.923565670827756,-27.562202992912482,-27.817070459754405,-29.484059893009,166.94271914746977,71.44107545059522,63.73011060984629,48.744787202573114,34.82986413932006,-23.516161596641325,-60.28174075071765,26.61567500175765,15.271783169676935,38.91475824570219,5.9429403179745135,7.117345495992566,15.932721410699163,0.0,26.61567500175765,5.753830088353175,9.311036164600214,-2.7551148355416357,1.2751023956470187,4.789924237844348,1888.2263562053374
0.0,21.853737128615467,93.82739570823848,45.10620325666708,7.12121020470185,10.685942138165409,0.0,0.0,28.558521147998363,8.329272878889745,3.367684231470903,5.975588934085221,13.740100240501965,14.514780559025997,253.08043642836049,0.0,0.0,0.0,0.0,0.0,-10.504479959135525,-23.958902100267082,-19.535130514482994,-16.850656787633753,-27.228107924013425,-25.381016771892536,-25.381016771892536,-28.456312999788597,-28.935820444916303,-28.42594593780971,-29.141119477271204,-29.44147169989005,-31.095662798249126,177.53050463301545,75.54993179534502,67.96192423665988,51.21739198813219,36.49745127960795,-25.8654714715786,-63.74907924125482,27.954697099318782,16.040099401822435,41.17709362899638,6.022312789322702,7.478251644805837,16.990587056702434,0.0,27.954697099318782,5.674644321037946,9.761631032104912,-2.6546285578517983,1.5026627107206165,4.753149526921085,2004.6377360076583
0.0,21.58318649104868,88.92316337627257,46.43315671757417,7.580688973911254,11.591591438835978,0.0,0.0,28.37649567813662,8.640192792986266,3.612539050266226,6.253541514254373,13.734798317417116,14.589746778693874,251.31910112939715,0.0,0.0,0.0,0.0,0.0,-10.404400401777698,-23.43227228652103,-19.47876678125421,-16.8350562298352,-27.445484531289843,-25.418009098116382,-25.418009098116382,-28.5424163632178,-29.075512313628987,-28.627727042406455,-29.388278256155466,-29.656343949398217,-31.249474241138618,175.83911444613315,75.47998668326399,65.80730355479784,51.46532656236677,36.98329783791984,-23.11585982147473,-62.78106272664471,28.401120489968324,16.296252259994226,42.1015328206279,5.943904027735534,7.5946746603558175,16.971362693700573,0.0,28.401120489968324,6.308827815516957,10.01204925630897,-2.331364977469309,1.3411331461014449,4.577697522384904,1990.6862854099995
0.0,17.92089879343751,75.80787455391238,39.67005653827271,5.9467290673802315,8.8770722155982,0.0,0.0,24.240195344205635,7.480167591727758,2.857451046736319,5.206305365701437,11.580751090471711,12.750573906571242,212.33807551401515,0.0,0.0,0.0,0.0,0.0,-8.79368255059673,-19.87173720135718,-16.476855826006844,-14.212293419852381,-23.073247297297776,-21.50395480703805,-21.50395480703805,-24.148518497279262,-24.57817113811603,-24.118063428364813,-24.723540849632077,-24.972379828239756,-26.448897922931582,148.61724777077455,63.72082774324059,55.95824948608605,43.575166035674414,31.162933455576564,-19.84962506782633,-53.77730719910856,24.039302701947232,13.793488926736702,35.15972493232837,5.252972001342545,6.451247223854814,14.578433491532813,0.0,24.039302701947232,5.084646637121532,8.507949647356764,-2.3955209546062264,1.2449418581533775,4.2426242592144785,1681.9194915808137
0.0,20.74016470816425,91.29058806248787,46.95403887576585,7.35981586373049,11.321089304539074,0.0,0.0,28.769036321995312,9.299780714794833,3.3526698321397976,6.078853684652392,13.211300205219638,14.042057728778751,252.41939530226824,0.0,0.0,0.0,0.0,0.0,-10.453294531495553,-23.730520257051605,-19.5875355725405,-16.89616050680895,-27.36373152153061,-25.505880523731378,-25.505880523731378,-28.619294487391038,-29.16084274252682,-28.605582657842447,-29.25738432136867,-29.521969807490297,-31.150649521009917,176.66544754935867,75.75394775290957,67.06685722865109,51.80490608578123,37.05351952676211,-24.223730833836782,-63.912967602269,28.301190470499606,16.238913507948034,41.53468381367215,6.243595456570336,7.402575348258694,16.56742370430405,0.0,28.301190470499606,6.408855090364295,9.362212566088036,-2.8909256244305386,1.3237216636063014,4.6798451626907145,1999.401661638897
0.0,19.934481305132035,84.75600313391655,44.72329874654904,6.667608898140661,9.598939568358606,0.0,0.0,26.728882505957493,8.348612141060345,3.08299118751213,5.612242245845379,11.636529438568822,13.075534236713228,234.16512340775432,0.0,0.0,0.0,0.0,0.0,-9.708790114189332,-22.018074230632042,-18.156476676684047,-15.631120558551704,-25.08286393095625,-23.548587873957977,-23.548587873957977,-26.385170471567502,-26.842789020496376,-26.27944617168443,-26.817450694375633,-27.05101445112085,-28.665907709568167,164.08298317034533,70.082140237409,62.17752243492809,47.911107999629735,34.05987143065545,-22.578480698988457,-59.97046112876615,25.784770453681755,14.795019229176628,37.50394164115762,6.015999199236721,6.78076214150887,15.10824073205342,0.0,25.784770453681755,5.415604129335754,8.435303047565139,-2.933008011724591,1.1685198956634908,4.640231189148089,1854.8104684217749
0.0,19.156150956948427,77.6126800713887,41.74800534697495,6.8094382521211125,9.569572303946808,0.0,0.0,24.6100178139751,7.642929426770551,3.0167537081026365,5.491513012748832,12.08824200348679,13.229176184987649,220.97447908145156,0.0,0.0,0.0,0.0,0.0,-9.14813301208019,-20.55584896588648,-17.13709229216299,-14.802463734314012,-24.03516794252567,-22.321066278511545,-22.321066278511545,-25.04815588370571,-25.505817652796804,-25.07811352311446,-25.755390341228043,-26.001861700313423,-27.47813217314244,154.6076223099576,66.36685677149396,57.62345786637502,45.30943330355489,32.51858018307925,-19.989222205013675,-55.44119111491278,24.789470095392854,14.223926771086196,36.63480758753931,5.243567524327694,6.724609666167755,15.097058093097058,0.0,24.789470095392854,5.416115610545494,8.987263441958461,-2.2268138162250573,1.2330966534189232,4.241912743029188,1750.3280210547027
0.0,19.282881909817785,85.49324320954058,44.51775676527288,6.696528930875586,10.50563806972063,0.0,0.0,26.92782486595924,8.431977172997215,3.0320107252850765,5.59028551933625,12.067767583137817,12.943374693114775,235.48928944505786,0.0,0.0,0.0,0.0,0.0,-9.755008392035842,-22.17420101044817,-18.28146530481272,-15.752243780329092,-25.418992527160402,-23.74825578009282,-23.74825578009282,-26.624124277537177,-27.103002982184524,-26.57197292303578,-27.16108377309924,-27.404899951554423,-28.93500273382478,164.86409315592095,70.6251962891369,62.73269999703138,48.35785454161114,34.490656707460595,-22.760543212509198,-60.062254202888354,26.141882532900254,14.99992623381721,38.35706986283354,5.796784292988251,6.810098299280092,15.244549200844567,0.0,26.141882532900254,5.6672036052940395,8.546780295464183,-2.764773567703175,1.219812779943842,4.396594397650592,1865.2991227191205
0.0,21.726663724716214,95.34018710889833,46.76257852753152,7.5554177178229045,11.286709729746102,0.0,0.0,30.74403164651446,8.974379421552214,3.567894932300529,6.0213785299174765,13.250515834705505,14.702171879066738,259.931929052772,0.0,0.0,0.0,0.0,0.0,-10.775624103684134,-24.53894501286822,-20.12330415930091,-17.356741875641113,-28.045843103855113,-26.25335844483147,-26.253358444831473,-29.478144557834607,-29.973281105896938,-29.37502621355125,-29.961456005167534,-30.25468839572184,-32.054796743020574,182.11296440230072,77.81896465047127,69.52225543862231,53.015426812708576,37.84861842625363,-25.817931670276025,-65.69846315981471,29.313572520708487,16.819807254007152,42.413702199087375,6.6826702347719324,7.488420707995864,16.955901526573477,0.0,29.313572520708487,5.859604119080811,9.529744009120378,-3.1147753024714033,1.4670421780783878,5.172427869946359,2058.9080733624833
0.0,19.593833379523094,85.0504110660501,42.93582421849196,6.551216699406415,10.059069066464621,0.0,0.0,27.782751620714375,8.1811675810201,3.200654186138613,5.421088213574652,12.682193057865813,13.593518349572454,235.0517274388222,0.0,0.0,0.0,0.0,0.0,-9.737681099556799,-22.09623372015318,-18.22684756335506,-15.719964794374572,-25.498884256819274,-23.82338912839293,-23.82338912839293,-26.76751469060513,-27.223642796095557,-26.689073219537384,-27.26628189382411,-27.563690660997903,-29.184054403051768,164.57125400636806,70.48047343245415,62.4263909713409,48.14636152335676,34.404668132147314,-22.624020094709202,-59.5317684393372,26.76234489784748,15.355940751645267,38.80215642585787,5.983856021709867,6.909024811402357,15.850206526281031,0.0,26.76234489784748,5.397965745448845,8.937568283329531,-2.783201835571255,1.487936597827705,4.655950066242923,1861.8332155082662
0.0,18.501562546437924,85.88699225513282,42.914670361305326,6.848703279528066,9.329261186560863,0.0,0.0,24.86381670927457,8.111620244411375,2.8662858055242633,5.0224979578290325,11.382414423126644,12.452490530884447,228.1803153000153,0.0,0.0,0.0,0.0,0.0,-9.46823854488443,-21.7482789471428,-17.66798413004187,-15.203022752654284,-24.215028208692747,-22.75308472794839,-22.753084727948394,-25.428160841068593,-25.877500264207562,-25.34085784909782,-25.834488447065244,-26.095974896194505,-27.614955197379146,160.0175518824477,68.16276341756763,62.029804527243385,46.50490917171869,32.98127563704769,-23.85718772788944,-58.53624738512431,24.316663149897302,13.952635317750952,35.75908838996294,5.66027974059869,6.33071513378092,14.438832329022471,0.0,24.316663149897302,5.317626309336949,8.08785544903673,-2.7939939350744263,1.3082171759518877,4.364635081847716,1807.4050966559714
0.0,20.75549642841425,87.8879246097902,41.93289592824828,6.989054600496612,10.275649031741867,0.0,0.0,27.933251746188184,8.538925434916996,3.3233454289672153,5.347781266695106,13.122975391848236,14.275705608775292,240.3830054760822,0.0,0.0,0.0,0.0,0.0,-9.968816456351496,-22.647319865157556,-18.569045260167,-16.037793457142726,-26.045302348348574,-24.297156470314505,-24.29715647031451,-27.310495769417063,-27.796429623167246,-27.260894490501645,-27.838306447503232,-28.170375702354384,-29.858692166382582,168.47754700610943,71.90545846997277,64.0425489155228,48.7762522902422,34.90324937193023,-23.845375694267403,-60.11046789418844,27.391503491524023,15.71694507039099,39.709185347217876,6.111574369799205,7.009124346799023,16.312837598877785,0.0,27.391503491524023,5.750696494085006,9.424500321641826,-2.7882289408319894,1.6613430801039168,4.851205287133466,1904.0620076087787
0.0,17.351177936314492,83.97129331408284,42.016581282648666,6.701307889191464,9.042408056951757,0.0,0.0,25.543573807974916,7.695767377962894,3.124072320356884,5.1381692991674015,11.582439485220268,12.600378001265621,224.76716877113716,0.0,0.0,0.0,0.0,0.0,-9.312558430207467,-21.38577913571603,-17.454450889322597,-15.02858728327767,-24.08744771086055,-22.60765133711752,-22.607651337117524,-25.318552165646206,-25.74491536579841,-25.235920448036552,-25.737414323365417,-25.99961688086542,-27.533643055831938,157.38648690565265,67.38068186548453,60.98510231605072,46.176794799881634,32.8734118534058,-22.98619099803212,-57.60777976834311,24.64231277637204,14.139489511171938,35.945006061355755,5.7741213533232845,6.449969166587959,14.678507484492755,0.0,24.64231277637204,5.045718344996494,8.192510134572576,-2.6500490329663995,1.3117998674205573,4.407867866693046,1780.3697302449077
0.0,16.769350701072753,76.79981268334201,39.858886086541226,6.417161227926069,9.22291474010084,0.0,0.0,22.76233534426219,7.248687476182832,2.686314987278469,4.86849742129098,11.054603080153706,12.758157164223643,210.4467209123747,0.0,0.0,0.0,0.0,0.0,-8.713343131732822,-19.854022309793404,-16.343592261112615,-14.093283343438717,-22.73046105490565,-21.170967343782845,-21.170967343782845,-23.710463962205527,-24.13491433570268,-23.707442165733276,-24.300506891095786,-24.554164472537607,-26.02067146681115,147.25947493210785,63.187245980266844,56.27458290680696,43.275006405284664,30.940534918943495,-20.52522977653505,-53.43882492695078,23.084234327994594,13.245481141164575,34.271794744333505,4.911921120299771,6.137546758102243,13.999412125830652,0.0,23.084234327994594,5.0230813431615315,8.544298781735439,-2.2256061330213006,1.2690493368112623,4.213858382488205,1666.9381644575951
0.0,17.111012399970427,73.95444009085587,39.89878802072268,6.300306836372862,8.98703353548148,0.0,0.0,24.07309410237631,7.783255800841337,2.849597918329495,5.181691528147109,11.11549724284818,11.741710474489437,208.99642795043513,0.0,0.0,0.0,0.0,0.0,-8.645667521646747,-19.51485282153707,-16.256518188545027,-14.024911709397651,-22.725205353273903,-21.20081555217074,-21.20081555217074,-23.801820491786586,-24.252016098170547,-23.78038876145167,-24.327878164264707,-24.544427958717463,-25.913161923478867,146.1157262404385,62.88070170999664,54.90319391771641,43.16498790210004,30.936532020651622,-19.05124617313946,-52.99469197690278,23.643350055593515,13.566295629547191,34.522234917372636,5.305095063739377,6.265090539817855,13.965015778333928,0.0,23.643350055593515,5.327758655431455,7.808792927332942,-2.4554971454098817,1.0833990116707461,3.932917547156495,1655.450464970427
0.0,17.816108548705987,79.9812515258015,38.829209053417884,5.908979142933753,8.799416681000267,0.0,0.0,23.867939663259733,7.606422123383877,2.9591545435716253,5.160616826998459,11.135628268113672,12.919756963775205,214.98448334096196,0.0,0.0,0.0,0.0,0.0,-8.917758709058042,-20.396431950024574,-16.633879833094262,-14.334845899735646,-23.135275803522635,-21.62066054174138,-21.62066054174138,-24.244014337448483,-24.68008675783307,-24.21032161305944,-24.76369738119076,-25.004578673275805,-26.542462143037028,150.7141914662505,64.27029187471146,57.98188231028194,43.76202996844499,31.154170638817597,-21.999369215519557,-54.59591387695601,23.846503006154922,13.682862570308567,34.919569493639344,5.4049563073745786,6.365746365146494,14.349450140118,0.0,23.846503006154922,5.160620359580924,8.500805553622843,-2.4458017638029528,1.205129538148035,4.418951410152362,1702.881558304076
0.0,17.91133315973106,75.39001406085174,38.77278106754082,5.963066308452597,9.449821562317648,0.0,0.0,25.295128730632285,7.317923913167438,2.816100447663206,4.86344651305656,11.581196115428835,11.820932351071779,211.181744229914,0.0,0.0,0.0,0.0,0.0,-8.74595434008018,-19.758186993814828,-16.377907439516406,-14.13429571907207,-22.98451359015989,-21.43086860959054,-21.43086860959054,-24.089037404157562,-24.500756492508188,-24.031047642949947,-24.56940204894571,-24.83566665483058,-26.21419190524353,147.81061923407438,63.37112499583962,55.62576478120243,43.284670482283495,30.988850810857418,-19.764249279649313,-53.27978438480971,24.162974225679676,13.864450294223369,35.11712511343472,5.261609114077712,6.195568815862636,14.210125621176719,0.0,24.162974225679676,4.872415246752932,7.859880542517819,-2.445508666414506,1.3321223028060762,3.96105180855396,1672.7602481396814
0.0,17.977548281185953,79.74071691021432,40.204282816080074,6.527165013865436,8.761094472732065,0.0,0.0,23.374830190128243,7.260149339239737,2.8305968808046034,5.062718672408042,11.395834412703854,12.156544739776846,215.29148172913918,0.0,0.0,0.0,0.0,0.0,-8.930213640090939,-20.393753402766617,-16.659265825105,-14.35637023450582,-23.015359820235457,-21.507065436139385,-21.507065436139385,-24.05730661445754,-24.476644908795773,-24.035351412113833,-24.62124205973365,-24.86407987139382,-26.259825398687145,150.92468548404494,64.36679624509424,57.90543901942547,43.835368562920024,31.20632962051347,-21.835277890788845,-54.68761791971456,23.181903266231764,13.301522509533859,34.35834293202777,5.1281628550948986,6.277636681514375,14.191448922686432,0.0,23.181903266231764,4.962583364949443,8.146012220687936,-2.2975659742902943,1.2149180091063325,4.01053251908891,1705.3132774939065
0.0,19.78587517716364,85.45855243239761,44.5636414673153,6.692154045933287,9.92492324682928,0.0,0.0,28.034620744877067,7.982888453196288,3.369823625835556,5.803570658730912,12.680139620667262,14.307043250821254,238.60323272376746,0.0,0.0,0.0,0.0,0.0,-9.879520652301714,-22.361998729240067,-18.52986968306071,-15.977431491313215,-25.90670044395143,-24.20427569220773,-24.20427569220773,-27.18936274780386,-27.63519999499552,-27.11532258692741,-27.743760457895217,-28.019150110036726,-29.729170349702727,166.9684071708926,71.63482555287489,63.052371960086575,49.06050947572026,35.06965055792213,-22.406180472311036,-60.61358802535012,27.13468826103203,15.569587300412007,39.398734039513585,6.076531638893856,7.181345584393835,16.215933569396615,0.0,27.13468826103203,5.276180440137987,9.393474376428978,-2.706708013058301,1.3777749256629228,4.913568874392276,1889.9645148465586
0.0,17.54501684664515,78.8998811154844,40.21223719859263,6.385585771014234,9.440294035511801,0.0,0.0,25.781457755803824,7.798659281736225,3.0825158966222515,4.8569754343913925,10.973992630829441,12.454636010534784,217.43125197716614,0.0,0.0,0.0,0.0,0.0,-9.00301050326481,-20.472905558480175,-16.88771658334051,-14.559218432736621,-23.51836236889451,-22.048543048887502,-22.048543048887502,-24.763455632451123,-25.19301302149236,-24.671516103819098,-25.09732277623632,-25.36024887213347,-26.91952436862655,152.1549856897889,65.27626628737724,57.937541320479646,44.71816061748922,31.954266905174897,-20.96233979500476,-55.29561032068125,24.67877996149098,14.160413983082123,35.549337100856626,5.797655781420799,6.172395165715994,14.138992118208026,0.0,24.67877996149098,5.083519396937678,7.9742167918316,-2.715139884798547,1.3154197313246012,4.480419218703185,1722.262292779786
0.0,18.8714056036299,84.20885886241935,39.81880757566595,6.417248768514458,9.993883941087647,0.0,0.0,24.945792432160832,7.6870766347831845,3.1148805155039945,5.221100866152222,11.80790715049515,12.353987001116185,224.44094935152884,0.0,0.0,0.0,0.0,0.0,-9.31525325177714,-21.34034603477656,-17.326808336766216,-14.945669233911334,-24.126007307368905,-22.46882113192267,-22.46882113192267,-25.173836566099993,-25.631842459092137,-25.1964411749026,-25.778825366268176,-26.02667957164019,-27.426541622898135,157.4320306198604,67.00891873166846,60.74199516593134,45.43758555461137,32.38104429568779,-23.466863696488005,-56.545692302419425,24.588814054879755,14.108792529997077,36.42702195642239,5.381769067539904,6.4611159020338285,14.59025304576101,0.0,24.588814054879755,5.420188082747276,8.331626069968717,-2.2668885520359083,1.2400150358816067,4.0223609311474675,1777.7857622069416
0.0,20.96972001664852,93.65468542072335,47.89065949464503,7.22246068386203,11.399642021337216,0.0,0.0,27.953940410001216,9.212289981941906,3.517025758380277,5.795976843352616,13.002238252623934,15.053844106071145,255.67248298958725,0.0,0.0,0.0,0.0,0.0,-10.595614838931557,-24.141676181252055,-19.826612062427213,-17.08525594864932,-27.569776946594256,-25.71743997367535,-25.717439973675347,-28.81637827951127,-29.359249789478593,-28.823801831575103,-29.434622436852187,-29.733240432995817,-31.50789268245042,179.07072568753688,76.60175730205039,68.42481862060147,52.353659389154124,37.32252766113275,-25.229866800121883,-65.09988396527888,28.16960554345896,16.163411516207084,41.601940314042274,6.304800829466272,7.28996321589435,16.607534247344436,0.0,28.16960554345896,6.42451491085591,9.954561738808911,-2.7877750710859956,1.493986372541734,5.099282367262234,2025.169209808854
0.0,19.993745433933988,83.73555168539833,43.805829816342616,6.71415692257614,9.698288541159613,0.0,0.0,25.83764654316717,8.018003585464456,3.1926736280584596,5.483552033215422,12.543323952916973,13.722402320622939,232.74517446285614,0.0,0.0,0.0,0.0,0.0,-9.646684040520885,-21.829172167755463,-18.032560989303395,-15.548522610323227,-25.112782647078692,-23.420114515389155,-23.420114515389155,-26.254299497240222,-26.72139890474159,-26.2431062010375,-26.874825780083224,-27.155565477495557,-28.736398581219586,163.03336218558198,69.71181227727415,61.53704160849914,47.56055438284091,33.94202076030792,-22.198510076899197,-58.989275207318165,25.76297592810713,14.782513768810146,37.950400907687744,5.682873574453485,6.88809324500423,15.68114554707042,0.0,25.76297592810713,5.527803639069431,9.180039514680683,-2.490199946395025,1.4045412117888079,4.542362805942256,1843.5631224067347
0.0,21.338774662795846,90.31441890777354,46.36130983214687,7.209598023744424,10.854368677699474,0.0,0.0,28.649032440907312,8.133093619478052,3.119675151467727,5.870172994362236,13.055312204125224,13.406673865895613,248.31243038039634,0.0,0.0,0.0,0.0,0.0,-10.29760839675094,-23.371346647827025,-19.2195195240497,-16.566998475570223,-26.68159601977685,-24.927137655120653,-24.927137655120653,-27.929696332430886,-28.383270246839007,-27.852128514403475,-28.524321565065282,-28.79082556854104,-30.346204410989493,174.0342808306733,74.27814954972303,66.03898697315785,50.60067563123163,36.05584356348795,-24.275431934615696,-62.990288493932034,27.293506747661397,15.660715610739654,40.13410659553459,5.885030138896987,7.203493003746662,16.191214775191465,0.0,27.293506747661397,5.367738632048791,8.937451285444943,-2.7653549874292604,1.3333200093844253,4.469222580450669,1966.8705937340305
0.0,18.51315435746093,78.79568524933894,41.4659738901826,6.280555633708891,9.003269742461855,0.0,0.0,24.709113078475486,7.785198511960044,3.0225973631194583,5.1398638427607795,11.644324054787795,11.974255669038428,218.3339913932952,0.0,0.0,0.0,0.0,0.0,-9.049086931402634,-20.507165895506642,-16.92958939638885,-14.586881360251668,-23.49202051652115,-21.971408626042848,-21.971408626042848,-24.623716073700823,-25.070373068227948,-24.59032926741832,-25.124015126544133,-25.371836353847296,-26.772852638324824,152.93369835055998,65.40029304273524,57.877855049269996,44.69431978780747,31.8483691560216,-20.91783020006895,-55.63305713932987,24.109694097427308,13.833878739458404,35.33504942571813,5.521914283042547,6.379713889304487,14.43015151090924,0.0,24.109694097427308,5.285881592036955,7.948578166373273,-2.499316919923089,1.2398500465437072,4.025677502665155,1729.412847460713
0.0,19.00531973674693,74.98444844560065,38.867453713987196,6.520721710303712,9.289309092274008,0.0,0.0,23.294525683645766,7.366710310360277,2.9619285803807607,5.038915011942587,11.36625857105773,13.054152473114017,211.74974332941366,0.0,0.0,0.0,0.0,0.0,-8.775877088961987,-19.731173275528885,-16.3710691254059,-14.148189101320666,-22.97440751510648,-21.334003426463603,-21.334003426463603,-23.944812543044314,-24.388911660916424,-23.983432789945134,-24.589045153933743,-24.843481970280592,-26.324093395029916,148.3163273442959,63.43341598511776,55.33816329023033,43.076179880013115,30.896664437305496,-19.64628515537032,-52.78746198255127,23.73247083520326,13.61743215800355,35.02189672956834,5.07302802834917,6.3118628623871516,14.347696746558007,0.0,23.73247083520326,5.255610862391868,8.799766447169176,-2.1110994479684093,1.2729478504445648,4.254386025944841,1677.2593411748624
0.0,17.02953351489594,75.77332798866294,38.865612364361674,6.483445763960116,9.609997097901024,0.0,0.0,23.481316469560152,6.830860886477254,2.6568464142391015,4.9058049764580804,10.894597396475346,11.330417324368538,207.86176019736018,0.0,0.0,0.0,0.0,0.0,-8.610117881782502,-19.589742619630083,-16.115734293491013,-13.905838991161328,-22.43431344710323,-20.881940652699363,-20.881940652699363,-23.389258755111907,-23.788088931623825,-23.382633552195344,-23.969265658059438,-24.188045409425317,-25.46257950566596,145.51492110499413,62.34683909236607,55.461053381055656,42.56815115533411,30.45618305370845,-20.312274607607286,-52.479109530507806,22.7917289556635,13.077644758209379,33.840466851606614,4.767823555013182,6.000360466581487,13.462285732110924,0.0,22.7917289556635,4.719883745703173,7.668173498609557,-2.1109771407740805,1.0945554901234065,3.6622438257589813,1646.4628172970404
0.0,17.646165526984245,79.10692960474825,38.90341237270059,6.083803375170364,9.23444912851239,0.0,0.0,23.70826103647089,7.511648492510061,2.7983370243546193,5.19039534973437,11.598940544290768,11.842913896987453,213.62525635246396,0.0,0.0,0.0,0.0,0.0,-8.857751763214399,-20.234344502906893,-16.533138402463866,-14.257878760978299,-23.044984322339435,-21.45200321599123,-21.45200321599123,-24.03962906782819,-24.48370835281092,-24.05034612468448,-24.66818141096143,-24.89902835906659,-26.21743424053341,149.70004669958422,63.925209652879744,57.466246096340214,43.53100407922792,31.056630997031863,-21.64068350840803,-54.03133795976173,23.52173304096866,13.496513116912379,34.86669931497951,5.054609363222932,6.345323046878526,14.232317776365669,0.0,23.52173304096866,5.255376153641748,8.054608967768397,-2.256272338868313,1.1549276971441564,3.7883049292190556,1692.1151879303056
0.0,17.637873661819775,81.53352062436777,39.777176185249225,6.524451902525994,9.603598689941993,0.0,0.0,25.48852851545759,7.612950423445468,3.1521910984363566,5.388963618377151,11.262491057295124,13.263071493121823,221.24481727003828,0.0,0.0,0.0,0.0,0.0,-9.163563835601717,-20.93349879187567,-17.15708855547698,-14.804593817568167,-23.98532362450273,-22.38488818232519,-22.38488818232519,-25.135032773706083,-25.571101057676458,-25.100072620167072,-25.662402972831195,-25.895661600697448,-27.48574857204908,154.8684102687463,66.376407001292,59.45312398986687,45.335326224337926,32.44208639272169,-22.0803966345009,-55.86546516050377,24.999041826932917,14.34417673815869,36.428576330983894,5.604570113948368,6.5559569537096465,14.664450573383888,0.0,24.999041826932917,5.160571407933457,8.69411864170056,-2.452379015512011,1.1669933353324957,4.568952851421262,1752.4693565999269
0.0,18.841433203228977,81.7364831270987,38.44501972241214,6.501923195952173,9.122023610403227,0.0,0.0,25.309788187534654,7.275462309311427,2.7492243813298542,5.227247271442037,10.834027711724636,11.85817001215338,217.9008027325912,0.0,0.0,0.0,0.0,0.0,-9.050157659861693,-20.708423268184237,-16.80082710859237,-14.486226874237795,-23.242624340281324,-21.80112489796243,-21.80112489796243,-24.431589510666146,-24.82298747144654,-24.31524393844372,-24.849270296201365,-25.05981886984087,-26.510642804841694,152.95179415010466,64.94900858248653,58.889051918586325,43.95797101140356,31.263338016885804,-22.84743120851237,-54.96557193907795,23.911140920859143,13.719951098697862,34.74485146434221,5.392758160695807,6.280622164575433,13.949447528667747,0.0,23.911140920859143,4.631928529945475,7.6893753020768765,-2.643533779365952,1.0533748931333964,4.1687947100765035,1725.9815813055209
0.0,17.48435312994589,76.80419334078049,36.911041017323825,6.572463584107519,9.40068429544571,0.0,0.0,23.971545469803583,7.47328490124943,2.738322346936078,4.798464277580229,11.524733527969344,11.821153387190744,209.50023927833286,0.0,0.0,0.0,0.0,0.0,-8.681326780789997,-19.7633745599842,-16.201542521142986,-14.002865003126415,-22.72309325931437,-21.13483878840384,-21.13483878840384,-23.7300564737585,-24.16715951011863,-23.725308640007714,-24.288444095944055,-24.552431411817572,-25.8883625238973,146.71838399171872,62.781855286614125,55.97841985752484,42.65095134047748,30.604659663770526,-20.825773483255645,-52.212717122217356,23.590743435639126,13.536110526476165,34.60133424405983,5.038790249840805,6.119193294357853,14.042666404415456,0.0,23.590743435639126,5.172816998344704,7.982491493967007,-2.3004679029047264,1.3207290167776238,3.838661893223737,1659.4411298119498
0.0,18.68921959713836,79.16963236448164,38.636661710975005,6.402978178823624,8.69226955249253,0.0,0.0,25.235638973982706,7.826318454786903,3.0334711020935194,5.27682743925049,11.142146292482371,12.07110664594681,216.17627031245397,0.0,0.0,0.0,0.0,0.0,-8.967715711987365,-20.38401025757052,-16.70637923966335,-14.412350253564568,-23.245737640714193,-21.785917246030635,-21.785917246030635,-24.458067093393225,-24.893635416536032,-24.38048896141079,-24.880759135316527,-25.103569169019078,-26.57707354636871,151.55848761175199,64.61778270070198,57.66679065304406,43.88987935387921,31.31259800769037,-21.502841711437583,-54.4770597506241,24.290063152100643,13.937372529990068,35.05034277894462,5.705134845131189,6.391546439163186,14.261391942157715,0.0,24.290063152100643,5.154654711749233,7.837141996358765,-2.67166374303767,1.1147189999126956,4.233964649588044,1712.3216445077026
0.0,19.77185418045202,87.65833104786314,41.24443955073343,7.098210527840638,10.34514630019958,0.0,0.0,25.66940985398421,7.6747621026685495,2.9868295128199644,5.314796321332674,12.198250701067488,13.74655801462231,233.70858811358403,0.0,0.0,0.0,0.0,0.0,-9.700033550732808,-22.212569890332595,-18.03018060502445,-15.562302597882583,-25.084708827256126,-23.36537212278196,-23.36537212278196,-26.17201146320135,-26.617620160270054,-26.15640508186123,-26.802556959636046,-27.082495291498407,-28.661816426441725,163.93499325220228,69.77359486138174,63.204204372378484,47.24448193223481,33.71445276713696,-24.45412667548466,-58.605509549794995,25.512583768924575,14.638841486887157,37.78432755088304,5.388115910533428,6.71532829983159,15.335737040318442,0.0,25.512583768924575,5.273475704955087,9.208539696872442,-2.401286397713463,1.4005319784989165,4.538018317749868,1851.1942747268815
0.0,18.524033181962373,74.5903742208518,38.71314453971796,6.089419166905364,9.269110941866266,0.0,0.0,24.370378967191357,7.2826624002932165,2.9959081610746607,5.109933281742914,11.350779863056415,12.427135245019118,210.72287996968151,0.0,0.0,0.0,0.0,0.0,-8.729932775989589,-19.64551050250257,-16.31849134366101,-14.092343564244455,-22.930249587248955,-21.332946406964545,-21.332946406964545,-23.97085861772402,-24.397842398001956,-23.969603142943118,-24.54619872800917,-24.787465169268522,-26.218850649370125,147.5398474901063,63.18303247957521,55.13753460884476,43.03855811973355,30.839721579565595,-19.45283961200704,-52.86506244161847,23.978840203249497,13.758796206377452,35.06827245061701,5.2255080728715875,6.31698972190382,14.256663713975332,0.0,23.978840203249497,5.053062488496289,8.314194953939296,-2.229599911796927,1.2070564401609056,4.112940291079822,1669.1256068187288
0.0,18.32190641846244,82.37982150987504,42.8505828924059,6.676891942775343,10.256467880750506,0.0,0.0,24.5353330100671,7.953784949833272,2.98086309169049,5.11719774458315,11.84364587025089,13.053666478359332,225.9701617890535,0.0,0.0,0.0,0.0,0.0,-9.359550770378732,-21.30639078754943,-17.538069314304842,-15.11976626408061,-24.397098152454284,-22.710838421771147,-22.710838421771147,-25.432033570548732,-25.906125284434754,-25.456060690612432,-26.051083868036226,-26.3206185909351,-27.80683131631305,158.18067889773081,67.78948289132268,60.34671928661253,46.38451987253918,33.12753332011662,-22.03310222326251,-57.428236766189315,24.73588899897813,14.193182524081932,36.81188750247469,5.324095214470301,6.465680448699979,14.765643958553904,0.0,24.73588899897813,5.610552827053461,8.78318568593949,-2.3432321227798116,1.3484827041168295,4.270480792419843,1789.898578993165
0.0,19.974958489593085,86.01031541883654,41.56617172090069,6.821964746936456,10.334416353170866,0.0,0.0,26.04606034938244,8.205505567518392,3.306080134006984,5.5989334231341905,11.585133601217139,13.361604077635853,232.8111438823326,0.0,0.0,0.0,0.0,0.0,-9.659580963280636,-22.015690803062157,-17.980021840596443,-15.514621765922886,-25.057124752686,-23.371318976850873,-23.371318976850873,-26.207473328224957,-26.690040051098386,-26.210891324109628,-26.78144586956051,-27.009648616230155,-28.59134730338496,163.2513260652465,69.55981781708611,62.4140518249307,47.189433287861874,33.672882462860876,-23.59626359390584,-58.5466652736537,25.780877659977175,14.79278558673184,37.86407025935685,5.8007369101238195,6.740632175733976,14.988284820328188,0.0,25.780877659977175,5.710848791401557,8.816754105925018,-2.494656776116835,1.141698752599786,4.5448499717108355,1844.0856629459063
0.0,19.476297020239805,92.97224777971292,46.98672626332185,6.808888744871341,10.991907335033279,0.0,0.0,27.43256033516741,8.389480292965121,3.330261461882696,5.889712916686175,12.034681391079422,14.11617902265094,248.42894256361092,0.0,0.0,0.0,0.0,0.0,-10.298404467724927,-23.649076840018648,-19.28192983119,-16.589984581069928,-26.627757603747458,-24.90999315729238,-24.909993157292384,-27.870701107294877,-28.350449801555413,-27.829559619988814,-28.438088921358954,-28.675375693635377,-30.370486284828296,174.04773479339067,74.38120777022026,67.43785610089255,50.95012116302785,36.1834605092305,-25.53439167882037,-63.9265079582064,26.913080174552316,15.44243100453968,39.82927157637304,6.042242414486434,7.076859065757775,15.718262761095554,0.0,26.913080174552316,5.677499340361383,9.245451503563206,-2.7119809526037386,1.1871461490715998,4.870727519087733,1967.7934810281763
0.0,17.19632514067352,74.66850554978845,38.467932483138014,6.013698125584362,8.608303645908808,0.0,0.0,23.74417642678231,7.679764777081669,2.69300482616561,5.200182151338021,11.221180822459296,12.242023393098378,207.73509734201846,0.0,0.0,0.0,0.0,0.0,-8.60158252540361,-19.48811285322194,-16.122636300078486,-13.909761944085531,-22.561282777558493,-21.04703975027065,-21.04703975027065,-23.637579266125847,-24.075105363731048,-23.594557529589057,-24.182366146115342,-24.409605329540234,-25.83791240031199,145.37066968740257,62.3644276546159,54.990808343781005,42.65570425745734,30.527831945490686,-19.677697206007444,-52.549854096246875,23.548218487912017,13.511710176646696,34.32870737827538,5.194945962949029,6.337060195288885,14.188397574128665,0.0,23.548218487912017,5.177823640298249,8.137928597478144,-2.5019411367834197,1.1368780439508637,4.1040947956202345,1645.4595270263585
0.0,21.538440128285178,86.71807703790428,45.905089080213735,7.444893071419921,10.847918192038646,0.0,0.0,28.879089420085894,8.669563675382523,3.3172935816293103,5.75784842583179,13.121532131299576,14.884826096968903,247.08457084105976,0.0,0.0,0.0,0.0,0.0,-10.230384762360716,-22.97810989289321,-19.159716263199186,-16.546534679765763,-26.8819226294719,-25.068464598846543,-25.06846459884654,-28.176830151661026,-28.666346430658702,-28.11386252732779,-28.74747936554561,-29.054274209643587,-30.825391673422327,172.89817073450592,74.18640010655382,64.39220654913609,50.64276032689695,36.32476373018773,-22.32587048876819,-62.05608129739786,28.255299998313678,16.21258205699925,41.01018946792372,6.193765197867728,7.292743583416243,16.675762494601106,0.0,28.255299998313678,5.793092059144106,9.795700576082924,-2.876471616238417,1.5348951575844527,5.089125520885979,1957.1447784880631
0.0,20.789736956437455,86.26795645497889,42.34217325568446,6.701152951734745,9.863991368342152,0.0,0.0,27.947526517682935,8.548760052510014,3.0823291617354442,5.475923665541206,12.190584549339965,13.86208501705569,237.072219951043,0.0,0.0,0.0,0.0,0.0,-9.835302585259704,-22.304014007241296,-18.321559319385905,-15.802633423492853,-25.543427615640166,-23.94494690825757,-23.94494690825757,-26.903195132491366,-27.364485207179552,-26.771045392241405,-27.307399135242868,-27.59117035718774,-29.313292694246787,166.22110166063385,70.85111829040913,62.98283286347217,48.1298589730388,34.31867286768546,-23.285123591506718,-59.81776052940043,26.890721063846907,15.429601591401097,38.65087767695941,6.172035075923748,6.89563160002619,15.71921963266732,0.0,26.890721063846907,5.45905413832171,8.913741999243353,-3.089705914188304,1.4197079344849843,4.948343017812338,1877.837437693434
0.0,16.920486644756107,81.08083149825572,40.475706242314615,5.961571454151575,9.038496176419622,0.0,0.0,24.112506392108806,7.012231020802091,2.940878544468896,4.916847685694824,10.700697120565353,11.978134862018512,215.1383876415561,0.0,0.0,0.0,0.0,0.0,-8.922457825918114,-20.527430200799834,-16.685929114308497,-14.351459498369762,-22.962600523758553,-21.54009129877891,-21.54009129877891,-24.093679582604416,-24.483849610312777,-24.023873797223583,-24.51737645725414,-24.749438478865322,-26.203023702142765,150.79360868545064,64.34477895610546,58.61985338627923,44.03057672635199,31.222691928063295,-22.460978111976488,-55.43741666916965,23.21232873216533,13.318980309065266,34.1684827608475,5.335712787657261,6.077854397777994,13.716419398992628,0.0,23.21232873216533,4.617396777613726,7.80140587150807,-2.394834243188365,1.1610067120831697,4.176728990510442,1704.1006267277714
0.0,20.810891899248322,89.38697365598605,46.106251344143814,7.042410920812224,11.222013705627052,0.0,0.0,29.207525026299972,9.018984039333505,3.5213452329322394,5.941806522833234,12.760909334419779,14.87673353894044,249.89584522057663,0.0,0.0,0.0,0.0,0.0,-10.346393101269195,-23.40475693562541,-19.398268525993547,-16.736270462038632,-27.202183358335642,-25.38054167447028,-25.380541674470276,-28.527585807331437,-29.043174127309626,-28.482839266640646,-29.0780422808114,-29.356117308865237,-31.15353014331305,174.85876459809353,75.0370806224831,65.96132663714806,51.337768969625415,36.748777092071755,-23.425647018837992,-63.21534229292129,28.6068914904205,16.41432140914433,41.528104500821385,6.438692349446951,7.333016389022166,16.534382056725217,0.0,28.6068914904205,6.101636922818793,9.712050950446068,-2.917347116514712,1.391209866188932,5.164682588494372,1979.4127450957717
0.0,20.805993711311956,96.50933708624687,45.15243571872005,7.8465691108977635,11.426231725486023,0.0,0.0,29.688965109692635,8.578981618284304,3.4243653287117533,5.74208117349111,13.137393001524853,15.024188252993245,257.3365418373605,0.0,0.0,0.0,0.0,0.0,-10.670041494703687,-24.478388052203663,-19.901685980972854,-17.175858009189074,-27.72184268219027,-25.904577468330316,-25.90457746833032,-29.062468117355728,-29.541350371725812,-28.98209323735358,-29.59256293143386,-29.906543902603293,-31.717645967487446,180.32857013188587,77.00797170547469,69.74969216295383,52.35733034408556,37.41555391353455,-26.75964492329304,-64.73113207750603,28.705487219574703,16.470894560003728,41.84582443060549,6.336101333148863,7.312928537756886,16.770562834213713,0.0,28.705487219574703,5.667245613847194,9.820171056038607,-2.9117360044371106,1.5708473642657754,5.204017196954638,2038.3501384031827
0.0,17.25681670653596,77.40895966971279,40.60304294482722,5.829001725314439,8.968541516938599,0.0,0.0,22.797247416415548,7.458267310460975,2.7679178766776724,4.770854367402641,11.553986444671864,11.38461393971897,210.79924991867665,0.0,0.0,0.0,0.0,0.0,-8.738296682138266,-19.927457409293865,-16.354729072066082,-14.077849559321184,-22.62825934727219,-21.108252376735976,-21.108252376735976,-23.608898411293808,-24.050682434125388,-23.62235595802127,-24.179777265737826,-24.438474745385,-25.703927906399404,147.68120132057234,63.1180485981043,56.519476320430314,43.19664467971765,30.70826361388842,-20.88948334928247,-54.06980557456418,22.731079306952434,13.042844653219692,33.927504912114145,4.997971899190919,6.065118324012483,13.895873171972143,0.0,22.731079306952434,5.228213287947728,7.748463255808847,-2.2300540225132472,1.294263956609842,3.636150683910122,1669.7305294425917
0.0,17.523579566600958,80.4218214042361,40.89195678214458,6.365317503443757,9.168227122677763,0.0,0.0,26.066645759569656,7.726055308814296,3.025256391756957,5.035166717125626,11.260465599854777,12.241319850456682,219.72581200668114,0.0,0.0,0.0,0.0,0.0,-9.100467006447493,-20.754371833871932,-17.067854908247217,-14.703636978855595,-23.685362579201286,-22.234661231871097,-22.234661231871097,-24.952719589091174,-25.371251540483996,-24.838638652397186,-25.300405766775288,-25.555908672331977,-27.07912590502553,153.80204506417937,65.92376694250177,58.867024435138774,45.187091094599154,32.224349967840475,-21.554796969097325,-56.14385963884161,24.707375304245794,14.176821677953106,35.63893976805686,5.7982708556857725,6.31344821380714,14.358993575886183,0.0,24.707375304245794,4.9530408448854795,7.8645103777437635,-2.773014463928816,1.2782814966815144,4.376809472712918,1740.4373903401329
0.0,20.26191786739129,90.73203967910673,46.24693648750135,7.643585985109796,10.424929991490163,0.0,0.0,28.534299868939065,8.430665590878478,3.281233476362143,5.582509923720845,12.714093161281717,14.686939295498359,248.5391513272799,0.0,0.0,0.0,0.0,0.0,-10.29613460599367,-23.44193523170772,-19.280938465871355,-16.623121737068995,-26.7435481130356,-25.06073710361582,-25.060737103615825,-28.101267173136996,-28.561746695657618,-27.98914688449967,-28.565446421622738,-28.8731749256946,-30.673574508659186,174.00937309436657,74.52977823291336,66.40299351272442,50.95737216355311,36.387089550697766,-24.329046166382312,-63.11604675379623,27.63866984384309,15.858766419622501,40.15723504470519,6.26243726226285,7.122076183836203,16.347791607115976,0.0,27.63866984384309,5.449461804977771,9.513674589548742,-2.981203785900707,1.5395662601153584,5.173264705949617,1968.666439244969
0.0,19.99831781930056,91.3999227029975,46.74443711036112,7.183396721030226,10.85794496555548,0.0,0.0,27.71427317915616,8.618838480873414,3.4806004319170722,5.529814903042157,12.830283190726574,13.894904346877281,248.25273385183755,0.0,0.0,0.0,0.0,0.0,-10.287070176362203,-23.489008553950782,-19.26228221240118,-16.593407349393356,-26.700124799508906,-24.95257298434472,-24.95257298434472,-27.94601640353709,-28.446491828237157,-27.928661045738178,-28.494583825870667,-28.791405021108492,-30.42993294151756,173.85618009738386,74.3965537544537,66.68656047678219,50.90297207372376,36.26832972757736,-24.71336222621531,-63.37864789854719,27.21064829735818,15.613172338336357,40.10283886245359,6.176652821665479,7.014811877415891,16.053429197816737,0.0,27.21064829735818,5.922786091125007,9.186761365413382,-2.6960523897484068,1.4849969743737343,4.708142981463899,1966.3977404564464
0.0,17.12784794481375,77.07507484596304,41.53299069022605,6.401467667151218,9.317979475312336,0.0,0.0,24.343823243294853,7.834151473809585,3.092689335932358,5.067695426238509,11.154233084571697,12.986233293653601,215.934186480967,0.0,0.0,0.0,0.0,0.0,-8.931060181098708,-20.2331115688713,-16.815015914343174,-14.496528084838321,-23.4541647491951,-21.898010485536155,-21.898010485536155,-24.571978698891837,-25.02698173504355,-24.556506239618752,-25.07265753214687,-25.32435397919437,-26.876961286870177,150.93899241336334,64.99519406760366,57.089717572220856,44.713905020669614,32.00752187565915,-19.98535727374219,-55.057891937897246,24.306592249392608,13.94685674520598,35.543356338214345,5.542189494337082,6.32693320414281,14.35625416442212,0.0,24.306592249392608,5.384651315404861,8.524974435898878,-2.4495001584047236,1.2592377779043007,4.461258857754723,1710.404110340602
0.0,18.381455497162886,76.7696117321838,41.40532165212293,6.4225220933575935,9.775061180543414,0.0,0.0,25.471285881831992,7.846877749162314,2.892682060609536,4.935697733341175,10.693796583041564,12.470707426652188,217.06501959000943,0.0,0.0,0.0,0.0,0.0,-8.98708514389727,-20.256052405874872,-16.86161811024874,-14.537564249314347,-23.481226631878904,-21.990422262699997,-21.990422262699997,-24.68848913727518,-25.121409817610715,-24.598296399714272,-25.054841600396028,-25.29785596486364,-26.852500837791336,151.8858398495398,65.17917974046964,56.92260070706465,44.66046373838176,31.921319906930496,-19.84701102511915,-55.1900703142815,24.525651073313192,14.072550302108018,35.48790723976097,5.616238148996276,6.151499036461134,13.945108873760146,0.0,24.525651073313192,5.123321660775574,8.003593832813644,-2.72355608838674,1.2158013031199593,4.467113593838544,1719.3613839865047
0.0,19.087003265515737,79.40104150877602,43.50091462053136,6.459011560120264,9.483458667950865,0.0,0.0,24.94528683138518,7.661524439077812,2.943727305658303,5.465236674182618,12.164894869729743,12.967876327532652,224.0799760704606,0.0,0.0,0.0,0.0,0.0,-9.27988669639713,-20.921945600624785,-17.39977874505693,-14.998471197816944,-24.235033296934393,-22.579566154654973,-22.579566154654977,-25.304453362621118,-25.750796751694025,-25.293794199298496,-25.954208717569234,-26.205114123203078,-27.671476831629363,156.8343196957433,67.24565637471729,58.80718747399935,46.052019332235716,32.888109623992484,-20.59385403477667,-57.02463897506502,24.769450122408383,14.212439529584282,36.65011546352451,5.323081459849647,6.720516870469648,15.12305846525435,0.0,24.769450122408383,5.282170284886468,8.754432535721016,-2.3793541541913443,1.2552801962870301,4.2134437918116365,1774.9265105352908
0.0,19.97480955623329,81.0809685117238,45.10037069713525,7.060459217283639,9.71435296336721,0.0,0.0,25.391902372125685,8.295486992469664,3.1285450795667833,5.643707887304364,12.440656167388536,13.519751438992024,231.35101088359022,0.0,0.0,0.0,0.0,0.0,-9.578166154261647,-21.517089749820588,-17.964071959584082,-15.495845015109596,-25.030894920686155,-23.318993120194904,-23.318993120194904,-26.136011467932068,-26.626593373762994,-26.148380567627573,-26.803078879264678,-27.0597302718614,-28.597091507958392,161.87537864224518,69.47563224134504,60.30673130049473,47.56071804289039,34.0331197426268,-20.774237211229064,-58.613795879232605,25.606929803992067,14.692976209766599,37.83449688745559,5.6183290444515475,6.927735266715622,15.57407961292121,0.0,25.606929803992067,5.805703027584899,9.102300614048088,-2.489783964884765,1.284027379411258,4.417450824943936,1832.5200210093847
0.0,18.998057630344224,85.23486532853408,44.809305632689615,6.646849417375595,9.821824865152369,0.0,0.0,26.555543864733764,8.482025144861371,3.3351381742699493,5.516415333964122,11.842938342755703,14.407240114945008,235.65020384962583,0.0,0.0,0.0,0.0,0.0,-9.757296221526497,-22.17195751947235,-18.31949748999634,-15.779510206703868,-25.461361194552943,-23.8397472696832,-23.839747269683205,-26.743738653880552,-27.223081843942147,-26.683494854429334,-27.219530929588352,-27.490675387691606,-29.262568145006863,164.90275851827778,70.74744533134805,62.70981107211118,48.56057888197506,34.63431093384732,-22.525054256422905,-60.317912213072226,26.397521899803266,15.146609306131495,38.416994634747525,6.144462845029636,6.872951546207778,15.577755378357741,0.0,26.397521899803266,5.672700474101685,9.315886867099316,-2.809324670759686,1.3565362122436557,5.091353247845692,1866.5737178328975
0.0,18.107150622060626,82.23362469801796,43.05009045756158,6.429200691255399,9.528195408785656,0.0,0.0,24.883931487966755,7.932012746495102,3.2070821722787786,5.114681547290568,12.431719993959781,13.686103725167403,226.6037935508396,0.0,0.0,0.0,0.0,0.0,-9.381417293937238,-21.342948773310752,-17.612323570835713,-15.178666117639407,-24.546756670999997,-22.875800099399733,-22.875800099399733,-25.644712938474555,-26.114088321374652,-25.657485210594658,-26.24762007257753,-26.55428613640316,-28.12492084048585,158.55023312383366,68.05356042700595,60.42092983468967,46.681637232863395,33.34051543421995,-21.81269486332829,-57.792862816345426,25.169646750975605,14.442067977343383,37.172012353625064,5.584356659601091,6.64893241694044,15.410527868297876,0.0,25.169646750975605,5.554738259172789,9.173044981179437,-2.377274487322312,1.5342508696498722,4.5130587439879655,1794.9175451303165
0.0,18.747988319303968,85.33695267957198,43.908893126987614,7.1524339939516715,9.638152444869386,0.0,0.0,25.37205289861118,7.961801736132135,3.2266168705452194,5.422850733941912,12.099499918833615,14.036140975274963,232.90338369802367,0.0,0.0,0.0,0.0,0.0,-9.647538053111173,-21.99863124590265,-18.073793537208232,-15.580590416655562,-25.061022113113058,-23.40737926049912,-23.40737926049912,-26.21317385412589,-26.6756780168534,-26.197734929407197,-26.800444657102453,-27.075642480394006,-28.726049200706935,163.0477953880543,69.85558830996935,62.38871138451017,47.78956150236535,34.12153418187479,-22.948241295061813,-59.20691333537568,25.504904950702418,14.634435464989142,37.61777516251685,5.714996562564815,6.799665939523065,15.464960215559588,0.0,25.504904950702418,5.473422044112539,9.29386547296784,-2.4883796920195964,1.3768152055811527,4.742275502307123,1844.8162900062443
0.0,20.854443509219553,88.17295285365677,44.87333755800992,7.36484279858182,11.124768314645882,0.0,0.0,26.798237883499205,8.285489922329496,3.323975731015466,5.499121695936735,12.484525754290598,14.173391317477794,242.95508733866325,0.0,0.0,0.0,0.0,0.0,-10.072044758371376,-22.843643841074385,-18.797047956139433,-16.222353805464977,-26.201585220292362,-24.390167004404248,-24.390167004404244,-27.332492111996118,-27.82470410125485,-27.35211664094906,-27.971726419381035,-28.25568156697047,-29.892800563362368,170.22215241459145,72.73293492407181,64.51280033693483,49.48391105812192,35.370997510315156,-23.660152516721936,-61.14210759141429,26.74597861641552,15.346549958388803,39.59698204439085,5.7844716976203285,6.919749810752803,15.767992221371832,0.0,26.74597861641552,5.824993955724634,9.469296735580489,-2.4604959666048627,1.4206281148160684,4.704094581897305,1924.4353420102718
0.0,17.00827054165571,76.18328186192156,38.940344824984464,6.459329755115741,9.20495747251562,0.0,0.0,24.65683569804852,6.9960377942045495,2.6964730684955054,5.031998605329596,10.979886921333543,12.460929629165188,210.61834617277003,0.0,0.0,0.0,0.0,0.0,-8.718299657584572,-19.80537808984177,-16.35408661686432,-14.112879127473443,-22.837259670831816,-21.324914585672268,-21.324914585672268,-23.939876257671894,-24.32534013939668,-23.857777405978364,-24.429823973975704,-24.668395994358484,-26.154496780664946,147.34324248072625,63.27510369204377,56.003831046407015,43.30641424273903,31.0247266499245,-20.179450815514542,-53.222690320372266,23.77021790745958,13.639091015152601,34.61781026648033,5.130808120394894,6.225574852992027,14.056469820577794,0.0,23.77021790745958,4.56170274230516,8.190770482258506,-2.4343350518993896,1.1935762476624312,4.270159146906682,1668.2975997355488
0.0,18.72728536692386,84.69763208818551,40.813856097856586,6.1696645303442175,9.893125147924513,0.0,0.0,26.437843904829876,7.831502462387144,3.010316417373245,5.16380863926148,11.298533068822652,12.453239173093218,226.4968068970023,0.0,0.0,0.0,0.0,0.0,-9.397996201260803,-21.528650885180696,-17.52271521055782,-15.092309991662649,-24.298503240990303,-22.77915463437506,-22.77915463437506,-25.54436552292773,-25.973516149604908,-25.444786464149903,-25.936199190731024,-26.183689137562038,-27.718817059333073,158.8304242227616,67.66638267424071,61.27521687083839,46.079395470150956,32.74852651484843,-23.422415217347123,-57.71563094027953,25.135995714504794,14.422759380721912,36.52961371846542,5.763113238610337,6.402001289006382,14.471374042924186,0.0,25.135995714504794,5.0787056411500515,8.04220554924678,-2.7527968212370926,1.238192649744902,4.411033623846437,1794.070109087617
0.0,21.001199866493867,90.48113699260816,43.618022324761554,7.159721627453573,10.884539953226428,0.0,0.0,28.608613898822785,8.629168030230776,3.267615432428024,5.991488248607627,12.270509424583986,14.784101274335551,246.6961170735523,0.0,0.0,0.0,0.0,0.0,-10.229861835693747,-23.276034592498117,-19.07187932661228,-16.461865111910466,-26.67044586861448,-24.909024087541493,-24.909024087541493,-27.97972174988762,-28.46212166193225,-27.90122092175533,-28.526024921881127,-28.77832366432566,-30.578484908718305,172.88933303521628,73.80678403833602,65.8997462080333,50.14755836500983,35.840828595679305,-24.58139078457485,-61.980864751883466,27.912895758077724,16.0161142494792,40.50702625467825,6.1879087639057415,7.253739311468067,16.180838226078013,0.0,27.912895758077724,5.708874698753058,9.61152140998109,-2.920293331477718,1.2622510628604395,5.172579864354461,1954.0678552298712
0.0,20.192639112858643,95.8996748708482,45.57905513827889,7.6152861101440505,11.313600536343245,0.0,0.0,28.274137486972474,9.00059131557149,3.2920347367793292,5.915306009706061,13.686820247727436,14.390526864935927,255.15967243016573,0.0,0.0,0.0,0.0,0.0,-10.57649935497121,-24.299556550289296,-19.7534419264126,-17.042934073440037,-27.531619976354055,-25.63384349420091,-25.63384349420091,-28.727296901203545,-29.256556186846897,-28.730828364267662,-29.428385041242162,-29.728092239682002,-31.354576605816867,178.74766528597618,76.41200714418954,69.31887253279817,52.04708808666849,37.18906555365094,-26.580802338050034,-64.36732018457755,28.11974735935496,16.134803435562134,41.61846640311885,6.029202553612944,7.414741663297388,16.860921649865276,0.0,28.11974735935496,6.263423498737875,9.716989809206755,-2.7371678168336153,1.499435653591327,4.673537055729172,2021.1072624953936
0.0,19.588868471664444,86.37486643253463,45.39207152789895,6.520108712156878,10.188994369940916,0.0,0.0,25.37555210701007,8.175504812983293,3.099400071269304,5.293760968437254,12.652725686644988,13.476982051861459,236.1388352124022,0.0,0.0,0.0,0.0,0.0,-9.789468075827623,-22.28826395047992,-18.313514972678178,-15.767223456059922,-25.364964984654616,-23.652459114413038,-23.652459114413038,-26.461072566174,-26.943888617014853,-26.471068861845538,-27.097020311842968,-27.392264140350147,-28.918911967295173,165.4464775363803,70.69235767602189,63.13479756858246,48.344186120976374,34.378625375157,-23.240068863952175,-60.46762091233093,25.53052860431743,14.64913803713873,38.08325342669112,5.56110546601766,6.770866374216602,15.562287216515944,0.0,25.53052860431743,5.713799418234937,9.090315116211155,-2.461705394748356,1.4771054057793487,4.386666935650304,1870.4441429145122
0.0,20.33342834104013,87.20281235974649,40.9610268252226,6.833958324648349,9.813118842444583,0.0,0.0,26.108346715460254,8.172957364438618,3.0896567063350484,5.352195905163949,12.370490499105067,12.893203174995627,233.1311950586007,0.0,0.0,0.0,0.0,0.0,-9.682459500368852,-22.12830669251519,-17.96621076182373,-15.499765843178588,-24.96151488098428,-23.31534111081094,-23.31534111081094,-26.129313134969717,-26.598866984171327,-26.096391297694293,-26.68113055735741,-26.95497455063995,-28.452182511368257,163.6379837817957,69.493211276805,62.867339456212264,46.981347898451,33.45586808609234,-24.335472903534225,-58.57147752660039,25.579238470673346,14.677087225621172,37.54364351164863,5.705763784364066,6.722237896771567,15.302522988068414,0.0,25.579238470673346,5.556850286409601,8.591128694424661,-2.6161070780290174,1.3700419916076179,4.302074480570965,1846.6207726306181
0.0,17.547898819768402,79.45777985510544,39.52654073295773,6.184287573271212,9.273707057332631,0.0,0.0,22.919284295091465,7.548961951538449,3.0119693406275565,5.196119526163032,10.662819827626349,11.935302853773164,213.26467183325542,0.0,0.0,0.0,0.0,0.0,-8.845826745416769,-20.24626221312404,-16.505648374755257,-14.2224050793794,-22.862191978105006,-21.32455941244501,-21.32455941244501,-23.85960342189532,-24.313335190640817,-23.894746433377428,-24.44263645966615,-24.63893403246319,-26.01645874598808,149.49850845727175,63.76616337598367,57.58668216248552,43.4427270266475,30.921200448370314,-21.87109769261992,-54.220928410730416,23.043759744117025,13.22225726768324,34.28214784035237,5.191324561450095,6.178196636414306,13.638919585155339,0.0,23.043759744117025,5.36960673071591,7.977125985992899,-2.179355220822539,0.9820771102512742,3.9581768677802653,1689.2590156222964
0.0,18.399636785436055,86.72698620337684,43.56363742204313,6.934567850990512,9.514474036384241,0.0,0.0,27.21595431218284,7.592778620913042,2.946277390740146,5.348377418450537,11.533877573619685,13.340281724713526,233.11684933885056,0.0,0.0,0.0,0.0,0.0,-9.661454450735308,-22.14311445297962,-18.093338428861692,-15.575744241620841,-24.932436725887616,-23.4569403691793,-23.456940369179303,-26.278525341703876,-26.671012995889033,-26.104799411369598,-26.634277812394075,-26.894996670528762,-28.577960410436873,163.28298885812586,69.83386048072471,63.04823964360411,47.82148354200536,34.013628887080365,-23.678746559772726,-59.786136006669466,25.648440801059714,14.716794765799174,37.126785510145126,5.894231701769647,6.6527543352740715,15.065325436717167,0.0,25.648440801059714,4.64482430988354,8.504456944792508,-2.947954311029502,1.3043769168235348,4.835824779921017,1846.5071408874176
0.0,19.436069951239617,88.64394185392058,40.942972447505426,6.637649374040615,9.627137041271828,0.0,0.0,25.553450636701655,8.254479878688462,3.155855665210322,5.7972586746182735,11.72846746185364,13.07812095128429,232.8554039363347,0.0,0.0,0.0,0.0,0.0,-9.670738891078233,-22.252891945212863,-17.962076830525014,-15.482433967509376,-24.886952953128016,-23.260964675426823,-23.260964675426823,-26.048506047928967,-26.527174208470598,-26.029757484149965,-26.640800635825105,-26.852433043141698,-28.39001024830048,163.43990013652584,69.41550379980889,63.555857221471015,47.0243757908733,33.423597172941925,-25.088084632449565,-58.884893446108734,25.33898166077759,14.53923049624933,37.316558152601544,5.745623584826253,6.856055989590271,15.087741536913196,0.0,25.33898166077759,5.66471195907253,8.66004956125274,-2.589767919615932,1.0587973149719971,4.418071390031551,1844.4362446649143
0.0,18.26896147747481,77.83533020237735,42.32616837874375,6.528310183555083,9.63091555467458,0.0,0.0,24.868381088434706,8.086001577280179,3.0870596043404164,5.415824037476311,11.891025944796544,12.05109422404366,219.98907227319737,0.0,0.0,0.0,0.0,0.0,-9.103471741009617,-20.535980322297096,-17.10056261304739,-14.751028268544971,-23.89743717145803,-22.247930656846478,-22.247930656846478,-24.955763281647247,-25.438638667919125,-24.983144669719326,-25.575865723099305,-25.80480970547036,-27.160719280291733,153.85282644937666,66.1362458238207,57.748692131572795,45.35555167898011,32.47962116134895,-20.086638070804554,-55.79516372601329,24.61442255068423,14.123486404760792,36.29239307560138,5.458559568935624,6.5612311936252645,14.641686758365914,0.0,24.61442255068423,5.714501612684971,8.155026254325339,-2.371499964595208,1.1454071561489538,3.8960679697183203,1742.522662011455
0.0,17.45028960576372,78.58160784743815,38.94310867109231,6.468572653472262,9.761487624529384,0.0,0.0,26.48236257014794,7.283146277063295,2.817733204060356,5.306892991198334,11.242582477363362,12.355061342226758,216.6928452643558,0.0,0.0,0.0,0.0,0.0,-8.969439239802492,-20.39100367731622,-16.81849525114305,-14.52107033104149,-23.595528655644856,-22.032894303418548,-22.032894303418548,-24.77598936721363,-25.171854303729,-24.672788426181103,-25.243204911427345,-25.46989338156394,-26.959365783218274,151.5876160182946,65.1052292460612,57.69341030213516,44.51597102620553,31.927945084190227,-20.888197545302987,-54.55770411069964,24.93496103804274,14.307407882467148,36.006897566079545,5.416087333012787,6.4410158155759625,14.388306792961409,0.0,24.93496103804274,4.684792148110865,8.075214202251079,-2.5983541289524306,1.134122824377629,4.279847139975679,1716.4134093895443
0.0,18.497870713500493,82.57576458025204,41.56074617701154,6.662917626965285,9.998555770234843,0.0,0.0,24.841268145903072,7.743638201167684,3.148731180509396,5.496876674155636,12.043989512406165,12.648008787259018,225.21836736936518,0.0,0.0,0.0,0.0,0.0,-9.332206824026239,-21.264086551679675,-17.44932846010656,-15.055158434794457,-24.35343114127375,-22.634988920054273,-22.634988920054273,-25.36296571423392,-25.83290391264157,-25.413761190422075,-26.059550285770456,-26.293929821056384,-27.694566537176772,157.71855372699406,67.49981364237112,60.2711508190808,46.036306919693295,32.91322527471945,-22.30461376117124,-56.85514189769898,24.79753471665892,14.228554162550541,36.89497939242636,5.330970583953412,6.669477911327581,14.895975126910523,0.0,24.79753471665892,5.561398797723668,8.623421935582716,-2.182239403444016,1.1726012371719454,4.024586851676302,1783.9436522327405
0.0,17.600505563977094,75.58992895232598,38.670780205669935,6.104269101416132,9.078270613025108,0.0,0.0,24.454816035728207,6.908425691114743,2.6623696378880397,5.194895469883922,11.471131121974956,11.324862621339065,209.06025501434323,0.0,0.0,0.0,0.0,0.0,-8.662039375211679,-19.642655116841887,-16.20086967466199,-13.977434359568408,-22.629847638808965,-21.085754774574905,-21.085754774574905,-23.655505204191485,-24.04735312963389,-23.611129097552418,-24.238809820696282,-24.45763468145488,-25.729442300122358,146.39241803636435,62.66783697797887,55.46605920912364,42.75652393063924,30.569329332624385,-20.123869743202334,-52.800648660498275,23.35924397433489,13.403278667930332,34.332248548688824,4.933541773471299,6.2896766423803605,14.030759519812054,0.0,23.35924397433489,4.637253555531483,7.670453051005525,-2.2711721355832593,1.0947811724964387,3.6544095703335397,1655.956036016117
0.0,18.076975094741506,81.28992041059331,42.89732404451321,6.912025280491028,9.83182030277204,0.0,0.0,24.945670929960684,8.148583774798576,3.1550955779952683,5.3084579496820705,11.433092282838068,12.57194653005651,224.57091217844226,0.0,0.0,0.0,0.0,0.0,-9.297085617529467,-21.129570670465473,-17.448861581548833,-15.043138636363379,-24.229390703013756,-22.623638125291244,-22.62363812529124,-25.345889309190927,-25.825179682673504,-25.349516724087,-25.886174498039,-26.119666441760454,-27.59719017486921,157.1249893109594,67.44592286748286,59.769081441309325,46.23284916072689,33.0460836141817,-21.520838969283986,-57.1294928802055,24.745488445593008,14.198690581542118,36.450488320968084,5.631603926964469,6.47661856465832,14.51044552657325,0.0,24.745488445593008,5.672075425829376,8.326432671345078,-2.4765083489692,1.1681606149762498,4.245513858711432,1778.8151913907443
0.0,18.963015597089893,78.87629031864236,39.42557834464023,6.379444840433042,9.790630084981471,0.0,0.0,26.02019430484926,7.9826435361242805,2.912134402245501,4.965422214998764,11.200324723820714,12.301154084234495,218.81683245206,0.0,0.0,0.0,0.0,0.0,-9.070552825410509,-20.526107253594734,-16.932563875493283,-14.613659019596055,-23.674289183570362,-22.144053745557134,-22.144053745557134,-24.885618400328188,-25.327937336958552,-24.80010978775142,-25.273505598487418,-25.53058260958422,-27.039394410985114,153.29648175444498,65.52035069761502,57.8651029357186,44.58944561072354,31.878917610912957,-21.011187382923758,-55.067795200599114,24.921049493419325,14.299425590339292,35.95202826749586,5.660234309608091,6.251578964532483,14.249584908373821,0.0,24.921049493419325,5.23454362876169,7.965737150147673,-2.7480999073625902,1.2861567495337187,4.3354169340868225,1733.237407827977
0.0,19.014107182572378,81.30984970702319,43.1189254301296,6.222199256476794,9.854726147740271,0.0,0.0,26.671152580781495,7.995625602466791,3.178981668101234,5.177467295547799,11.688575563494954,12.171920807781692,226.40353124211617,0.0,0.0,0.0,0.0,0.0,-9.380155810335252,-21.23913923282877,-17.577914075326486,-15.138754746704087,-24.424970263921598,-22.87854264686139,-22.878542646861394,-25.66699974878638,-26.11419729133499,-25.594965434500086,-26.077319941280127,-26.333529649597523,-27.81054028786637,158.52891347532957,67.87461776678661,59.90293187095768,46.49363807277243,33.11823634902712,-21.40691783606551,-57.923517659045345,25.347305716980216,14.544006748642337,36.84713720029168,5.882328660525351,6.459284927714034,14.650797464312017,0.0,25.347305716980216,5.292278610042674,7.927881274798393,-2.703346992424117,1.2818176321662351,4.244039532983299,1793.3312771957712
0.0,17.315842418475345,73.85592236052487,38.238736318924936,6.0165913442068435,8.700209603094407,0.0,0.0,25.003038903527983,7.102504935502217,3.028113859973336,5.265715323969316,11.331124303510476,12.533520036024271,208.39131940773402,0.0,0.0,0.0,0.0,0.0,-8.622860294666946,-19.457783911961876,-16.1866994555115,-13.975919635263853,-22.779048910592426,-21.240527249219138,-21.240527249219138,-23.899151941193974,-24.300628715608656,-23.849014427697956,-24.424345259246707,-24.657404754499193,-26.137818091256747,145.73027369726123,62.6610457104728,54.73012889475644,42.89836184689516,30.78594053713427,-19.12579346576843,-52.500114468003986,24.16711837082842,13.86682815937731,34.93028043539628,5.379414364532588,6.4317123984765185,14.418944069292765,0.0,24.16711837082842,4.751204430942964,8.279703195734784,-2.3513005045592523,1.1659970745072021,4.2538168402894865,1650.6574298540102
0.0,22.277059696877657,95.6967170948238,48.64204856286323,7.5546273148833025,10.780942468950444,0.0,0.0,29.039110009224878,8.442706980441304,3.571053567064389,5.747313261743111,12.833034345733765,14.660391192215927,259.2450044948217,0.0,0.0,0.0,0.0,0.0,-10.760513123406653,-24.524262867762193,-20.048015169458324,-17.260490726563916,-27.59797576625231,-25.902039428635916,-25.902039428635916,-28.981616746693135,-29.448570766978694,-28.88837481447903,-29.450180229887092,-29.74864789541493,-31.547752267512475,181.85758194028483,77.38742255453693,69.52442160102815,52.67412684920412,37.38197379317496,-26.172295493795644,-66.19625843966773,27.993612563014494,16.062428669198486,41.01851059316084,6.487677467203216,7.2405475299432425,16.50934312706394,0.0,27.993612563014494,5.526083080302477,9.490848142685618,-2.916623900138827,1.4932342682001316,5.16954304953031,2053.4669775982625
0.0,20.19518358230634,84.01998328353575,41.5292515992581,7.177694970435808,10.833079300981494,0.0,0.0,28.293308897096253,8.187329322203803,3.2242416469730477,5.590231951447307,12.331991852694392,14.098939757838986,235.48123616477125,0.0,0.0,0.0,0.0,0.0,-9.751186694309258,-22.010325082910075,-18.231287168175367,-15.76485338134054,-25.72417417871635,-23.950455272318948,-23.950455272318944,-26.95908994684475,-27.422471696328483,-26.903206295700844,-27.50621222122291,-27.781251982391442,-29.46389789645322,164.7995047204539,70.68173144431734,61.924222804469466,48.09494370386859,34.58515462980954,-22.095760479066286,-58.57121317584485,27.348738064955914,15.692406736433133,39.51797792784623,5.92776328297884,6.966256371942308,15.790878971943588,0.0,27.348738064955914,5.48380768619801,9.26402821809479,-2.703521636005793,1.3760244204950007,4.834911539744196,1865.2353330805809
0.0,19.909580219881803,85.87613763202505,42.522650346125644,7.17546384813074,10.178745980132815,0.0,0.0,28.141270993526057,8.64932357749198,3.27662353711965,5.948878138530648,13.222638978777729,14.40170761134139,239.30302086308347,0.0,0.0,0.0,0.0,0.0,-9.90590843565685,-22.423815649462682,-18.550874903133177,-16.034044074993815,-26.16238819829737,-24.348359487513157,-24.348359487513157,-27.39819345426737,-27.89536936819119,-27.36418346661909,-28.0445683555967,-28.32616907652035,-29.995335848179078,167.41437275066502,71.88864811241847,63.23133411024814,49.02998223387209,35.24347618666302,-22.644803521776907,-59.76800826737975,27.723243039307473,15.907293594041843,40.18865218357096,6.042208488294222,7.357727052497271,16.60997066264665,0.0,27.723243039307473,5.883738626317409,9.605527013505842,-2.7655849511745716,1.4088489139666232,4.796180597835548,1895.5075024084617
0.0,20.359077644848725,94.77732729702474,44.70484792026362,7.053559543395882,10.662956181921409,0.0,0.0,28.516989299211748,8.671765111990966,3.4069485649900386,5.840973336245049,12.299048092317445,14.439074111422059,250.73256710363165,0.0,0.0,0.0,0.0,0.0,-10.404298831505228,-23.921880701052817,-19.39020719087724,-16.704618547613233,-26.86096833341314,-25.175392850568457,-25.175392850568457,-28.21875682542801,-28.700420080306397,-28.12966328382016,-28.693386142584636,-28.95767250900864,-30.738923270986557,175.83739786218064,74.895169241451,68.28096110293261,50.96363633945107,36.23372277494828,-26.496366194092133,-63.77555552752335,27.66443027778889,15.873547474829673,40.29977694548014,6.378556814514889,7.163198503465434,16.09506544557841,0.0,27.66443027778889,5.700156862466116,9.320831590940708,-2.9716082495248504,1.3222251672203855,5.118242520481351,1986.040378132078
0.0,19.342584604906303,87.17437531673407,41.70017363259944,6.625802351582466,9.697297551811172,0.0,0.0,27.50814955702118,7.9917377452394565,3.180101096843423,5.6227974357431485,11.796423082856286,12.910887970791764,233.5503303461287,0.0,0.0,0.0,0.0,0.0,-9.689181501691541,-22.18134731353529,-18.064130495525404,-15.567911343113382,-25.069953363209816,-23.512592224027504,-23.5125922240275,-26.37881867177289,-26.81390765687138,-26.26789957474521,-26.81082793090761,-27.047194962381695,-28.635610017072782,163.7515886714812,69.79874167464752,63.101307328604,47.49857641693434,33.80912032103659,-24.07306798813007,-59.278536034481625,26.05423550354866,14.949635327137766,37.70352360962,6.022856769911417,6.805342119924131,15.17802716797328,0.0,26.05423550354866,5.148982072171462,8.346739201493786,-2.8427556730679946,1.1825446841809821,4.564148769297978,1849.9407227054985
0.0,17.992333419964293,81.5325143272402,38.295431572607825,6.366422929873224,8.844017518242016,0.0,0.0,23.58070316996461,7.057315926013889,2.777852447357461,4.702849272090835,11.310656666830651,12.167276277558457,214.62737352774343,0.0,0.0,0.0,0.0,0.0,-8.913924303006846,-20.49607587023324,-16.557608145293553,-14.26964983538914,-22.8584760590362,-21.389104642857866,-21.389104642857866,-23.93076937935868,-24.328756673298933,-23.877890187378846,-24.41257176882881,-24.686876292965128,-26.1127685105334,150.64938825429857,63.97798527344485,58.504579316191304,43.3512014648747,30.8012740532683,-23.02793501104889,-54.33289740927128,23.10394270067097,13.256789589818272,34.079938987568674,5.125259569344677,6.075195300389385,14.035466599592596,0.0,23.10394270067097,4.709908804026672,8.070120316497963,-2.3474071219872163,1.3723460282985505,4.097155961060494,1700.0529089719528
0.0,18.978618356581325,81.73496259688255,43.91293216334401,6.588001819909688,10.447914866672988,0.0,0.0,27.921395290610562,8.363469961583409,3.026513495796974,5.731156904754588,12.240785076989356,14.037284205100828,232.9830347382263,0.0,0.0,0.0,0.0,0.0,-9.63284578549821,-21.697298948145388,-18.14087589942114,-15.653737960906998,-25.522682684421557,-23.8026417491478,-23.8026417491478,-26.78107930236332,-27.24553744658449,-26.694887377697,-27.320480478008914,-27.579666216998504,-29.26619791874703,162.79948936113252,70.18354537709378,60.940815086362456,48.25334683486234,34.62670908332636,-20.794147510520098,-59.06288146554596,27.07424373434708,15.5349048921971,39.15937117496452,5.893437371922785,7.027863623733863,15.790155312634882,0.0,27.07424373434708,5.496546085457599,9.191207250476024,-2.86692387612581,1.2967067189792747,4.846076954624804,1845.4472019927882
0.0,20.30146813172192,91.06487136244094,42.57076499779641,7.066197136210391,10.230084061231056,0.0,0.0,25.93908690088587,8.390496578922274,3.2342958633843026,5.628538196295346,11.752477648069524,13.623047996278629,239.80132887323668,0.0,0.0,0.0,0.0,0.0,-9.961241242923746,-22.89232778280854,-18.488911284043834,-15.936610906307655,-25.54870382807928,-23.891392008974712,-23.891392008974712,-26.73342961680584,-27.220203093478972,-26.715085168992694,-27.293638689649082,-27.532030813860146,-29.155523021157805,168.34952244251727,71.4518064307194,65.318414607692,48.36473480671556,34.36490489638778,-25.746456754748934,-60.61031531076177,25.8343569478332,14.823471417098794,38.14019888013501,5.864159582269506,6.821214423086676,15.224740813547772,0.0,25.8343569478332,5.76063286003707,8.958108604009047,-2.629863718885204,1.1926762267913302,4.6649393922695825,1899.454575739793
0.0,20.372981674364095,90.58084935904004,46.70393464268082,7.428851212908016,10.651378114455603,0.0,0.0,29.144737881302703,8.307995503287785,3.244883374375731,5.516839739266273,13.211722059629773,14.017821935056036,249.18199549636688,0.0,0.0,0.0,0.0,0.0,-10.32186583670612,-23.471402111628215,-19.339490723722612,-16.669508398225016,-26.853595095737234,-25.144284414282314,-25.144284414282314,-28.197963421065364,-28.651007251989185,-28.085067225560735,-28.675289510731176,-28.99598485673599,-30.67987335693386,174.44424263488457,74.73775286148232,66.42186328697315,51.14351682745287,36.50588084609442,-24.158986072066895,-63.404947174010815,27.758194771230393,15.927348515485551,40.409835320657955,6.191413422943731,7.1212791329265634,16.445764650332055,0.0,27.758194771230393,5.361465454719785,9.17933995069346,-2.9465300485679995,1.6044393936602903,4.838481984362575,1973.7583764089427
0.0,18.651387333064786,87.27365329734654,43.96278661215949,6.776805983140571,10.056961480020087,0.0,0.0,27.372448122349184,7.640038616381695,3.0736180587614554,5.311807410272813,11.962984247159184,13.143216940836755,235.22570810149256,0.0,0.0,0.0,0.0,0.0,-9.748235763716336,-22.32081990105895,-18.256098471323444,-15.718983869395108,-25.242290844684856,-23.67390584751165,-23.673905847511648,-26.524006217894517,-26.9357192423258,-26.4041280383249,-26.95069693633602,-27.223855047783154,-28.829910038487174,164.74963264688753,70.47607545460504,63.50752203537201,48.252397388878784,34.33832588957195,-23.76613126197453,-60.24969370525613,25.907648126378195,14.865525093622697,37.78790165578028,5.841313190749282,6.678417933822617,15.211209051188293,0.0,25.907648126378195,4.872343484393869,8.528381613257842,-2.767695131987826,1.366610523549804,4.614835327578913,1863.2113078122254
0.0,17.132322694715324,77.88740584892349,38.22842962510646,6.034013885480283,8.758394203302597,0.0,0.0,24.726322652263512,7.634478554006284,2.9520670448166384,5.017653408055294,10.993129831632857,12.11536956769537,211.47958731599812,0.0,0.0,0.0,0.0,0.0,-8.763224197549443,-20.004933608200815,-16.395774415246223,-14.135628297068925,-22.847417250676497,-21.395869652117,-21.395869652117,-24.026227709730584,-24.45154593257844,-23.951947507271264,-24.43726334527469,-24.67657878108861,-26.15408944776187,148.10248770575365,63.37709961024446,56.7849139296427,43.28805704229117,30.897194039104452,-21.102491919280794,-53.67243215809303,23.910172326275696,13.719395329721245,34.56784760577562,5.553193849144113,6.214948964458756,14.04131058887015,0.0,23.910172326275696,5.03335174967881,7.869893254054614,-2.601126804327474,1.1972955564034624,4.245476313640755,1675.1194486302425
0.0,18.58029118139033,83.99516384129974,42.74397314451749,6.260965264099015,9.188239718720355,0.0,0.0,23.854061464569515,8.060575032864364,2.90305840259444,5.488067802602787,11.8597314543422,13.157005899248311,226.09113320624854,0.0,0.0,0.0,0.0,0.0,-9.377937389533102,-21.45077535185939,-17.515033870174655,-15.07743977669546,-24.208317398932707,-22.60155298160977,-22.60155298160977,-25.27737532021429,-25.750072627337023,-25.276327350941195,-25.919781020818412,-26.160097240437274,-27.665334015829558,158.49142115148052,67.59971205476802,60.983168976745354,46.14959437750427,32.77836661584056,-23.01199486455439,-57.886347506036465,24.32344640127733,13.956527473191473,36.23076590047316,5.369582463592152,6.690370282184844,14.982573435975809,0.0,24.32344640127733,5.594050971866651,8.831861438032647,-2.4665240609977124,1.2023024795820572,4.325144461215665,1790.8567876611676
0.0,18.35897906995856,82.400812705173,40.14370404923729,6.48401317696503,9.573342319234483,0.0,0.0,26.593413482676304,7.554024402610085,2.8891176946244177,5.401866916609987,12.422899411456124,12.750493827056385,224.5726670556017,0.0,0.0,0.0,0.0,0.0,-9.304355849385047,-21.208250648539604,-17.399237870998043,-15.01612506675977,-24.365347849073974,-22.726003222656658,-22.726003222656654,-25.528209880728404,-25.948547112673243,-25.45307963548222,-26.0910213993552,-26.359670538293184,-27.831899737547115,157.24785954681505,67.32480750878663,60.129791378262155,45.91017480497389,32.848914293620446,-22.27102132691084,-56.59256243738474,25.4722903197141,14.615721546496385,37.0971461880573,5.468736985461225,6.745919042575453,15.309147840786144,0.0,25.4722903197141,4.974405111773278,8.5201932717609,-2.579619290836807,1.344052125965466,4.230300555295484,1778.8290916867352
0.0,20.316021323426693,91.35693749520837,45.77278413471023,7.154906266817697,10.199717896783298,0.0,0.0,27.938800725484423,8.56523745140477,3.4149031369505924,5.521861423259047,11.893892717303403,13.912789991164626,246.04785256251313,0.0,0.0,0.0,0.0,0.0,-10.206417357373242,-23.337528499035592,-19.05696493863562,-16.405649635365002,-26.257247506609957,-24.685181370775396,-24.685181370775396,-27.645969863983588,-28.115014931955407,-27.53603754040786,-28.016506894133173,-28.2874142000471,-30.043438378385705,172.49311065359544,73.55474190891769,66.32879295682345,50.195936826578816,35.6523595467665,-25.02814453838492,-62.961655266459665,26.913812318954555,15.442851100988825,39.09053992240677,6.429311381588229,6.877211162672353,15.58429948136289,0.0,26.913812318954555,5.5508292067671325,8.867033487691835,-3.014408244637637,1.355349739413306,5.045756503472791,1948.932983802891
0.0,20.467362064929162,83.22848400905602,42.55781930663177,6.957152126299891,10.048816309624764,0.0,0.0,27.85134899764749,8.299958732838162,3.2951263628342278,5.47428005347957,12.788513862211982,13.28503209808438,234.2538939236374,0.0,0.0,0.0,0.0,0.0,-9.70486453811913,-21.866767589723626,-18.139096362622958,-15.665717306168503,-25.45048825440685,-23.748848004494167,-23.748848004494167,-26.699922880748236,-27.17105580978444,-26.647776246973937,-27.222401175897737,-27.51270602606441,-29.076783449232746,164.01663914347017,70.23725478016725,61.433060825400126,47.834799367648756,34.281416885492135,-21.795423183655892,-58.73614477450617,26.825514737333634,15.392186914533571,38.82537476485337,6.019547473942161,6.926675741725839,15.830335239560606,0.0,26.825514737333634,5.575537621730229,8.79081503248949,-2.724421111107933,1.452395688246269,4.49421706559489,1855.5136153283295
0.0,18.284855225983957,81.83832214963417,40.77516220103501,6.443961630649008,10.280679886202575,0.0,0.0,27.129257313272774,7.408885441982193,3.1189273030432254,5.163714206984707,11.141119722767396,12.836473715820961,224.421358797376,0.0,0.0,0.0,0.0,0.0,-9.295850088550504,-21.157852366544578,-17.408850613130216,-15.014439549278038,-24.314118954085263,-22.74763927084014,-22.74763927084014,-25.556170928427502,-25.9604733330639,-25.45643524892668,-25.951996441447964,-26.199647109850513,-27.790752218969445,157.10410830742782,67.31725048994817,59.91818092637296,46.01293400963992,32.88813814543096,-21.920141223261204,-56.86086591907335,25.52978508851341,14.648711415903636,36.90056108565678,5.743168903174518,6.402710947041557,14.474001349238131,0.0,25.52978508851341,4.7846438418509,8.264595349293376,-2.6242416001312927,1.2389967400568498,4.571878366527585,1777.630586387434
0.0,20.582006434537917,94.77383050523828,47.677760946146535,7.863275143087325,10.703876077559373,0.0,0.0,29.919226017622314,9.373828493268897,3.603641309307494,5.804151966535973,13.424553020192139,14.707765495143068,258.4339154086393,0.0,0.0,0.0,0.0,0.0,-10.702856403988203,-24.42079571888302,-20.0628128238678,-17.296921139260917,-27.86362139027866,-26.12319185174296,-26.12319185174296,-29.31132448782055,-29.83274226764564,-29.217502898422826,-29.758742223392247,-30.079382153123596,-31.885117447215844,180.8831570726416,77.55075833599766,69.29302073493355,53.0850522906057,37.9230776125645,-25.48080977030473,-65.68253822386332,28.9803893834887,16.628630414529013,41.92802258161154,6.8068451892617485,7.4083141124803085,17.008987202310113,0.0,28.9803893834887,6.170624613314642,9.51916916708076,-3.2032038799542555,1.6041621459443354,5.188596328062308,2047.0423806899767
0.0,19.88346340959328,85.68190681868647,43.70776331447186,7.365016743285036,9.856204527078956,0.0,0.0,27.539111058429278,8.58755934479832,3.1752044337520604,5.576602643549061,12.313441960639858,13.538558185261806,237.224832439546,0.0,0.0,0.0,0.0,0.0,-9.827393906125652,-22.28275624734859,-18.389001107284262,-15.866483703161101,-25.594629687510846,-23.967963892738574,-23.967963892738574,-26.902841934187638,-27.379273217641124,-26.812797458935545,-27.367677191062178,-27.63841632028797,-29.284522205278634,166.08744137444063,71.13739106510536,62.91540304704215,48.55720962544584,34.731365292359385,-22.766503771644324,-59.903049254883896,26.67828416915796,15.307707625055517,38.60069035929587,6.12452373768073,6.931110994688758,15.688851099847426,0.0,26.67828416915796,5.638240040869651,8.80864069491454,-2.949319303928669,1.354508351139697,4.729917490347265,1879.0462737368541
0.0,19.103342140023052,76.14613266081537,38.634717753836625,6.385765554726985,9.041884275429373,0.0,0.0,25.06563919994443,7.183506177428136,2.9018674761596226,5.277503027358232,11.41896490699478,13.339557373511756,214.49888054622835,0.0,0.0,0.0,0.0,0.0,-8.88954738579338,-20.007522309309838,-16.589276523095755,-14.33287900847313,-23.30413568680866,-21.722508307139556,-21.722508307139556,-24.42290438863658,-24.825783894434434,-24.36180013132154,-24.972486373111092,-25.221203506367655,-26.801728910507244,150.23740722990334,64.26147331632501,56.159897577999004,43.669062711560656,31.30510480032062,-19.986235082816364,-53.583412838343044,24.546823756904168,14.084698956346552,35.59739972357562,5.317568851246282,6.521835293000402,14.716111303899561,0.0,24.546823756904168,4.767804802341477,8.798078710964806,-2.415701375086659,1.2443322656421696,4.54147866254695,1699.035122361528
0.0,17.49591952169619,72.99606500483723,40.86513415280085,6.547247434222164,9.547095419299026,0.0,0.0,23.488340042041063,7.58499287224426,3.014059937551785,4.8429437563386255,11.62596172488913,11.939439321409155,209.9471991873295,0.0,0.0,0.0,0.0,0.0,-8.680433058254964,-19.48605978743516,-16.336726602819883,-14.105923808462645,-22.907360850933802,-21.269014780980058,-21.269014780980058,-23.86370214937811,-24.32731028532879,-23.924250227102945,-24.482396422231936,-24.74506045546891,-26.06579596019372,146.70327967306008,63.24391951426939,54.58214239117136,43.422717471443505,31.20250028874902,-18.413922613665875,-52.97560661024073,23.585922810635882,13.53334450458166,34.9235657585555,5.112565993811699,6.157052387702334,14.106851957742437,0.0,23.585922810635882,5.486486815984347,8.14444045719214,-2.0985060562599127,1.314108631363709,3.794998864217016,1662.9814773500766
0.0,17.54874290828563,82.51123165145162,37.5672768018692,6.471392620429242,9.338368941670348,0.0,0.0,25.108376501028214,7.196874992833474,2.9254960260237013,4.915967821259438,11.827808538502527,11.673180713584433,217.08471751693784,0.0,0.0,0.0,0.0,0.0,-9.007001056419062,-20.74066223472656,-16.765696483519573,-14.466885085298793,-23.338131980244015,-21.78651237444137,-21.78651237444137,-24.42777077230052,-24.837591344162092,-24.38681699905132,-24.938072386711845,-25.205600040911925,-26.54408436027778,152.22242785903435,64.86228965790349,59.26989532912812,44.0034903987098,31.40029922291081,-23.241336322323505,-54.590629261951534,24.009257320781337,13.77624921568727,35.20056699843354,5.272423422862228,6.2544091570612235,14.335365476839735,0.0,24.009257320781337,4.849947595994949,7.82718243944544,-2.3469273968385256,1.338441335801785,3.845998274138993,1719.5174103005063
0.0,17.86827055704953,79.18436252149698,39.31380643949475,6.4472810557487295,9.928106697630863,0.0,0.0,23.838709972517503,7.817316808642464,2.8554154093779847,5.354752534065735,11.126662490626881,12.529356635783978,216.2640411224354,0.0,0.0,0.0,0.0,0.0,-8.960887557103561,-20.40406374076246,-16.74713697595273,-14.457665233107727,-23.433940202774664,-21.774264780908933,-21.774264780908933,-24.418843634310004,-24.887910434302604,-24.45263555787942,-25.070905880226725,-25.27965935495694,-26.70171934568976,151.4430886784445,64.82095244399089,57.80257707561188,44.159763037937665,31.61247800784545,-21.3817854458851,-54.36883739836153,24.03944053632461,13.793568014594683,35.61731199772611,5.121645827575435,6.399146544122827,14.168412928396988,0.0,24.03944053632461,5.551086390445015,8.443212187956782,-2.2662304181974493,1.0443940100570916,4.086144447827197,1713.0168727927958
0.0,18.835983354790912,74.86928587329035,40.089896466160646,6.052202510531252,9.549297612569454,0.0,0.0,24.512892270013058,7.873907024701687,2.919823947308964,5.0684663225868904,11.339583996451612,12.680782799494276,213.7921221778991,0.0,0.0,0.0,0.0,0.0,-8.854177952350225,-19.867653784121092,-16.577508376588163,-14.308567915311121,-23.277380077038636,-21.674269638142093,-21.674269638142093,-24.355479978537783,-24.81419278099696,-24.34451380158303,-24.89537357334941,-25.146525810442583,-26.630892014743107,149.63964766520576,64.15247451269333,55.63204440961188,43.80291756033313,31.368702340469838,-19.237241463678473,-53.881274311969634,24.37242378325329,13.984630159210363,35.587700030662305,5.36517709675411,6.3249814171094645,14.348243904229273,0.0,24.37242378325329,5.428553875256542,8.415607797194042,-2.445353149445145,1.256515094522574,4.265175002300234,1693.436923957152
0.0,18.86651072958176,78.26738009173631,37.979406627240465,6.581080705148627,9.24009410216355,0.0,0.0,25.822132934531947,7.884798801764938,3.090779133019055,5.331912099800272,10.631621206054916,12.297529069628844,215.9932455006707,0.0,0.0,0.0,0.0,0.0,-8.956138917318354,-20.28724191545344,-16.6903245263935,-14.41516686976542,-23.340654278780235,-21.856982069541306,-21.856982069541306,-24.574962159067365,-25.012713616760383,-24.493297144977543,-24.964994726416226,-25.168448682851096,-26.70567924031791,151.36283449921166,64.63041100145902,57.23646511155775,43.86448281009043,31.39537584798174,-21.030914980178565,-54.028916091856566,24.70666384443289,14.176413450095051,35.41579005243558,5.795087311198035,6.349792610281023,14.030816028792971,0.0,24.70666384443289,5.180490623585957,7.880453736410036,-2.704308178178981,1.017880510480751,4.417075333218808,1710.871913941783
0.0,18.307082055147987,81.68777990828892,41.473704821163444,6.410763887484153,10.051623976429259,0.0,0.0,26.749727044996288,7.707321631314279,2.8870060062606964,5.23578845375319,11.993679548425293,13.182105489786103,225.68658282304958,0.0,0.0,0.0,0.0,0.0,-9.343978130949306,-21.227893597906967,-17.523570299408192,-15.11521752974442,-24.530007648954818,-22.898427326890342,-22.898427326890342,-25.725933168480395,-26.150971263155316,-25.63674513167982,-26.22335030197357,-26.499933096468677,-28.07017511145159,157.9174941853863,67.76908863766329,60.02887036903395,46.390608940896584,33.190932820307765,-21.658909539254964,-57.19194418579366,25.702261990637684,14.747676775634151,37.35731338469326,5.564291014203106,6.619532672760075,15.121865721300823,0.0,25.702261990637684,5.03003662337187,8.670175097903687,-2.6772850079424098,1.3837442190068847,4.511930391882416,1787.6523638988174
0.0,18.563853014854704,76.31109048516137,41.62821350133416,6.6425448985339886,9.005807873673026,0.0,0.0,25.709459905007638,7.86598500401951,3.056593251324867,5.116944748920175,11.465751051794667,12.504243963657496,217.87048769828158,0.0,0.0,0.0,0.0,0.0,-9.017039627796155,-20.26472553491895,-16.930326766142386,-14.604303094837967,-23.609451652840352,-22.111577881071174,-22.111577881071174,-24.837235088192998,-25.27363041615417,-24.754745003550514,-25.2484360376503,-25.506299872011365,-27.03245125611907,152.39208429603102,65.47840340225056,56.81510282933163,44.880258271019905,32.13287018082478,-19.495987655829744,-55.23684804807456,24.77644947842764,14.216455683502843,35.73188063646689,5.758136504324586,6.40703797666216,14.560898281807116,0.0,24.77644947842764,5.16444175101979,8.119003505903063,-2.70154325299972,1.290093227741985,4.385240457754433,1725.7414574041911
0.0,21.784703638094204,92.30528835398584,47.51912683692592,7.445089697213573,10.959583232164343,0.0,0.0,27.88453144653058,8.540277430390374,3.5932778803856045,5.762453019965279,12.909781719303378,14.72733955541724,253.43145281037636,0.0,0.0,0.0,0.0,0.0,-10.51067481892996,-23.863765846804952,-19.612778430526724,-16.905596095158632,-27.198244009999474,-25.397786954468724,-25.397786954468724,-28.441057745014145,-28.940604481819605,-28.435751996216887,-29.04661510379194,-29.339061388114754,-31.074644796425424,177.63520059033226,75.79625222004408,67.45007338422481,51.62263845052611,36.77778511748718,-24.855214969761036,-64.28834802583927,27.663583224665256,15.873061445013164,40.84059961447838,6.221759608936225,7.225562307151666,16.433694466226147,0.0,27.663583224665256,5.911795701839754,9.740317521308086,-2.6284817285506197,1.4631092871863869,4.987022034109154,2007.4181195698034
0.0,16.957338317715635,79.63842191916204,40.3703043171486,6.002316748600653,8.903029849278592,0.0,0.0,24.656880346938134,6.968430641550497,2.827556050279051,5.014059311674068,10.594636352064533,12.081954169412949,214.01492802382478,0.0,0.0,0.0,0.0,0.0,-8.871478275978879,-20.332118462359613,-16.612621398615254,-14.293049345752296,-22.906311367079535,-21.51174096660743,-21.51174096660743,-24.088979603154954,-24.46293213260224,-23.974506396923903,-24.475773712783205,-24.699880466768114,-26.194508130413197,149.93203102888083,64.08289699494394,57.89079247553018,43.90394239244768,31.17995784318734,-21.74762944363186,-55.08363934606881,23.427312394759827,13.442335582976199,34.176898743461784,5.370512970559877,6.135265805494978,13.768090118128338,0.0,23.427312394759827,4.425473721269671,7.787293909528235,-2.542956920280826,1.1212064938209094,4.294660259884714,1695.2017581452428
0.0,19.261786826585322,87.8882947740172,44.88167788452512,6.74320050891668,10.514201525668923,0.0,0.0,25.67023097188397,7.768754938485212,3.2167793642535325,5.5027856883864406,12.766833062397012,13.279195843094726,237.49374138821418,0.0,0.0,0.0,0.0,0.0,-9.844887596089606,-22.50459819591661,-18.410024821215558,-15.860519079534436,-25.543115470147047,-23.764802877925362,-23.76480287792536,-26.581745944196616,-27.050663818201496,-26.624377708765678,-27.301166962532328,-27.574943323978637,-29.036600081325297,166.38309271741772,71.11064867079644,63.947621355897276,48.57723017879964,34.59645435613544,-23.94067341811992,-60.543950170532455,25.606245489239686,14.692583557447337,38.419952347482784,5.436210350018228,6.8724893177955515,15.59705115400008,0.0,25.606245489239686,5.549323952720516,9.079274122082545,-2.2194309857646957,1.369703629409111,4.199921721012181,1881.1762883427164
0.0,19.14271697546804,82.676889290426,41.419759726939326,6.851046564035014,10.169998146440419,0.0,0.0,25.332977046029892,8.133198422822357,3.0502681613162737,5.4887041318175624,11.875646714843533,13.87870446755341,228.0199096476918,0.0,0.0,0.0,0.0,0.0,-9.446708361762006,-21.438470437110528,-17.658150470855496,-15.248403422751084,-24.738522148333193,-23.00953423582928,-23.009534235829282,-25.824691695588104,-26.304597629486036,-25.833288915204776,-26.46762391180414,-26.721594700823314,-28.328666593207583,159.6536819631909,68.36622768450091,60.57363274914651,46.571246081519334,33.366086157057026,-22.103256541279492,-57.22505457384021,25.59001417833676,14.683270208804,37.656212703682684,5.5041064196661065,6.759320446702423,15.222787690873732,0.0,25.59001417833676,5.679360164472524,9.260947176638352,-2.4538382583498333,1.2706163148848608,4.617757290915058,1806.134531343794
0.0,22.605429319325836,97.02342629867093,49.557406411007186,7.812174087584235,11.114786327896297,0.0,0.0,27.980730726048634,8.989875361153693,3.4894352619306677,6.093904696175097,14.092364419365525,15.460554743535358,264.22008765269345,0.0,0.0,0.0,0.0,0.0,-10.960965658415025,-24.946381119291768,-20.434727520257226,-17.614531898258754,-28.314231761247925,-26.38307479894304,-26.38307479894304,-29.512271834751306,-30.047344340627163,-29.536888284194703,-30.27880169550933,-30.59579068032501,-32.33853906861921,185.2453212508877,78.97476640180575,70.64411507236827,53.73050057759868,38.265276281594936,-26.37931122630266,-66.97211165990196,28.444659901902316,16.321234698288475,42.45575693591448,6.147091618636375,7.679801158130676,17.514077831251132,0.0,28.444659901902316,6.332219004447986,10.452944869694171,-2.657656356705707,1.5858964619555787,5.0076098738411865,2092.87436751269
0.0,17.561723907185627,76.75448012739004,38.64443925205746,6.477156063634413,9.237889331108136,0.0,0.0,25.163517575366818,7.070660394440764,2.953297335946909,4.977303499275266,10.825281054988118,11.583403971605055,211.2491525129986,0.0,0.0,0.0,0.0,0.0,-8.752021529714987,-19.883033626269174,-16.372005231414494,-14.126460326040688,-22.806543838775166,-21.337518380920546,-21.337518380920546,-23.949684130620057,-24.34220946619803,-23.8763647799119,-24.368369109008885,-24.593855300578287,-25.993898338029243,147.91315750743598,63.33599500556262,56.225751864192475,43.216785966989036,30.908895769068888,-20.528728263197564,-53.32569236223716,23.74480274247348,13.624508071497647,34.442042348759934,5.378687486861338,6.10541132181587,13.720054208974586,0.0,23.74480274247348,4.645270243526335,7.5605229950779815,-2.4253901509144287,1.1281078225406045,4.022880976527073,1673.2941858469887
0.0,18.772990897030752,80.51485231977347,42.97403039435075,6.889549404909374,9.565360803175416,0.0,0.0,24.50172927092257,8.309541322811661,3.123165875225966,5.256710278308611,11.531955295352098,12.37402812491038,223.813913986771,0.0,0.0,0.0,0.0,0.0,-9.271717833762413,-21.001698879597193,-17.364994549947358,-14.969921056826779,-24.07348844353849,-22.48607710664358,-22.48607710664358,-25.18008194626749,-25.671187757129157,-25.191466381199938,-25.722866012837486,-25.96091434394032,-27.404351677142465,156.69626218966388,67.11765179710714,59.25130598492088,45.901070305041664,32.770895002670606,-21.263546334852585,-56.87659684446875,24.488726839595564,14.051363580711516,36.12240055039962,5.620804110917247,6.44766650756028,14.488569128746674,0.0,24.488726839595564,5.811903087120381,8.226458062264134,-2.49763823569128,1.190956229251669,4.1475700626462455,1772.8190458074278
0.0,20.781372094707294,94.68142876211998,45.91422525559089,7.575353735106391,11.232544163562633,0.0,0.0,27.95477450413655,8.51875937887019,3.5623229367905496,5.951739848532672,13.817575420899841,14.707303798686445,254.69739989900344,0.0,0.0,0.0,0.0,0.0,-10.55840430601973,-24.15474568628881,-19.707515522605163,-17.00803769296603,-27.50901763541729,-25.564427249247274,-25.564427249247274,-28.64552355303409,-29.161373859298042,-28.69771264864245,-29.419352120166145,-29.722379540632318,-31.354260635701856,178.44185070170238,76.25554919730106,68.67879668772576,51.889242380815745,37.09243953845354,-26.002632074394214,-64.10538659793711,28.007420268946596,16.070351379821147,41.66724840271113,5.976344963424571,7.467786578901745,16.990572696822184,0.0,28.007420268946596,6.104737352236167,10.018259792395027,-2.414022026634022,1.516046730369073,4.689044006291418,2017.445624427411
0.0,21.14425617382565,93.67291057089606,45.431591822212454,7.10797721700433,10.961520177416952,0.0,0.0,29.139984832369535,8.752625993636308,3.4479525741110812,5.962880694879968,13.46059434202748,14.806056795554376,253.88835119393423,0.0,0.0,0.0,0.0,0.0,-10.526967557638688,-24.01468643919642,-19.646102125671515,-16.946087594156285,-27.447418565888963,-25.60734902019897,-25.607349020198967,-28.743332048445737,-29.243059519462875,-28.69783205738896,-29.356570795905174,-29.656447616066462,-31.39550427009346,177.9105553090872,75.97779588484704,68.13011507580804,51.71922962813536,36.916954431318125,-25.54279549508803,-64.11813183365543,28.506345134503885,16.356629009986378,41.66864126550543,6.286643999497227,7.463164966249202,16.95731212234205,0.0,28.506345134503885,5.913934568250162,9.809054743870572,-2.8386914253861457,1.5002842713692344,4.997002051683804,2011.0371892779444
0.0,21.29431234318544,94.27256927009245,45.727465753902564,7.255649483131989,11.086196534281052,0.0,0.0,29.577455664889442,8.24843451972258,3.458889174337906,6.034692353607753,13.617794556693662,13.690535039948312,254.2639946937931,0.0,0.0,0.0,0.0,0.0,-10.546608350028787,-24.086844068212454,-19.661070408558782,-16.955835589949267,-27.38538386071231,-25.551522132499446,-25.551522132499446,-28.650262540641723,-29.120859460271536,-28.60625779417845,-29.285959497442867,-29.564781186323433,-31.133306999024533,178.2424936628154,76.0215010309777,68.39539181786961,51.692729460809865,36.86006004095054,-25.87717745222284,-64.2420997057591,28.167806637053683,16.162379323389803,41.38381188303722,6.138129378914797,7.429637765257638,16.729848204583732,0.0,28.167806637053683,5.569194315145688,9.183535980408358,-2.6792402045768915,1.3949454116498856,4.506999059539954,2014.012643033795
0.0,18.322712307635744,78.62345169630356,38.74727374477919,6.519629428058503,9.514227945336232,0.0,0.0,25.823588384311314,7.904775559629176,3.1224125948233072,5.13941860154698,12.107985870661222,13.233040238167122,219.05851637125235,0.0,0.0,0.0,0.0,0.0,-9.068979703009896,-20.52551348345007,-16.97605917572903,-14.673494050860599,-23.953198840311348,-22.29433825960496,-22.29433825960496,-25.09208061814164,-25.549297325550082,-25.07028877602439,-25.635250920950856,-25.922274106700346,-27.46864218418979,153.26989526803948,65.78862110321288,57.87004990877483,44.8450514559842,32.232081595644715,-20.75340178752873,-54.67977024147309,25.431709467654596,14.592436697494716,36.82130302932603,5.616339546068599,6.575396116803525,15.115339421117678,0.0,25.431709467654596,5.410848608383884,8.78970917245412,-2.4939269512452915,1.4359775152565444,4.443331065713002,1735.1517743093875
0.0,17.36229632032121,77.97089025795474,39.40476115947855,6.397295804884615,9.436180775960825,0.0,0.0,23.442463556376648,7.830059859299913,2.8530389152878617,5.375974307402902,10.745507632670867,13.112039257048828,213.93050784668696,0.0,0.0,0.0,0.0,0.0,-8.859469220926563,-20.16350605047569,-16.593914346463205,-14.319488135572742,-23.18899641472821,-21.590292803761187,-21.590292803761187,-24.218695606397716,-24.680602770939565,-24.22660635830291,-24.82628898306726,-25.031056069587624,-26.56904824443852,149.72907251861693,64.20143532807005,57.099746575486854,43.86595465935028,31.401074963458587,-20.87114368246788,-54.01154620969989,23.892398896796017,13.709197130307656,35.19366827694416,5.216741797761196,6.400424410066275,14.140321293155864,0.0,23.892398896796017,5.466356976826579,8.692775493900456,-2.3637028824733344,1.0244501026633737,4.419263763148372,1694.5330700587228
0.0,19.67825999381715,83.6860213178315,45.61267002341196,7.3625647340796965,10.383920424264621,0.0,0.0,27.928516047121384,8.714435077394668,3.1969303257152455,5.606846818317657,13.153371784708733,14.509992404472563,239.83352895113518,0.0,0.0,0.0,0.0,0.0,-9.914167506763182,-22.290774845762883,-18.670338077818904,-16.121236213967965,-26.222217426816947,-24.439041345653443,-24.439041345653443,-27.47373456722229,-27.969825290324106,-27.42366676496354,-28.056807254456295,-28.369587960167333,-30.07330926376048,167.55395482107795,72.27957413005723,62.5175902358928,49.660677013700784,35.69742757766724,-21.168431081938706,-60.5343591510553,27.58561241313379,15.828322646271685,40.080077822589395,6.040469271727472,7.171689252333167,16.48399887426413,0.0,27.58561241313379,5.870896131382441,9.614522880901651,-2.8435389460122273,1.5648424340155094,4.895469523570911,1899.7096309790231
0.0,22.265480939492146,89.35928821459798,48.67223654379452,7.424128746837221,11.591499734305241,0.0,0.0,29.17115433586031,8.712440107302104,3.3018209235018317,6.255185957280824,13.717927517554969,14.152435350634113,254.62359837116128,0.0,0.0,0.0,0.0,0.0,-10.5447210332773,-23.68284580377709,-19.74999940547748,-17.043155792700276,-27.648578004607344,-25.705641666934063,-25.705641666934063,-28.838676312988184,-29.349251409595112,-28.8363992962364,-29.588795615916318,-29.854519742793308,-31.43630668306655,178.21059714850938,76.41300122265189,66.36422069252811,52.20779476066346,37.37310075582571,-22.995067522069874,-64.28030426922835,28.47954409648327,16.341250867544147,42.081668962411975,5.971952195218982,7.58460424263701,16.933612790250738,0.0,28.47954409648327,6.042308835584954,9.607331792582158,-2.6701312717171497,1.3294182853561853,4.545103558051954,2016.861046141648
0.0,20.049438221010277,84.99354738656643,42.38687434988995,7.1996734728428695,10.43135973076054,0.0,0.0,25.67854630592462,8.178700992245146,3.0825291275847464,5.381364773672377,12.52102016022488,14.1919250874146,234.09497960813638,0.0,0.0,0.0,0.0,0.0,-9.702921131144455,-22.008701492710564,-18.103449785608944,-15.637598686639725,-25.336592512765908,-23.548796746519105,-23.54879674651911,-26.41338463466814,-26.899259127904944,-26.432777376442676,-27.088193517384695,-27.38119933061836,-28.99602451683528,163.9837946787976,70.11118492933879,62.15982402165024,47.64365162468517,34.13088081145197,-22.833723364916196,-58.55737589573065,26.03934086127659,14.941088944333124,38.4850163722172,5.511236117027487,6.847273385007568,15.695147139421607,0.0,26.03934086127659,5.749994002802406,9.55188949688268,-2.4287069894427393,1.4659086113351911,4.6400355905319195,1854.2548628220475
0.0,19.20661499473582,87.53037921838221,45.47889139288676,7.13757357684734,10.653420522613553,0.0,0.0,25.91070531798127,8.092349994872691,3.1614710901974625,5.584257886363359,12.922607347915442,14.181107689351341,239.85937903214722,0.0,0.0,0.0,0.0,0.0,-9.932187155384602,-22.62668981852913,-18.62338825804924,-16.05907715102892,-25.93929057221749,-24.111442524025502,-24.111442524025502,-26.99849708504333,-27.484287431229372,-27.03419984809233,-27.73722642415822,-28.025882212379877,-29.60553664626501,167.8584951053676,72.0008839267796,64.12336547529685,49.29220226102902,35.236312374305946,-23.407013743085358,-60.895538043702686,26.243564776091542,15.058270392668009,39.20408468053556,5.504822905353634,7.028403314728617,16.017437937839755,0.0,26.243564776091542,5.74899817971652,9.642131671061769,-2.343351815156171,1.4441454283652586,4.538976018289572,1899.9143882040655
0.0,17.86506281107058,79.2937801016873,39.916355814349735,6.592794146762391,10.038262343295326,0.0,0.0,26.24944629672888,7.726644348796229,2.893899796963213,5.236634425642568,11.630305064823597,13.115599469785847,220.55878461990568,0.0,0.0,0.0,0.0,0.0,-9.126470893445576,-20.69387240319081,-17.125552541248677,-14.791402116382908,-24.084431892487977,-22.442831038716346,-22.442831038716346,-25.240047027174736,-25.673835317961004,-25.175787223228763,-25.755529758202563,-26.01456224688008,-27.57439450789043,154.241522620341,66.31726199956469,58.43007278751942,45.36684237637874,32.57954464537227,-20.863707314167883,-55.42983673392941,25.426924720101713,14.589691261688769,36.87417576424517,5.486954905685246,6.532574433034611,14.816384082229991,0.0,25.426924720101713,5.133589240074197,8.633580444987409,-2.593055108722032,1.2959400073920433,4.482019024798438,1747.0353255938264
0.0,20.413832859181213,88.57638562133731,47.79247370895768,7.20702742830005,10.96936941372386,0.0,0.0,28.35202388947904,8.93995988373227,3.329964255044288,6.090303057973116,12.492149529205847,13.578586008515277,247.74207565544995,0.0,0.0,0.0,0.0,0.0,-10.2568038434956,-23.212877707975025,-19.256653944379863,-16.59359841436971,-26.773548557676385,-25.018048890798436,-25.018048890798436,-28.048897485172507,-28.561125455685026,-28.008330630595726,-28.62531931868067,-28.854891305344797,-30.46745765696058,173.3446652610377,74.39741039441225,65.44463234065464,51.04270701499696,36.44349304620489,-23.131753280682673,-63.24045428663395,27.550664433906714,15.8082698780838,40.393421725683176,6.208054665255659,7.23885212073135,15.977145525972306,0.0,27.550664433906714,6.061869473520899,8.94504094899058,-2.878090410211371,1.1485490627582342,4.633545059524696,1962.352841905112
0.0,18.926238068317662,83.52410085412056,40.88563910938731,6.696189322074469,9.745160904863056,0.0,0.0,24.356533680343688,7.9277810126924955,2.9071716354558297,5.131873187262476,11.232272435724317,12.573969658502113,223.906929868744,0.0,0.0,0.0,0.0,0.0,-9.292793489445463,-21.251975447859227,-17.298610313135224,-14.911223103432244,-23.927574191335285,-22.361006584315167,-22.361006584315167,-25.024138823185222,-25.482866169786174,-25.002872672591284,-25.548354792904338,-25.78901100170189,-27.271854064915754,157.0524503877888,66.85447948095518,60.40906176902437,45.40504096920237,32.31210958124442,-23.115039085096193,-56.694068147779184,24.208092344969128,13.890338577528851,35.776331592346,5.406226652870772,6.335876633317898,14.289067401294272,0.0,24.208092344969128,5.428725995277554,8.313171246876735,-2.4990550174149417,1.204003446055422,4.2607984116253785,1773.5558200507576
0.0,17.783857488111877,85.05701072604847,41.06857595444195,6.6395896122000355,9.28093182863445,0.0,0.0,26.11323628957842,7.421897702629229,3.1696860696182343,5.101052435720449,11.275135317585356,12.410010987300675,225.32098441186912,0.0,0.0,0.0,0.0,0.0,-9.34424112301744,-21.50160781201022,-17.45728461166928,-15.032683117358664,-24.079295159186767,-22.622941343409646,-22.622941343409646,-25.340394944493987,-25.744010556484774,-25.235912115570017,-25.707365072429447,-25.95987731811743,-27.4995936585552,157.92193887134425,67.39904554052485,61.41014643124089,46.01317768064791,32.7147572713436,-23.646864294807585,-57.577807986478675,24.701878020946662,14.173667396930322,35.89640521318983,5.815067654013305,6.364371655692427,14.436034074849648,0.0,24.701878020946662,4.776516118234159,7.9857930100644055,-2.6453815843950697,1.2633192199719776,4.424217977236269,1784.756476798179
0.0,19.796212010193017,86.90804778786362,42.852870071678375,6.489695372773649,9.672488979074558,0.0,0.0,25.364761534699202,8.17426690303745,3.076612385184014,5.275719337611641,11.88916489924418,12.548898596213359,232.04873787757307,0.0,0.0,0.0,0.0,0.0,-9.636716565648424,-22.057727588955895,-17.924588810420396,-15.43076156935528,-24.70370909820264,-23.13434422946282,-23.13434422946282,-25.87499645616929,-26.343560121629846,-25.838582206853502,-26.382044759426982,-26.638920288242446,-28.11848216702078,162.8649073119558,69.18383056561728,62.741885251843605,47.004720081510726,33.32208996840842,-24.166162536020018,-59.221734530161875,24.91275544683638,14.294666557137784,36.794490631090234,5.70574715259354,6.560868070928972,14.855386428493166,0.0,24.91275544683638,5.545132135627924,8.297528333647046,-2.6291347674095267,1.2851487333173308,4.251370262566313,1838.0466823401002
0.0,19.005994227213574,87.04676173489291,41.02946043574576,7.1974426782862935,9.753224031907562,0.0,0.0,27.975088010278462,8.093800276483194,3.2349163179252014,5.420418162788083,11.744445143774616,13.347862068550516,233.84941308784616,0.0,0.0,0.0,0.0,0.0,-9.694229086965196,-22.189782657722603,-18.097318339147645,-15.615591997315047,-25.175973669812212,-23.629608216905183,-23.629608216905183,-26.53993343425459,-26.974260303787833,-26.406916769077196,-26.89973812519871,-27.163187548436735,-28.843487555426066,163.8368951658813,70.01251792196487,63.118419814908364,47.658174070907705,34.05430705285169,-23.928341919984547,-58.934370501842736,26.455096967088473,15.179645249931573,37.93501179468758,6.188753641352278,6.738456101741525,15.254578019686216,0.0,26.455096967088473,5.139962953056116,8.519691253685473,-2.953837323427077,1.3180379389534416,4.828170814865043,1852.309742447588
0.0,19.458095070127904,76.12364130524567,40.9838690799917,6.544575323264004,9.54564688862872,0.0,0.0,25.192522067654583,7.44482883236177,3.1237484348459263,5.335603582144631,12.09240082843637,11.953339546509822,217.7982709592111,0.0,0.0,0.0,0.0,0.0,-9.021347474832337,-20.218307456964247,-16.872145042420787,-14.57195753969082,-23.666747374248036,-22.001257076548313,-22.001257076548313,-24.699485915848086,-25.143655135635665,-24.723331383041813,-25.33970397121999,-25.580406845319345,-26.903503595668695,152.46488887666618,65.33338208254492,56.55887246619136,44.525848273527956,31.92207306681897,-19.56476883905431,-54.62330806767911,24.527123346057405,14.073395076103594,36.08757175842083,5.312136796348773,6.539840494788924,14.68994757865441,0.0,24.527123346057405,5.256440470858924,8.15155588364749,-2.188388361502846,1.2042369126442933,3.8017836628623325,1725.169432152634
0.0,17.19745883237336,72.91860199056404,38.1061570350842,6.390421721079115,8.916054080206532,0.0,0.0,24.84912313099107,7.311872447445996,2.83574990593668,4.993099772727004,10.674065372226723,12.46187488117265,206.65447916980733,0.0,0.0,0.0,0.0,0.0,-8.549187506002703,-19.267045605357094,-16.055135952860223,-13.866242728155125,-22.53003475262702,-21.059865030200754,-21.059865030200754,-23.6926607733063,-24.09432810424182,-23.602933736666614,-24.106985162453366,-24.341132191600675,-25.872425994978858,144.48516995103435,62.16930921877298,54.13879930976609,42.57003429479083,30.578877514104114,-18.77980268079795,-51.98036629553783,23.932331089042325,13.732109785404143,34.37739871626019,5.394162815684201,6.164537781268697,13.902644039100755,0.0,23.932331089042325,4.753459537698475,8.061858205756923,-2.5584129097475206,1.1714380085416929,4.400016675415726,1636.9000034345645
0.0,20.774723792095322,89.280807657345,44.60578053010253,6.904936153724914,10.002912546543559,0.0,0.0,26.390670863028838,8.024773229930943,3.1103243462846186,5.794024781464204,12.08280681474783,13.779344699128611,240.75110541439636,0.0,0.0,0.0,0.0,0.0,-9.995202272464848,-22.803607003936158,-18.599331802944477,-16.020433719946055,-25.680968899954387,-24.0276722210403,-24.027672221040298,-26.88331362021169,-27.337162233736514,-26.827449994489854,-27.469885466852887,-27.709565729000243,-29.341279284558038,168.92347933859807,71.8276260757983,64.69871562090881,48.798375286295524,34.65166463929842,-24.58209203643618,-61.24193975299028,25.95801653641844,14.894425936328554,38.33241480838161,5.764108067046081,6.993145564671032,15.572248630120939,0.0,25.95801653641844,5.3709895091694815,9.090782100548672,-2.653783720761462,1.199120783206828,4.688562598579939,1906.9777091832682
0.0,18.785412252388085,84.35059878454307,42.757140613567515,6.481536255512082,9.063742640081063,0.0,0.0,25.473326303456794,7.855737491052645,2.880967893633758,5.321515685209358,11.150882179052783,13.153399779894118,227.27425987839126,0.0,0.0,0.0,0.0,0.0,-9.428517109715663,-21.556674826161473,-17.60793508037771,-15.150665218510772,-24.22376121737574,-22.77658613872778,-22.776586138727776,-25.495614940033683,-25.917258064548786,-25.36680887145432,-25.893277066741334,-26.134107363116794,-27.77624165184417,159.3462415027153,67.92801837567599,61.26260401296054,46.38962097698529,32.90860426038135,-23.08799477158253,-58.35359443996531,24.716196721260843,14.181883310539702,36.00149194057998,5.746845922969216,6.526390091730557,14.664513285799144,0.0,24.716196721260843,4.989859461717186,8.434894266626559,-2.865878029335459,1.2048744065211983,4.718505513267559,1800.228276058003
0.0,20.338046971411888,82.05142203329754,43.35620831912474,7.119308333482503,9.956068594277925,0.0,0.0,27.287612734235317,8.114422767344605,3.2007247696292196,5.648493703732076,12.332167051626154,13.94757675251082,233.35205203067275,0.0,0.0,0.0,0.0,0.0,-9.662614713235515,-21.71387219905733,-18.091925099957198,-15.62383026629612,-25.35255594942883,-23.65734561836282,-23.65734561836282,-26.58509959325668,-27.043005884496736,-26.52529783207556,-27.139316734357795,-27.40640130400785,-29.066499526446556,163.30259782382143,70.04945420685132,60.874160154679,47.80688740200592,34.28350329572467,-21.177261878618545,-58.61065860035805,26.613525814870062,15.270549989750586,38.602990568735464,5.896138173186149,6.984718286732207,15.766065514539186,0.0,26.613525814870062,5.419009363787676,9.177453706597657,-2.6954134035569286,1.3362245830001305,4.770123045913163,1848.3701698844093
0.0,17.383866988670245,75.57344978975183,37.35344957309063,6.163359191041378,9.584560239550155,0.0,0.0,25.864919810888445,7.480015401625678,3.0539964628484175,5.194449334570122,11.517064452320604,11.76171588726317,210.93084713162068,0.0,0.0,0.0,0.0,0.0,-8.729006763211478,-19.75890248186619,-16.362509368272573,-14.14221914463066,-23.12653446005574,-21.51912524083274,-21.51912524083274,-24.23182279314884,-24.66307779162933,-24.20664150039941,-24.75330491332366,-24.986133639307912,-26.351325321149325,147.52419745160518,63.40664968001551,55.71498569810933,43.29345851327753,31.131886251548075,-19.858464091642503,-52.72596114086704,24.658645144224202,14.148860845187292,35.64921559965511,5.430402415000853,6.359291870012591,14.274961075091507,0.0,24.658645144224202,5.103609449473242,7.838976729049802,-2.376405952152436,1.1648425354424683,3.9227391582133686,1670.7729045180579
0.0,18.382276230298913,86.46060189223564,42.09611439242033,7.029188867037346,9.85736239448426,0.0,0.0,25.47517741337807,7.922841068964214,3.104768657407168,5.374699638877094,12.455001768914356,12.753255078541162,230.91128740255851,0.0,0.0,0.0,0.0,0.0,-9.571691718749664,-21.964306947909247,-17.883163181191353,-15.42217433067421,-24.82778709715644,-23.148033996796343,-23.148033996796343,-25.91768031673085,-26.384234774646956,-25.9229812554061,-26.54552876842199,-26.81341044059305,-28.249890557712963,161.76595772772797,69.14532967483056,62.5984504175359,47.13856319442881,33.646667885464375,-23.862151474699743,-58.44191048485258,25.176314152663494,14.445893659497823,37.320898208405,5.506255194819851,6.714912127225476,15.242368491875412,0.0,25.176314152663494,5.5213545315515296,8.62567586723172,-2.4014865374126844,1.3402124883483824,4.127579211309442,1829.0369928625832
0.0,20.40324893622243,81.31321337708154,45.44595694186225,7.2591367376051394,9.69219668359964,0.0,0.0,27.5576321895799,8.244995109497914,3.223340597958509,5.686840099632223,11.722263117129266,14.003598599800018,234.55242238996883,0.0,0.0,0.0,0.0,0.0,-9.707992739544594,-21.739446041456965,-18.2266455625152,-15.720509409547235,-25.36992197430132,-23.786552976567137,-23.786552976567137,-26.711406719010967,-27.159824075577326,-26.595468476442814,-27.142039276282578,-27.390017319402602,-29.138942974363047,164.06950717499737,70.48291521497146,60.774123866809845,48.31359359670261,34.578540775262475,-20.539089510271694,-59.51403830367997,26.58716246199282,15.255422986255828,38.28828094894883,6.1616214285645965,6.927474695990217,15.506988140794377,0.0,26.58716246199282,5.306714278891826,8.978238979776915,-2.9382808306060886,1.2406345963579941,5.025359620023103,1857.8782446822458
0.0,17.752745693485455,80.00766228739091,39.692897383586995,5.932063747569668,8.997399549286982,0.0,0.0,25.246939531664484,6.959001900997559,2.9053879193050536,4.947025646938798,10.299527086764524,12.707307878768733,215.44795862575916,0.0,0.0,0.0,0.0,0.0,-8.937054856159481,-20.438123484311326,-16.69040213030199,-14.365483029597439,-23.056232937741004,-21.683674929513764,-21.683674929513764,-24.31044396471502,-24.673778077252177,-24.16302746964251,-24.620928289578547,-24.85470898858286,-26.48199337589625,151.04030515733447,64.40765346842467,58.095007466544644,43.97315831523656,31.21939368206785,-21.91265482084627,-55.21061744727027,23.877547815664556,13.700675742408984,34.48436595565259,5.56457783761435,6.116630905115304,13.805757663635955,0.0,23.877547815664556,4.299811982688262,8.031472043720797,-2.6591899183092966,1.1696052581765066,4.675835835047936,1706.5527233246655
0.0,18.873502270912937,79.14826140760704,39.64929431698473,6.487816787223175,9.440073257926004,0.0,0.0,25.807078046371576,8.156825651050145,3.0884305878592664,5.275557600614776,12.187551760813637,12.880419233175651,220.9948109205389,0.0,0.0,0.0,0.0,0.0,-9.153567919952312,-20.688472840892484,-17.116966627988177,-14.786511783266032,-24.076227353281208,-22.428703494575924,-22.428703494575924,-25.223004243874495,-25.695129769357475,-25.201597966909574,-25.77426766913164,-26.046571977861973,-27.54301296615645,154.69947473301187,66.29533618752704,58.26592373056613,45.164466356827724,32.3955823747051,-20.88233767704091,-55.34207657853583,25.400424954991134,14.574485986346719,36.86102519647319,5.657971913667041,6.637896547634682,15.125083477245465,0.0,25.400424954991134,5.587284325242369,8.580548569723916,-2.5695413258077755,1.3623389470199063,4.299870663451735,1750.4890685558535
0.0,17.49108128789456,74.39579166837763,41.223407451191434,6.350745833429667,9.696872362382138,0.0,0.0,24.39590603442361,7.32941451265723,2.938140712831823,5.223076536158966,10.86671641930063,12.40518532999417,212.31633814864188,0.0,0.0,0.0,0.0,0.0,-8.780502737542136,-19.762780132537223,-16.526663523571415,-14.257126130279335,-23.12122609198186,-21.533872430873355,-21.533872430873355,-24.167972717274875,-24.59507221620328,-24.158116313469385,-24.729336127554593,-24.941862322747742,-26.393947861392334,148.39450291604084,63.92183523260103,55.47445266957152,43.93240010225317,31.496568856321606,-18.921338998806107,-53.895449852578444,23.944189495514248,13.738914009319755,35.17220840291456,5.213123285507899,6.286345473487083,13.975867281537441,0.0,23.944189495514248,5.054431939981154,8.23276553042924,-2.274982572676076,1.0632689373281172,4.1724197995649295,1681.747310974823
0.0,16.841762821605354,79.51249469776789,39.353068605016865,6.517978407324983,8.922232323285376,0.0,0.0,22.752054102332178,7.736648817842588,2.6829022147209542,5.111954843652235,11.005000657768502,11.913102184231299,212.34919967554822,0.0,0.0,0.0,0.0,0.0,-8.802459219496903,-20.203599922318087,-16.454237470264854,-14.181691094475084,-22.759242160346975,-21.249586571791628,-21.249586571791628,-23.772235551606855,-24.22460715511249,-23.76687770170292,-24.34541200831439,-24.563005996825463,-25.930714536297664,148.76557748008963,63.58362219545859,57.59024449573764,43.397108953992465,30.936461208754203,-21.92225020203025,-53.966905148177815,22.9310878994203,13.157607395702831,34.035199848709986,5.066040931905156,6.200577960077451,13.846348633442004,0.0,22.9310878994203,5.353510100658387,7.98313109213258,-2.3831387171842007,1.0886231164252163,3.929971092098719,1682.0076055192333
0.0,21.92152963402909,94.81362628108937,46.656641866910995,7.896508046304554,10.958114128777455,0.0,0.0,28.26144941172072,9.370873965594171,3.4490598160308257,5.8320268039790815,13.320735711914548,15.019383287689982,257.49994895404075,0.0,0.0,0.0,0.0,0.0,-10.68049682060055,-24.32840223187004,-19.903109461042504,-17.172893213885413,-27.657228307160906,-25.830800497734984,-25.830800497734984,-28.949131078007262,-29.49256803904634,-28.927946135726447,-29.545514896383164,-29.855243190827384,-31.630701629169433,180.50526991043688,76.9946790436039,68.93926055093948,52.306106173105455,37.3383735523629,-25.87436573014989,-64.83534189401784,28.345882922209633,16.264557547852778,41.60120265564437,6.388727142109298,7.381598018929132,16.87276336582849,0.0,28.345882922209633,6.431206639515699,9.91778441882599,-2.9396673260784727,1.549571214950051,5.1015988688639915,2039.644478167458
0.0,19.18117177085118,77.2458051736035,40.291806875058775,6.812593082760056,9.211553543069703,0.0,0.0,26.48852761928137,7.654946481925355,3.0649208636223313,5.06153283141444,11.084683155760745,12.457362382014676,218.55490377936215,0.0,0.0,0.0,0.0,0.0,-9.054113190250892,-20.3693243297336,-16.933397623853367,-14.617207287815607,-23.617900871088885,-22.156693358683732,-22.156693358683732,-24.90446862546208,-25.316047698708868,-24.78128866755281,-25.234169867569186,-25.485360513678756,-27.05399974477699,153.01864441863938,65.53625936072277,57.15619103643322,44.68741171507755,31.993869896277406,-20.08961413717028,-55.003332605978635,24.977504470305878,14.331818838521185,35.71420356826155,5.849109082272079,6.318240086315246,14.335300856604523,0.0,24.977504470305878,4.870758263275608,7.950037426270093,-2.7841882186497475,1.2567072549008058,4.507324955744583,1731.1626836460423
0.0,20.467775892973915,90.75352474203514,46.40666993821105,7.53130891930765,10.949107439152543,0.0,0.0,28.300994113674758,8.580842748989506,3.4866702226197286,5.7033470999971785,12.319384261389166,14.55889249551391,249.05851787386456,0.0,0.0,0.0,0.0,0.0,-10.318464597447846,-23.473141579716668,-19.31613867465398,-16.65478884509668,-26.83168118070801,-25.09866309145533,-25.098663091455325,-28.140627088645054,-28.627471081143575,-28.08595365149534,-28.644575291440862,-28.921115330179845,-30.69720203404501,174.38676013939238,74.6717577344722,66.44783038980053,51.03036568288415,36.44078817373379,-24.30569435223461,-63.199948457784444,27.651704364964363,15.866245485258505,40.38128853111393,6.306045604762857,7.086877411879325,16.039258075319207,0.0,27.651704364964363,5.761467366846378,9.455488369701726,-2.8193753821431278,1.3835303118821463,5.103404125812183,1972.7803162115054
0.0,19.31169028746702,83.53964636158602,38.6511214973584,6.16790898335562,9.524987249987097,0.0,0.0,25.74193312736935,7.743777597401759,2.916936896746629,4.901138206517604,11.825232647615161,12.253812113275389,222.57818496868003,0.0,0.0,0.0,0.0,0.0,-9.245194235457852,-21.154701466636894,-17.155762654241585,-14.794284170977697,-23.86619777254698,-22.32613281198207,-22.32613281198207,-25.046065965449127,-25.47754881699261,-24.970969634876898,-25.483476904040174,-25.767516508046103,-27.226080020589762,156.24800127527214,66.33018369340789,60.15814128998858,44.86483903575165,31.913330662064883,-23.381505071597445,-56.07880511194224,24.7244173572135,14.186600221524582,35.99680026017491,5.554408558722542,6.322188856937551,14.595215594527716,0.0,24.7244173572135,5.106305935425847,8.062778515942888,-2.637471661975912,1.4210506504199465,4.191033597332501,1763.030896805851
0.0,20.144751678769584,88.92558079629005,46.537860955815795,7.392237618479537,10.342668022054402,0.0,0.0,27.42345266174747,8.149542694206175,3.418600775367753,5.527276879600256,11.99989702706277,13.236095273140766,243.09796438253454,0.0,0.0,0.0,0.0,0.0,-10.0773671160254,-22.944495638994717,-18.85170747409717,-16.234158592437797,-25.972743072995822,-24.360170081624414,-24.360170081624414,-27.25796068727701,-27.7166475918333,-27.19396840298465,-27.71530183942474,-27.972077487145846,-29.584235475376236,170.31210268760182,72.78586169493273,64.99534537035574,49.76372707617837,35.408278562298136,-23.930235425934313,-62.1597929627018,26.34115630990456,15.11426734722543,38.64210967604961,6.139896078375247,6.811925907622525,15.34761966799743,0.0,26.34115630990456,5.428247391198682,8.603723604183838,-2.7212953030074933,1.2846490280222689,4.632371668956928,1925.5670640738012
0.0,21.01022379367828,87.90270574195848,44.64743086914636,7.11356172247788,10.86468797852284,0.0,0.0,27.266781453672614,9.018116032519318,3.217192444748296,5.973121328025967,12.479222157357148,13.560940756919713,243.05398427902688,0.0,0.0,0.0,0.0,0.0,-10.076455934548822,-22.825700803361283,-18.806013056846897,-16.22778394847722,-26.256799771521887,-24.464641683916287,-24.464641683916287,-27.441428864788055,-27.971223677562357,-27.443347145274,-28.08403009725077,-28.31784942496375,-29.888096419007674,170.2967033048643,72.75728097416257,64.39988315811715,49.509738670020845,35.37685768304806,-23.502822583841336,-61.226053392773125,27.059241713223948,15.526296896582323,39.79452354195963,5.965547379346917,7.14291984570143,15.821368338388444,0.0,27.059241713223948,6.269761097920696,9.048996058212959,-2.7483549345986216,1.1697985176754626,4.511944698706754,1925.2186998289421
0.0,20.723562366682277,85.67346696992703,44.90175992155423,7.0287409945637,10.689541626276169,0.0,0.0,27.071117064639704,8.140664976725292,3.3539563910202213,5.402864797585717,11.93506126299412,13.809598654642274,238.7303350266107,0.0,0.0,0.0,0.0,0.0,-9.89597741300916,-22.368039306936396,-18.490154691330293,-15.94374699518935,-25.713545184901026,-24.022723448888765,-24.02272344888876,-26.933195374190063,-27.400632932142347,-26.899549276996392,-27.44263502405681,-27.713754062005467,-29.375786263118734,167.24653393627108,71.48380109033963,62.99975700321884,48.741931024961055,34.78128354140895,-22.673709966708195,-60.47037986561252,26.45643055450685,15.180410447804254,38.765963771572395,5.9628159481918495,6.759273832750022,15.354332364354356,0.0,26.45643055450685,5.531805419553663,9.033918518117733,-2.6088595571716287,1.3564090351643054,4.7756801365245405,1890.971285959367
0.0,18.743964440191995,83.21505369832354,44.882843531977905,6.604225047841153,10.204894648723835,0.0,0.0,27.673001173386705,8.261828201087196,3.115376934936425,5.49761742311461,12.333283857709315,13.462660410719009,233.9947493680117,0.0,0.0,0.0,0.0,0.0,-9.679159054513805,-21.898879544306812,-18.223454873657264,-15.704813953650778,-25.445746438748596,-23.79062410744676,-23.790624107446764,-26.71929801433841,-27.177141657243993,-26.630979042387498,-27.20437370776485,-27.47963299157371,-29.100255398282766,163.5822047408113,70.4125446272004,61.7251123392079,48.459028012383506,34.65409994902791,-21.489941359115647,-59.8109931134288,26.621888072826586,15.275348161892097,38.651426414958415,5.958937172643987,6.874740115774429,15.612854477816164,0.0,26.621888072826586,5.418267963379634,8.805967097952342,-2.843560237707562,1.3771226926598192,4.6566933127666665,1853.4609440013016
0.0,18.836837964547616,81.23400649386022,40.80934903103525,6.354713245232941,9.370699287795544,0.0,0.0,26.503432019006517,8.044492182506481,3.2105153405460247,5.370408739915701,12.41202508675133,12.937859013170398,225.08433840436803,0.0,0.0,0.0,0.0,0.0,-9.323618259644945,-21.137125115867256,-17.449583363662004,-15.05763901700366,-24.46575204065559,-22.833565547143053,-22.833565547143053,-25.665871782819934,-26.125027524123645,-25.623591061306602,-26.193448690490793,-26.469966461213843,-27.986106610219576,157.57340306988246,67.51093533448557,59.6732174381083,46.08646270427098,32.97688496295557,-21.56078905575192,-56.80228797573839,25.745897969974404,14.772714623247744,37.330819076469844,5.821211767978973,6.75382764487393,15.385080375821396,0.0,25.745897969974404,5.4337957550735325,8.581384819142102,-2.6106964274329485,1.383418904958229,4.356474194028296,1782.8820153684173
0.0,19.305173923572895,79.64528676302014,41.88150655382267,6.635382991876427,9.335911597394283,0.0,0.0,24.337751634692,8.2317534217133,3.093729415752598,5.535539833623671,11.97961992643398,12.746533135586896,222.72818919748886,0.0,0.0,0.0,0.0,0.0,-9.22976531129649,-20.841792300944377,-17.251907044671306,-14.885900100903521,-24.071568504130905,-22.409208640496974,-22.409208640496974,-25.122266925485413,-25.616860902086128,-25.16000891096581,-25.78529880270602,-26.01789740590652,-27.453410768322474,155.98724541653692,66.74094378095194,58.65548815299225,45.4976277981784,32.528955541793366,-20.98979861002789,-56.18634395079039,24.661924234055427,14.1507423510628,36.448172380078496,5.472299682427861,6.699231064364623,14.940730035891734,0.0,24.661924234055427,5.853183155038037,8.621731795388195,-2.378570266675263,1.1636912307409517,4.124801340198701,1764.2190729520385
0.0,21.775526955988937,97.20790598102657,45.94883863361092,7.777866863811024,11.517112425044711,0.0,0.0,28.78296378412041,9.280867018082484,3.521644407981569,5.734649074107822,13.85900701242485,14.666861335317977,260.07324349151725,0.0,0.0,0.0,0.0,0.0,-10.790119599820693,-24.69580828236179,-20.08372566253392,-17.33362019752145,-27.98450269714421,-26.076607631394083,-26.076607631394083,-29.22923265718935,-29.777364928141036,-29.24070318200977,-29.874235419652077,-30.204557527133897,-31.88742393737115,182.35794490148206,77.7152985900352,70.2413935573122,52.708745818473375,37.632278569707594,-26.966512423714377,-65.30765768255681,28.657622268841635,16.443430174863227,42.262052613374955,6.31573898876599,7.38725117277615,17.0419500267881,0.0,28.657622268841635,6.486772437298063,9.8313162222864,-2.794094580784421,1.6526020986683276,4.835545113031577,2060.027418107377
0.0,21.10912076477455,87.70607207330578,46.033335250602846,7.594198184542835,10.277927827678528,0.0,0.0,28.252002867939655,8.900598893462274,3.48600372564153,6.164921431788503,13.18915362853743,14.029639866520247,246.74297451479418,0.0,0.0,0.0,0.0,0.0,-10.218179852661342,-23.048145377049238,-19.131823976812644,-16.516351171024155,-26.74023541818449,-24.94285694675491,-24.94285694675491,-27.99981819877934,-28.517628929380912,-27.98508388247745,-28.644876678356518,-28.900844899365065,-30.52856287442472,172.69190219133583,74.05107232345837,64.80762501585038,50.55378927036809,36.22136714034283,-22.8984470574554,-62.110491707159554,27.788030651980996,15.944468017488393,40.567749572098776,6.258664978848486,7.445530902513703,16.585625863058063,0.0,27.788030651980996,6.127937640255318,9.352558161274416,-2.7726612532069552,1.2806094707251994,4.677081705245831,1954.4390107259335
0.0,22.14565197821308,94.24222330684672,48.40081749710837,7.8693213340187445,11.35954159178266,0.0,0.0,27.93747935300182,8.834822444847246,3.4427318986125113,5.854104154009854,12.761738057544473,14.249518236376444,257.0979498523619,0.0,0.0,0.0,0.0,0.0,-10.666515131786763,-24.257929017212106,-19.881559207231813,-17.135934999500083,-27.459845880406757,-25.658414666381585,-25.658414666381585,-28.69739644268737,-29.213022800891874,-28.68814631923952,-29.30315590851656,-29.57332844398105,-31.24862645560152,180.26897298946702,76.82897686289492,68.65390657890252,52.26318100864933,37.2062334237021,-25.588316727944203,-65.20123979415173,27.62459573044076,15.85069084730763,40.96464915842661,6.175467264116502,7.20577783554123,16.22386246698622,0.0,27.62459573044076,6.102087079343255,9.43572014540332,-2.7327353655039914,1.3516736815313761,4.813798090973124,2036.4602629810158
0.0,18.55541668143647,82.30063659195577,38.69389900138041,6.344459988616466,9.728028143440557,0.0,0.0,25.085540881354746,7.053812984556386,3.0134453412539544,5.2226366913899795,10.505696562290508,11.681121504158202,218.18469437183342,0.0,0.0,0.0,0.0,0.0,-9.061254037802087,-20.78103310302057,-16.830092406696934,-14.507718515415084,-23.296626948169976,-21.801866482928805,-21.801866482928805,-24.41732586570552,-24.814794981902768,-24.363423478740142,-24.877407738182956,-25.068667838358635,-26.479544328572615,153.1393280007113,65.04536637112214,59.19977302226837,44.061016157525216,31.32312213948124,-23.100863569687398,-55.15017552319758,23.77474213959386,13.641686970061109,34.87385299878936,5.363481802766033,6.1795113170438185,13.602831735538956,0.0,23.77474213959386,4.703776523044308,7.627111705255915,-2.3500364615120786,0.956874625653839,4.054009798902287,1728.2302730692682
0.0,20.173358306388433,89.21704552504157,45.381715202569964,7.014345299734316,11.05813165740367,0.0,0.0,27.32278808274859,8.543559935656301,3.279484870548432,5.633702256398994,12.275628570231667,14.573540181250243,244.4732998879722,0.0,0.0,0.0,0.0,0.0,-10.130218185312152,-23.05065666418198,-18.954074758553414,-16.34169249246164,-26.407197312598917,-24.6342277322266,-24.634227732226595,-27.622338045127258,-28.115938829329384,-27.596940617123412,-28.201128643917706,-28.476772514552234,-30.213472974142217,171.205309875142,73.26799001283017,65.26462837232825,50.04455860504345,35.72276459138192,-23.952417152713323,-62.037099645969484,27.162169920013312,15.585355975716219,39.93930965850836,5.981615407362992,7.012749037640388,15.886813556101307,0.0,27.162169920013312,5.841429398841741,9.583308414139207,-2.7021305368145603,1.379046781241394,4.990231767111036,1936.4610292209331
0.0,21.06250401235013,91.92320444265196,47.774754135164976,7.672293015166988,10.940955702259146,0.0,0.0,28.98985942064162,9.021018300121783,3.6153196666619367,6.204452256918906,12.71253695963922,14.466396328329232,254.38329423990595,0.0,0.0,0.0,0.0,0.0,-10.53669388554392,-23.907967604172264,-19.738036367181714,-17.01981651424993,-27.446046776606376,-25.661668276018332,-25.661668276018336,-28.77786350503094,-29.29577506768932,-28.740330258403798,-29.34795712320634,-29.59389009307356,-31.335902205904198,178.07493468892886,76.30835955097709,67.54191907171966,52.18547233233775,37.28503927252132,-24.381285370932304,-64.55045958042707,28.326472402623466,16.25342000404406,41.37064622790432,6.507207047749667,7.434855348109785,16.48762812978572,0.0,28.326472402623466,6.129130919034054,9.460902066991856,-2.891887381087729,1.2304030911908796,5.005494261337375,2014.9576088928773
0.0,17.744054638852724,80.66019778958395,41.532154648886845,6.531296532912609,9.914015349458747,0.0,0.0,25.455811952642133,7.40218040090052,3.0088067365959015,4.859590674137236,11.67992947980703,12.508247135028451,221.29628533880617,0.0,0.0,0.0,0.0,0.0,-9.163720543892623,-20.86885315027965,-17.18582335154554,-14.815482547206289,-23.915540612480743,-22.330825789797505,-22.330825789797505,-25.03741396037946,-25.45871591884813,-24.994605959579452,-25.520771099054045,-25.803700880582934,-27.275747221198078,154.8710587103705,66.42522662843565,59.125789798388766,45.497407030699385,32.50380724242964,-21.53440799119518,-56.28926156113158,24.603110358894238,14.116995592854682,36.108475776821095,5.425165143784325,6.275088880705612,14.494206402872413,0.0,24.603110358894238,4.985821993712097,8.278472005394688,-2.416358407188423,1.415498206568376,4.229775129633763,1752.877032650702
0.0,17.986630545243486,77.94685006507983,37.48704846062608,5.824176361654262,9.034608936231457,0.0,0.0,25.25556752462439,7.3456179776012895,2.935378606475735,4.924100442307546,11.311750833263705,11.678313148912357,211.73004290202013,0.0,0.0,0.0,0.0,0.0,-8.782145019713582,-20.005986016996626,-16.371223221954217,-14.120168292325804,-22.871949467767646,-21.38849085522505,-21.38849085522505,-24.02788265101753,-24.436605861846264,-23.9547681305437,-24.453156065141783,-24.70442030012048,-26.100689967985932,148.42225823413185,63.307784667888285,56.694655742198414,43.04150523049363,30.699466716196344,-21.252194322881415,-53.45654071784404,23.992289753590434,13.766513411239732,34.72653430458631,5.4440355091808,6.18117586245314,14.066713996720912,0.0,23.992289753590434,4.836961074896225,7.666274565309557,-2.5086569027050647,1.2570754201455934,4.0120385836028,1677.1032950547992
0.0,20.867738375344402,84.7837610686434,46.38847847063317,7.461510367884697,10.507148914834959,0.0,0.0,28.785793005023148,8.343351708852145,3.2571760917995802,5.893282913892135,12.886343177888177,13.625261595818158,242.79984569061398,0.0,0.0,0.0,0.0,0.0,-10.048575896458228,-22.555041342792027,-18.859045002352868,-16.27619406169134,-26.355133457846957,-24.613371683342255,-24.613371683342255,-27.640501934755992,-28.10692232620636,-27.564596592905723,-28.200444345041422,-28.46434922356902,-30.07397039214664,169.82551793912842,72.97432775148556,63.17353864895586,49.968631498948724,35.8156094158794,-21.61022241968754,-61.3358095621356,27.516864388816863,15.788875781946714,39.992617237344724,6.0807598544935555,7.213599496479681,16.19110897153653,0.0,27.516864388816863,5.51976794615817,9.000179219582256,-2.823583762693975,1.3203165825875454,4.625082376235902,1923.2056805229145
0.0,20.721177022027497,87.95567664623326,46.054920200536735,7.156128654818851,10.741831137523823,0.0,0.0,25.574033052197482,8.387735623264222,3.191379976568023,5.487380841950734,12.840323281181433,14.15978873933586,242.27037517563798,0.0,0.0,0.0,0.0,0.0,-10.04474682058005,-22.790145451074157,-18.758075253303097,-16.172534574456122,-26.050517325714925,-24.23090236881789,-24.23090236881789,-27.109946510831,-27.617278718768205,-27.159421452146297,-27.83046665859642,-28.12443226294202,-29.708102184408386,169.76080480953271,72.50957036610528,64.38045476836938,49.417697554010026,35.24147546512578,-23.575221877863882,-61.39968365820412,26.170749404718777,15.01648972909472,39.19523351820808,5.575184144954084,6.958091289947609,15.920126945782558,0.0,26.170749404718777,6.00393145487816,9.609274626737855,-2.383804168386062,1.4707104479968747,4.550514112598005,1919.0117705178448
0.0,21.251163006846166,89.97503370722926,45.88474269298122,7.611930702478843,10.632717004049528,0.0,0.0,29.04682093180993,8.870186358477278,3.3025484502305615,5.800128979115084,13.524915662230253,14.818739584622529,250.7189270800706,0.0,0.0,0.0,0.0,0.0,-10.384995983835864,-23.493648278283196,-19.430029102954535,-16.774337932059435,-27.17670358240866,-25.37229188391069,-25.37229188391069,-28.498288099160245,-28.996481973712648,-28.42518880037577,-29.06857208739254,-29.38747488894834,-31.14192791082403,175.51117092844117,75.20775615162945,66.21534724679154,51.29896278991986,36.745697884883626,-23.75968646043772,-63.065570432085,28.415564178252474,16.304539890333544,41.27595290194915,6.2769493110462795,7.395600269668417,16.970686317184917,0.0,28.415564178252474,5.895785497661561,9.777497639114536,-2.9744008608157175,1.5954712905533333,5.041241945507993,1985.9323361738122
0.0,18.040297821406902,73.86433996634345,38.184029238412776,6.281677637205863,8.809380707155604,0.0,0.0,25.733376350508166,7.625710493294946,3.0519811439301674,5.083774958455562,11.31268054182464,13.047208553739472,211.03445741227756,0.0,0.0,0.0,0.0,0.0,-8.731849130397546,-19.613166541946796,-16.380722892299595,-14.154614141689535,-23.102139104013197,-21.584293831248743,-21.584293831248743,-24.321692640515174,-24.742692612159637,-24.234962806632616,-24.739962127960087,-25.003548497760544,-26.60512055017799,147.5722347540569,63.462222658220654,54.96447649416195,43.38063612693994,31.18682431154813,-18.8998634721815,-52.86413561173261,24.883181613184533,14.2776974148937,35.50323372083033,5.69544345208354,6.402498041307579,14.595911520283606,0.0,24.883181613184533,4.9822481851415725,8.445254492428493,-2.6434623081533735,1.3187230828520171,4.601954061310979,1671.5935964742373
0.0,19.793266987899745,92.45105831129987,47.780895849797396,7.513447303870721,10.835292043906627,0.0,0.0,27.0845303010759,8.78200150711772,3.2808763114016313,5.9356812623866295,13.092513569465021,13.773547269183636,250.32311071740492,0.0,0.0,0.0,0.0,0.0,-10.370130507135169,-23.71615638732943,-19.434134221518207,-16.742090134581908,-26.890078994892296,-25.083767404092193,-25.08376740409219,-28.055822427117075,-28.574818806714408,-28.067747761020534,-28.745100443715163,-29.00811819610692,-30.568015388237804,175.25993758889925,75.06317312850568,67.41438541291232,51.406554641464595,36.64573054662259,-25.03667289838755,-63.928855068541914,27.016226006952873,15.501614954868693,40.26660130271561,5.920908829201793,7.251559551318827,16.25884087828836,0.0,27.016226006952873,6.141968989317557,9.2913416714281,-2.6400325178001625,1.3158782889321978,4.482205597755536,1982.797094160139
0.0,18.498998753360986,75.65658481330108,39.04512176277939,6.641260142753453,9.217987683628783,0.0,0.0,23.984691000350686,7.46359259170815,2.9783993454736626,5.281742077455672,11.886625836191063,13.139904165226817,213.79490817222978,0.0,0.0,0.0,0.0,0.0,-8.851966996268711,-19.92939400315873,-16.559845478821103,-14.317523453299392,-23.32349112711874,-21.6381047030937,-21.6381047030937,-24.309581832312464,-24.75820717009822,-24.34440829755926,-25.00053656464239,-25.255200137522017,-26.722438153463575,149.60228149854169,64.1926266736881,55.955079087185034,43.71528177491148,31.432921883084195,-19.701505726116046,-53.24915757591331,24.28394808852619,13.933863773403147,35.7351308381055,5.132816342084072,6.555824391242126,14.828502421150517,0.0,24.28394808852619,5.309175595097741,8.92394526648091,-2.1544169966104096,1.2740823137864545,4.215958898745907,1693.4589916817315
0.0,17.480744707444643,73.96698185259085,39.24899020089602,6.056334159906617,9.562223477150072,0.0,0.0,25.558521711343968,7.268449636820333,2.8908386364278584,5.182099828924162,11.146586407987945,12.320213535911716,210.68198415540417,0.0,0.0,0.0,0.0,0.0,-8.713847237367833,-19.61521358311554,-16.38253574234771,-14.143856242176122,-23.071282505417084,-21.49901538230241,-21.49901538230241,-24.190598804220052,-24.598893246585334,-24.130902640167875,-24.691265755624947,-24.921259643897496,-26.384743677264936,147.26799454736917,63.41398960803498,55.06574908192003,43.4930155681708,31.22848518983372,-18.901232770670816,-53.16265733012555,24.466715952346508,14.038733974383007,35.42348330783653,5.327401381351375,6.332759666189203,14.201098783145875,0.0,24.466715952346508,4.831886891896815,8.115041323488743,-2.436562744923518,1.1506598372650405,4.205172212422973,1668.8016730777326
0.0,17.85904606491472,80.94963478715216,41.79492391997223,6.263941837023272,9.242371513469992,0.0,0.0,23.881997981498973,7.441808222159931,3.018576693795001,5.147317350793975,10.71780921876502,12.599833853822137,218.9172614433674,0.0,0.0,0.0,0.0,0.0,-9.077278928247026,-20.743072183413904,-16.976553970847775,-14.610704806656592,-23.402123045111082,-21.915038958517407,-21.915038958517407,-24.512986230387796,-24.939343704124887,-24.479113705174907,-25.00160295353827,-25.222528648488762,-26.74044548782901,153.4101559615857,65.50710548178171,58.92707609823132,44.800788580993355,31.823245217446335,-22.022558688920846,-56.18259710736602,23.615555602857842,13.550347476608332,34.88381175483886,5.41473433918461,6.252609000536285,13.974096901647972,0.0,23.615555602857842,5.045650576770322,8.238254521196877,-2.396157645389609,1.10529164974231,4.36157933262526,1734.0329009471025
0.0,20.917422862754336,90.98074051052058,47.82558639684744,7.289649223001153,10.537622886222497,0.0,0.0,27.435472869898927,8.599516201211317,3.260712894386399,6.040496623152055,12.964754808590468,14.12563676521917,249.97761204180438,0.0,0.0,0.0,0.0,0.0,-10.361829432172366,-23.549419090912266,-19.381989352123213,-16.696320827564325,-26.832845463792907,-25.061554371711274,-25.061554371711278,-28.04935538455023,-28.54593727637086,-28.02296765477566,-28.70779419570423,-28.965431858945188,-30.599287382619607,175.11964563414512,74.85796640765928,66.61408121806282,51.157894282842825,36.43024727048514,-24.366659292457754,-63.77745249486791,27.159358356867166,15.583742731538381,40.22111196027529,5.983520316655354,7.329458316372797,16.370510441024642,0.0,27.159358356867166,5.876708778942363,9.430919439564253,-2.7228074222689544,1.2889616932207417,4.694717325654917,1980.0604160801424
0.0,21.011260766410373,88.39886628737001,45.64069375826311,7.392849047808744,10.899992451525007,0.0,0.0,26.123047454050667,8.28650700216771,3.4041676546154345,5.554069105937724,12.28969245381352,13.60819492244669,242.60934090440898,0.0,0.0,0.0,0.0,0.0,-10.062998510556897,-22.841305467735467,-18.76186666693617,-16.17933815086087,-26.00678461753514,-24.232530985834053,-24.232530985834053,-27.11043736361693,-27.610398245982722,-27.155228806739064,-27.76084855280075,-28.02125866246442,-29.57933612342754,170.0692666986124,72.54007420579657,64.54668362468338,49.33568600487338,35.175636302645316,-23.85218266268663,-61.328152839594,26.16040703375039,15.01055538976727,38.99470862103909,5.773977824051889,6.856901353604673,15.463836991857516,0.0,26.16040703375039,5.9166968327312555,9.131218136735747,-2.3698101694364544,1.3028322476669496,4.476976785710944,1921.696701446119
0.0,19.496286066581128,87.3503947610987,45.12817833225188,7.007450970605635,9.800669278104111,0.0,0.0,25.65327417735587,7.772488315559278,3.1883301065715415,5.282534920331523,11.724624090428675,13.180780381899265,235.5850114007876,0.0,0.0,0.0,0.0,0.0,-9.77283846986502,-22.336416075200486,-18.25078864081569,-15.70638352321541,-25.05977177931933,-23.497962785805445,-23.497962785805445,-26.25829956703308,-26.698054440947068,-26.20476324488362,-26.74667167857809,-27.008876671740197,-28.592098831327487,165.16542960731823,70.41958179346938,63.46202760688718,48.08274824722476,34.12436768662519,-23.888367154211515,-60.42282397530938,25.091689675735264,14.39733706033549,37.11367453417951,5.756618730841067,6.594346973373828,14.962039551860503,0.0,25.091689675735264,5.2041996912897535,8.631552867425127,-2.568288624269525,1.3118120530423045,4.549227514474138,1866.0573316400798
0.0,19.14352403851675,85.10410685351945,42.91967078487051,6.444910521452246,9.478528042180942,0.0,0.0,26.8372754288563,7.575650538632469,3.2077308519678707,5.22158063437546,11.688317201889348,13.297924557465166,230.9192194537265,0.0,0.0,0.0,0.0,0.0,-9.576245709422862,-21.848179825884067,-17.89477872652073,-15.406777328732433,-24.751660845022833,-23.240022870488342,-23.240022870488342,-26.051950511449885,-26.46062932967083,-25.934508339185484,-26.4388190935228,-26.71340949342627,-28.364610114241795,161.84292224814706,69.07629720557942,61.98885748578668,47.17861284651695,33.53192787732672,-23.115249367732773,-59.083386316511444,25.560654858299603,14.666424152125483,37.079928244942465,5.9469456720092575,6.595356899651959,15.059097631100306,0.0,25.560654858299603,4.8364357185910825,8.553367862977709,-2.7392148200413864,1.3737762652764989,4.744556694487457,1829.0998222512142
0.0,20.771978692592693,92.39354541639386,47.72881607742791,7.065519380921818,10.37747243330775,0.0,0.0,29.260298850618245,8.521608184068285,3.39053826594766,5.765763931285296,13.233894300956711,13.96197726610607,252.47141279962625,0.0,0.0,0.0,0.0,0.0,-10.46503005894497,-23.837731295545044,-19.58859090139365,-16.86352567951063,-27.102451293367643,-25.419770880967594,-25.419770880967594,-28.48733070094143,-28.95316599558355,-28.375272605656672,-28.961996535930826,-29.26251208121704,-30.95075689464159,176.8637833183196,75.60762948130663,67.54912985098785,51.74433327160096,36.79834150313814,-24.84441556540601,-64.71301880510617,27.88437251135207,15.999747922521097,40.62743279841685,6.3993027264405935,7.269243745604882,16.58141389306362,0.0,27.88437251135207,5.512843723575351,9.11097785967957,-3.008764460492934,1.5034798143195864,4.850999406426499,1999.8136896866122
0.0,18.08916742090577,87.03278034291668,40.28190335192067,6.834960035666401,9.355154389356269,0.0,0.0,25.81179537774886,8.312823471856627,3.230403983753103,5.529344303006519,11.997439260713039,13.02237729303504,229.498149230879,0.0,0.0,0.0,0.0,0.0,-9.516622576074859,-21.923292041184517,-17.756430312360223,-15.314569902313345,-24.68588233331602,-23.081405766884966,-23.081405766884966,-25.882670828821972,-26.361766021990395,-25.854113896471116,-26.417055836882724,-26.664522245742543,-28.206040905699783,160.83526408779548,68.6628851430835,62.66944216350787,46.73212191631899,33.34453258706283,-24.363338179408814,-57.987661126736626,25.463731132960707,14.610810378765416,37.184796567743334,5.873461855983422,6.7674191922391795,15.18876113016446,0.0,25.463731132960707,5.669765599626308,8.592980534350957,-2.643057872230319,1.238074889232661,4.429396758684083,1817.8435946484801
0.0,21.8742215442436,91.71413444326505,46.424657323687335,7.117476000541172,10.281484300447659,0.0,0.0,28.24857431168946,8.323054940275975,3.4895431230983562,5.588106734197442,13.455706015407038,13.817490998679371,250.33444973553247,0.0,0.0,0.0,0.0,0.0,-10.389733974592806,-23.611497462997647,-19.348158772972035,-16.67072435427293,-26.793453448698227,-25.066854305045172,-25.066854305045172,-28.075240377555534,-28.549100778871296,-28.027584720406303,-28.627796631903273,-28.94413038724535,-30.55765286062448,175.59124513423706,74.74320460129542,66.78670247211606,50.80776314870252,36.12255796917486,-24.92743197114899,-63.58191447872487,27.346478252071254,15.691110080519792,40.16637209120426,6.204782663187847,7.170725081916441,16.509380045652314,0.0,27.346478252071254,5.607815400186484,9.181198620715097,-2.715239540089491,1.5826183477189986,4.636292377964274,1982.8869099671156
0.0,19.76445212621421,80.47449555028174,42.75273973179955,6.605103859936699,9.583283265978263,0.0,0.0,25.89159991794217,7.6933408427523515,3.0664674226291755,5.642430864716265,11.8008880123006,13.901511335663937,227.17631293021498,0.0,0.0,0.0,0.0,0.0,-9.411255829946288,-21.195140314576467,-17.61190639605601,-15.193885141663785,-24.607231207682055,-22.957264705338027,-22.957264705338027,-25.769252404286544,-26.205688167505045,-25.720054429013672,-26.360627011144338,-26.602853320218138,-28.2490204030257,159.0545179980782,68.12179493213677,59.523586829469885,46.510041776938074,33.25643726545603,-20.95090872081186,-57.421544868017705,25.561200790369238,14.666737401975139,37.35158346963839,5.594887990606359,6.854289525281594,15.319122687772175,0.0,25.561200790369238,5.1649202747751675,9.171417999627032,-2.528420567977184,1.211858660565329,4.730093336036905,1799.4524430808992
0.0,18.225368914401038,79.42190505854857,43.57717080148854,6.571453831108646,9.249254382068763,0.0,0.0,26.70680673318886,7.5485497283487675,2.927550578143293,5.597348722577509,12.156800256007738,13.177066004845562,225.1592750107273,0.0,0.0,0.0,0.0,0.0,-9.312035344777941,-21.013149114377576,-17.538432572875845,-15.118014417857344,-24.473610161393847,-22.885518878461934,-22.88551887846193,-25.698415609896163,-26.108722467788684,-25.591507293008117,-26.227585905643558,-26.479276376498227,-28.04489046015451,157.37764652320334,67.78162848752396,59.1054895671042,46.656064133949094,33.39072390774903,-20.316415491444374,-57.47846485439327,25.569463970859267,14.671478724550175,37.122433709771045,5.62039784622557,6.8565566015781805,15.39622487989853,0.0,25.569463970859267,4.855702460266491,8.678433501954094,-2.692847268082277,1.2592078790006713,4.498632502891468,1783.4755845554953
0.0,19.213644233841496,86.51154030166737,42.05043704929372,6.588785149312179,10.252897751748042,0.0,0.0,25.885792023259576,8.41237829268325,3.2754127419672026,5.286999636226415,12.451834016451755,13.19906677396083,233.1287879704118,0.0,0.0,0.0,0.0,0.0,-9.666839349322414,-22.097317394085245,-18.040172028497906,-15.55810877845468,-25.161298670389602,-23.442876075555688,-23.442876075555688,-26.2850311645803,-26.785618114730475,-26.307695639905024,-26.878838224258807,-27.164091446275105,-28.677789012105652,163.37399610144354,69.75479186896825,62.78970573704516,47.489409478082415,33.8812366524745,-23.721834564622206,-58.942371171769814,25.835424861599943,14.824084174336345,38.10487220036078,5.76368511571349,6.714122019738104,15.374167313161147,0.0,25.835424861599943,5.924105918936962,8.84961109373975,-2.4882723737462884,1.4271223835116889,4.34945568022108,1846.6017062030212
0.0,18.559749645490847,83.33930016657044,40.96327669281215,6.331222943071267,9.298358582545726,0.0,0.0,25.688090338851705,7.912246534405945,2.9347787346710796,5.2363565675143935,10.998653867951775,13.291229364786744,224.55326343867205,0.0,0.0,0.0,0.0,0.0,-9.313969584133735,-21.29215647753945,-17.386816524575224,-14.97555852456121,-24.07627584683076,-22.602046508657853,-22.602046508657853,-25.345578693761766,-25.773503682079483,-25.226479584963872,-25.729204664268014,-25.97409610247218,-27.642816652858784,157.4103360509335,67.14292738773857,60.5050608344987,45.78520270214093,32.560322868803034,-22.83423933207174,-57.26093564507275,24.938934506898576,14.30968781543123,36.11109166839755,5.782824223896939,6.461548873919124,14.568359988035763,0.0,24.938934506898576,5.064201045180085,8.496330938298023,-2.8480454892258598,1.2251923064047308,4.7948984264887216,1778.6753965878127
0.0,20.402552275860465,84.83823833501971,43.808754491538494,7.332286684958221,10.760173847983125,0.0,0.0,28.78860949390393,8.714882503688555,3.261311640323221,5.819831214129773,12.34236496794862,14.077197063044247,240.14620251839838,0.0,0.0,0.0,0.0,0.0,-9.93939083417708,-22.387077466069954,-18.63098375736108,-16.095896154289413,-26.186461985376802,-24.44110277951725,-24.44110277951725,-27.497583238714842,-27.98538804270017,-27.420309538932223,-28.00662495910357,-28.265561760377736,-29.975392360838562,167.9802405640879,72.16596195431049,62.87663096374638,49.29442447359346,35.40663285088759,-21.96160737127333,-60.20155789768856,27.78366020541399,15.941960303056144,40.038750222551336,6.2033562270257026,7.1152924972705005,15.959927650272009,0.0,27.78366020541399,5.772837916986074,9.164173097580134,-2.9420445867024814,1.2954612831407273,4.913023965464113,1902.18630298431
0.0,19.37079178722246,88.0299705243408,43.477418015225446,6.609961294898359,10.176932667868797,0.0,0.0,25.443960098118037,8.02993449962897,3.0023711047486055,5.248567997266063,12.043832372708861,13.1281251706086,234.561865532635,0.0,0.0,0.0,0.0,0.0,-9.734545859205932,-22.323700485278803,-18.14394167654496,-15.62252421364328,-25.052865132849817,-23.413130732900424,-23.413130732900427,-26.185048713436306,-26.64790894380424,-26.15768894454062,-26.74425286099762,-27.01675377795779,-28.546306978795197,164.51826701378963,70.0435985188454,63.59122405451771,47.693941795253096,33.86230937679634,-24.438746469823087,-59.876928589448546,25.196963735441198,14.45774216421185,37.41901801129489,5.554669742035145,6.611890575613934,15.075525025777011,0.0,25.196963735441198,5.4776358623424315,8.73310993919258,-2.5522986372865386,1.363322578347871,4.39501523141602,1857.9530433525908
0.0,18.098084694612375,82.16391068648522,40.60453654163422,6.588068404791337,9.211486338106118,0.0,0.0,25.947460911657707,7.4965239753927735,2.822622858770456,5.2692635931888345,10.76244980215193,12.575180366620124,221.53958817341115,0.0,0.0,0.0,0.0,0.0,-9.185964708540634,-21.0049437220941,-17.16308795528546,-14.785899927152444,-23.72212748058955,-22.295663174199166,-22.295663174199166,-24.99571386199898,-25.390027518982833,-24.846452101004157,-25.353148808164907,-25.57434512824389,-27.162184127865668,155.2469952432083,66.29259293020286,59.70085878442919,45.24230516529506,32.205746598871684,-22.463051902056037,-56.451864833365356,24.54368409962561,14.082897455344527,35.458406290917814,5.652713023703414,6.375909180936464,14.218297748171818,0.0,24.54368409962561,4.666433810459815,8.012686832852609,-2.830090164932958,1.1066455877476296,4.562493533767515,1754.804222481769
0.0,21.54055849263636,96.82412016545145,46.66977881271756,7.68865202633685,10.983765333520287,0.0,0.0,30.057889295122663,9.0764546505634,3.3583917149530724,6.004936112986576,12.85611261280401,14.517168108447557,259.5778273255397,0.0,0.0,0.0,0.0,0.0,-10.76889247442135,-24.646235957100263,-20.075304274951925,-17.30313775330089,-27.796615472056605,-26.083624577099805,-26.083624577099805,-29.24437111707345,-29.736448051651088,-29.11163301430586,-29.687927979790892,-29.96545949676894,-31.768626040942667,181.9991967960343,77.57863052950543,70.09821428842206,52.78137364184764,37.57905037312826,-26.72590587702939,-65.83154883996754,28.731447504532703,16.485790287535547,41.637480036329315,6.611450690041474,7.393426792284451,16.648837220483102,0.0,28.731447504532703,5.823395675474998,9.335952821470594,-3.2530589750884022,1.3884906792978748,5.181215286976963,2056.103250932061
0.0,19.745746787927185,86.32309781203274,41.501883974583066,6.296970034742942,10.22510303644007,0.0,0.0,24.463622362382637,7.800560026206289,3.2388099607016207,5.104770386748638,11.73349205290719,12.7766492654752,229.2107057001476,0.0,0.0,0.0,0.0,0.0,-9.522148973829648,-21.817999215273442,-17.676775681686973,-15.229626863701556,-24.477768085902717,-22.812056911705085,-22.812056911705085,-25.513531128012914,-25.985947247763633,-25.561503909808554,-26.118782495150974,-26.38066592328599,-27.836798505175626,160.9286627316148,68.2820429685328,62.109664299862544,46.249017172512055,32.82423447131303,-24.213433512170198,-58.11324668690134,24.556624091517374,14.090322281142685,36.696060718201586,5.448646676248474,6.414973649381389,14.60733735613165,0.0,24.556624091517374,5.590723310659435,8.592600699617984,-2.209836715546854,1.3102032626327516,4.184048565857216,1815.5667685262897
0.0,20.52048745139367,83.12965822547223,41.43444297435079,7.002825528379711,9.994291366205088,0.0,0.0,25.725489624346128,8.346130159500559,3.079816732135666,5.761262972774131,11.671690423416452,13.115855680470194,229.78195113844464,0.0,0.0,0.0,0.0,0.0,-9.532457906334356,-21.562785737498203,-17.73834638082518,-15.318178154289571,-24.76336380992964,-23.08220022558985,-23.08220022558985,-25.893396483540126,-26.38134668618723,-25.88742493890674,-26.507726125904412,-26.71914185689888,-28.250182058963933,161.1028883950373,68.67906274340733,60.768438809738,46.53974860759315,33.27421352631247,-22.361219415734226,-57.472529720627165,25.554006526227386,14.662609411907916,37.47792102071291,5.651388280427893,6.818976255716242,15.013265118363693,0.0,25.554006526227386,5.774558611208333,8.716567702580845,-2.5715715482922263,1.0577132829421112,4.399287977889349,1820.0915756520142
0.0,21.148864104199475,94.34987112116261,45.3890027543576,7.54133784725512,11.243736325134334,0.0,0.0,29.25326731118406,8.731860508389712,3.4547053153452887,6.03272009231266,12.795947344740997,14.47635812177613,254.417670845858,0.0,0.0,0.0,0.0,0.0,-10.550579682782546,-24.103576270354,-19.675606029768527,-16.975141668349828,-27.405281583721543,-25.6022333953991,-25.602233395399097,-28.720004419179794,-29.21518496763628,-28.66361069661871,-29.286149576060037,-29.549966692517316,-31.285651968564153,178.30961099852198,76.10805984733602,68.45985041961626,51.75264488989326,36.94825158481298,-25.890020701546348,-64.12881409210877,28.340796507414748,16.26163901868328,41.38615949278516,6.326440989930444,7.352597601104314,16.46338457661607,0.0,28.340796507414748,5.860124833804556,9.4890433811094,-2.871735674585156,1.319877508791654,4.987314740666729,2015.2299043041696
0.0,19.854151810263428,89.58030558655075,44.12424882862846,7.3634820302511095,10.12721069380879,0.0,0.0,27.418776726188767,8.36595372442719,3.080635654191609,5.579716149273328,12.175933127737117,14.52423856084206,242.19465289216265,0.0,0.0,0.0,0.0,0.0,-10.040429647576946,-22.93616668359104,-18.756116369375764,-16.171918964039694,-26.0103531546292,-24.36805459738196,-24.368054597381963,-27.320279752618003,-27.77766575031975,-27.210463510523144,-27.798310880761093,-28.080077951370924,-29.86253544268149,169.68784261580103,72.5068102763616,65.1398547053295,49.431072605483315,35.26276349472479,-24.440450881221253,-61.367784500975276,26.835970868430547,15.398186528178359,39.03830723985996,6.0337373348111765,6.9893973110194825,15.887961900220509,0.0,26.835970868430547,5.4128520438076215,9.402528626612513,-2.953101680619568,1.4096811617461542,5.121709934229546,1918.4119780208287
0.0,18.701694977176988,79.22248087102689,38.59712570511016,6.290771149441047,9.603251796729833,0.0,0.0,23.81643920674345,7.262117335467271,2.7215443071224357,5.082540643173862,11.594631781452039,12.091901999170947,214.98449977261498,0.0,0.0,0.0,0.0,0.0,-8.92131288044893,-20.306271508359803,-16.59253012275135,-14.321452194581838,-23.153275961194606,-21.526017025622387,-21.526017025622387,-24.12133499704952,-24.550086461821234,-24.12981127559689,-24.76442080137729,-25.007408589330414,-26.34868963969608,150.7742585845687,64.21024118804625,57.508504459821516,43.50735731795836,31.05670182961184,-21.713976411205373,-53.93203344026383,23.591655044333578,13.536633597573038,35.04413842795322,4.909679810971771,6.298208983943876,14.232997836307742,0.0,23.591655044333578,5.073981831617934,8.23786760354523,-2.1881355038493364,1.2156683407700148,3.8540343956257175,1702.8816884583944
0.0,21.715981313996085,91.89504829722193,45.509060943318,7.667630956002218,11.462336946108373,0.0,0.0,28.307896567772925,8.504229808899435,3.482517621381112,6.183046574901091,12.811828636299074,15.224823081052302,252.76440074695253,0.0,0.0,0.0,0.0,0.0,-10.478292017445403,-23.773191259270625,-19.542094223348258,-16.878883053450004,-27.35663860517881,-25.442033061354508,-25.442033061354508,-28.545764275820208,-29.048432522329563,-28.55759895035498,-29.26534055669691,-29.520858790627045,-31.288756015740447,177.08791646857196,75.67648427838057,67.15613093814827,51.40541178483923,36.81039243158843,-24.738917359073668,-63.24415031817274,28.21317347937189,16.188410321248426,41.575095435794,6.0380107851994245,7.461404759462496,16.613342945023703,0.0,28.21317347937189,5.948736645081122,10.144950587766267,-2.555493163818313,1.2783581845614052,5.079872493286034,2002.1344328609744
0.0,20.496485706677497,91.62662513375898,42.25088411118675,7.339046498131675,9.947301058385875,0.0,0.0,28.50192751149808,8.335609001719185,3.2723322605463916,5.77277369885225,12.944035945703993,13.226621640763948,243.7136425672246,0.0,0.0,0.0,0.0,0.0,-10.115525847986701,-23.185573956525417,-18.80613221849524,-16.22764096266642,-26.14126484866069,-24.475179332594774,-24.47517933259477,-27.45744727933392,-27.91838920915328,-27.3650979770736,-27.966485066675908,-28.23877925840022,-29.811668693614457,170.95700267004733,72.75663989717728,66.02034706540736,49.28882923382791,35.15134066413455,-25.606278068351614,-61.23227869458128,27.109062328326008,15.554883420544929,39.336655368598784,6.1530071815631056,7.135062030472692,16.10128509817711,0.0,27.109062328326008,5.454934080702471,8.707084156670383,-2.8806749210167135,1.3622883316204426,4.519537484093565,1930.4438208065003
0.0,18.77285961422196,81.20449444465847,41.07793849066739,6.596057339065763,10.20864519663383,0.0,0.0,24.632799011792947,8.004552487332125,3.1437177687730222,5.397853436995911,11.848590237879963,13.014589775496528,223.9020978035179,0.0,0.0,0.0,0.0,0.0,-9.276330099690194,-21.054986436601663,-17.342384112200307,-14.972203741402689,-24.297920204786298,-22.557381700850232,-22.557381700850232,-25.300791631642976,-25.78986582459084,-25.364105750709864,-25.987969187871194,-26.22958488773418,-27.687223395768424,156.77421158847716,67.12788621504075,59.4971780416803,45.746676568228864,32.757497364346065,-21.707316402978165,-56.285451693127946,24.9378232050972,14.309050162614025,37.003874547193114,5.360409984532788,6.606657218579791,14.828162147446704,0.0,24.9378232050972,5.7878602715723595,8.826214084345908,-2.2166922157597657,1.20880378158388,4.18837569115062,1773.5175454988728
0.0,18.66241391120607,74.42584560249946,41.237690015269585,6.2263857012230845,8.996109892361297,0.0,0.0,25.331381064735595,7.237752981554358,2.723865713362147,5.047142036320128,10.63634274265904,12.71405095026901,213.23898061145977,0.0,0.0,0.0,0.0,0.0,-8.830890521388007,-19.807280447720764,-16.560937419684127,-14.272976673802379,-23.026009853903787,-21.604294081564003,-21.604294081564003,-24.25741031326544,-24.637750188235387,-24.112114260470342,-24.61948568514202,-24.855743069193487,-26.453625540359045,149.24607945560263,63.99290115585715,55.44471347341896,43.84101008561773,31.297941985359852,-18.981132129080507,-54.332955257225066,24.11704601128479,13.838097187207941,34.73150218276886,5.460555085804703,6.2291381542482025,14.045699050354651,0.0,24.11704601128479,4.501063609111803,8.122698524645326,-2.736689372442555,1.1819961179280742,4.591352425623684,1689.0555167133227
0.0,20.683780374562634,86.42929074901483,44.811112017001896,7.500850872567365,10.34839488529606,0.0,0.0,28.815267057980023,8.909164861049536,3.218957702745578,5.696657144771014,13.476495461554597,14.606702428316435,244.49667355485997,0.0,0.0,0.0,0.0,0.0,-10.118866440217946,-22.799410846344685,-18.97236964646878,-16.38969590597459,-26.65066060844992,-24.866352041927506,-24.866352041927506,-27.96694980074739,-28.4658382984497,-27.888637414874104,-28.520765690543165,-28.84334534885101,-30.572732734114208,171.01346020310876,73.48321335175122,64.05285854486407,50.21269967247524,36.06412161120683,-22.37643220415076,-61.3316015315647,28.184690108352736,16.172066874534515,40.71488255882599,6.224116673826932,7.310523756277114,16.831847243425887,0.0,28.184690108352736,5.9040058899681815,9.637484034939046,-3.0051589710813547,1.6138666115060998,4.969218393377389,1936.6461708910415
0.0,20.40648957811384,86.23393994324293,41.99087624580897,7.238686160985095,10.549121797841066,0.0,0.0,26.775100271684273,8.131020530479438,3.3645296429277645,5.817651231635767,12.494419185382252,13.217611574459168,236.2194461625606,0.0,0.0,0.0,0.0,0.0,-9.794913836540621,-22.241457529140334,-18.24566956766234,-15.76467524840273,-25.55764598485998,-23.758931624500764,-23.758931624500768,-26.659247036096,-27.147367779329976,-26.695149780276875,-27.350013109765886,-27.587667049082675,-29.07640803085421,165.5385133773977,70.68093278516288,62.870857668332135,47.928514808993405,34.33265132195829,-23.363082274910795,-58.916986921387064,26.36410700477441,15.12743620488629,38.85791102474903,5.7189733304015995,7.006634318071628,15.583181578434738,0.0,26.36410700477441,5.7765768430056035,8.93986609497082,-2.354443687473834,1.1889830864358606,4.277745479488347,1871.0826583007804
0.0,20.014235878364346,84.3274954332906,44.948229895456976,7.232826666896484,10.497266202334869,0.0,0.0,26.309173379398814,7.860620044546449,3.0101103860864753,5.461109726995335,12.7851500083274,13.120804069845397,235.56702169154315,0.0,0.0,0.0,0.0,0.0,-9.758043373313644,-22.060270414771047,-18.26586379328066,-15.758140886108233,-25.429208502528017,-23.669965425861747,-23.669965425861747,-26.512855730950903,-26.972850923608107,-26.508638870157032,-27.182508632203188,-27.460902654502746,-28.923867575683936,164.91538572441513,70.65163596712802,62.14187524098286,48.252157554259384,34.50711705080854,-22.18562019230773,-59.55171947690395,25.842108036443612,14.827918906955029,38.37420687413611,5.427000340015123,6.853915521970112,15.596024809816004,0.0,25.842108036443612,5.443730090617802,8.917123473382016,-2.4168899539286475,1.3928057949747776,4.20368059646338,1865.9148360346503
0.0,22.259004914414216,87.72647500773263,48.1516517728493,7.302957892600517,10.444305897728162,0.0,0.0,29.02671512699145,8.605655436178317,3.2735422889003125,5.696001667576829,12.694511517666644,13.94513674818703,249.1259582708254,0.0,0.0,0.0,0.0,0.0,-10.326713479092748,-23.196654074778408,-19.311378375315762,-16.63873677519834,-26.75223981826319,-25.098972725207886,-25.09897272520789,-28.143603819467792,-28.609990906501586,-28.01720879476334,-28.575838714532168,-28.862211262016892,-30.57973196271025,174.52617000325753,74.59978826756787,65.00954991001501,50.95658403030294,36.30103114852537,-22.71692509771762,-63.46809784178158,27.675948497953915,15.88015650356365,40.12976368171118,6.359823914027856,7.1287240384229555,16.196909831532206,0.0,27.675948497953915,5.519373811050774,9.01001606347534,-3.086281625127543,1.4327223708461263,4.9351206847116895,1973.3145082912527
0.0,20.751190555669506,88.73721495997755,45.38879272973751,7.60466728009648,11.186499783409674,0.0,0.0,27.72068522760822,8.51247337361161,3.391817311506151,5.917500425545258,12.904507251622894,14.121999883621653,246.2373487824065,0.0,0.0,0.0,0.0,0.0,-10.199435468025866,-23.104662512980756,-19.0770045855326,-16.47423294897875,-26.69002421825883,-24.81991794391934,-24.819917943919336,-27.841044084681222,-28.347851137366135,-27.864841803824266,-28.539601198668233,-28.801998840537397,-30.410044594617617,172.37511353770265,73.86223524470385,65.1877913065357,50.349189641031835,36.086942034465636,-23.54942365344185,-61.80887286995609,27.46228652633292,15.757559601475464,40.53563712911707,5.906574085296294,7.230276300415955,16.21228695999515,0.0,27.46228652633292,5.997716599821468,9.501444300378703,-2.5147567737901415,1.312775874870697,4.62055558324295,1950.4339740753517
0.0,18.7151072467156,77.60506819827042,40.77646989145023,6.135412704065651,8.851941375987172,0.0,0.0,23.068666307877212,7.756327584991259,2.8568901066491397,5.114098434399846,10.63437247809422,11.88773641644197,213.40209074494274,0.0,0.0,0.0,0.0,0.0,-8.855652065680236,-20.082936797018718,-16.509604061165312,-14.216018667067901,-22.775514260230985,-21.32060346465237,-21.32060346465237,-23.85148546722319,-24.30018223217157,-23.830320104681306,-24.34830687772585,-24.55501995691185,-25.967962969483963,149.66456085313902,63.73752989180372,56.712050974079304,43.40943736096345,30.82796527138065,-20.893017224191112,-54.466525625680625,23.005926757302284,13.20054911370038,33.96355683343815,5.303196804677285,6.148284341874298,13.660134310899394,0.0,23.005926757302284,5.310020886963114,7.827788676162342,-2.4463066980281445,1.034185907474452,4.059947740279627,1690.347504088245
0.0,18.94872570973836,85.4745195098741,43.60408813251593,6.456431230702385,9.432916863635295,0.0,0.0,25.821601840979483,8.026726372292357,3.1168164980422297,5.172058144724492,11.741914596395048,13.345186604514412,231.14098550341407,0.0,0.0,0.0,0.0,0.0,-9.585331875141604,-21.90030804793859,-17.920740112566637,-15.421989928709811,-24.725709438765204,-23.201346345074253,-23.201346345074253,-25.97927046346639,-26.424382168436566,-25.894435640898806,-26.405888822871255,-26.68492476438253,-28.318444907433957,161.99648259492318,69.1445029084909,62.20627455067422,47.27432076579533,33.567161568715264,-23.268244959199876,-59.33864126945677,25.25156002538073,14.489068918155546,36.916591977047034,5.87594872867567,6.568075462671711,15.039650922064357,0.0,25.25156002538073,5.2675941416589165,8.651432960897882,-2.7591322306334405,1.3960173179472193,4.69375364361653,1830.856420264253
0.0,17.3993683431358,78.50330279511931,38.9161500063485,6.2547623736972975,9.970763887974687,0.0,0.0,24.50431551400813,7.752476116435793,2.985877989400179,5.011301135114214,11.017646118250315,12.268326708195325,214.5842909876795,0.0,0.0,0.0,0.0,0.0,-8.887742670303881,-20.249011735999698,-16.637805519131035,-14.358731788263889,-23.296589617556876,-21.693212661228017,-21.693212661228017,-24.352668187729968,-24.809192140038522,-24.357861099927522,-24.88031642179964,-25.11612017407881,-26.553254913632994,150.20690671461688,64.37738427306263,57.388842075545774,43.95453067619756,31.46416561973779,-21.114460719573536,-54.12191239295054,24.174670725406365,13.871161617819649,35.46487512615263,5.335703782657839,6.191027732468488,13.967379723051618,0.0,24.174670725406365,5.4026503231781335,8.138866506039747,-2.3498257932576596,1.179726597354274,4.1294602021555775,1699.711654283151
0.0,20.09218270475873,93.59236371721398,45.17940231542468,6.875483337284393,10.883218069899826,0.0,0.0,27.339086519222327,8.602772694190808,3.4160157814834866,6.0486998094211435,12.486176634930883,13.890896808855059,248.40629839268536,0.0,0.0,0.0,0.0,0.0,-10.30539710142004,-23.67685079810719,-19.221598736812496,-16.558575447877946,-26.66150817246893,-24.87936451610885,-24.87936451610885,-27.855697785907967,-28.361962379058998,-27.860376234863512,-28.50743710577731,-28.74076017245908,-30.356350892058188,174.165913493663,74.24038489902235,67.5428281895598,50.56829421161783,35.962608387726625,-26.049535527654186,-63.239688647222756,27.055115624026172,15.523929391735535,40.08782130224182,6.0274915153070525,7.216015532263697,15.961096184771247,0.0,27.055115624026172,5.991296960367243,9.24866153617214,-2.611475733823565,1.1673157228425532,4.642235272682919,1967.6141176598394
0.0,18.43250016464038,79.77281526157849,36.6001882549551,5.851235968371281,9.030082932418463,0.0,0.0,22.760578230682658,7.382794702143101,2.9807961054237526,5.223917170257224,10.72211310265744,12.167455484813395,210.9244773779413,0.0,0.0,0.0,0.0,0.0,-8.765343266340528,-20.09248439045591,-16.234669686945768,-14.003828793771133,-22.59404265140858,-21.04245570805711,-21.04245570805711,-23.571647273581487,-24.016251410092604,-23.60883112632286,-24.184661077678598,-24.383351982679617,-25.77798242501197,148.13830093528017,62.7861764426611,57.21645261461514,42.362332240274725,30.127015915749958,-22.556362646963343,-52.97651135537013,22.990560544717578,13.191732149008809,34.085445034669654,5.1020033932341455,6.217968125835652,13.73539058318139,0.0,22.990560544717578,5.261587414332707,8.160127048711015,-2.1212072878103934,0.9940509555784285,4.00732843610238,1670.7224500112814
0.0,19.003213930309666,87.88241841508513,43.25241809041561,6.722903402817326,10.127636947108883,0.0,0.0,26.232940013548706,8.05606651330876,3.0663012337944333,5.79770747501584,12.329851926184253,13.72577010881826,236.19722805640686,0.0,0.0,0.0,0.0,0.0,-9.791010305887221,-22.420479394767007,-18.300784844625152,-15.774433994051742,-25.456771144495857,-23.73775003402571,-23.73775003402571,-26.597928594115388,-27.063269543274007,-26.573669085990545,-27.252294396455436,-27.496400768961685,-29.079318609272466,165.4725419281261,70.72468612828077,63.79486330696461,48.26324035128137,34.41122433957051,-24.08755510812052,-59.994083366739694,25.999259704478543,14.918090815006357,38.418923698294236,5.61537426593613,7.01897209631986,15.656940388929364,0.0,25.999259704478543,5.506993481167064,9.177417024769131,-2.5490730321416963,1.2212646213040204,4.548353084049129,1870.906669770624
0.0,20.474840754669305,86.82835344278189,46.70083957350335,6.955499963997682,10.224246101171413,0.0,0.0,27.528485862360927,8.55013035463481,3.315994040873824,5.937432862893291,13.025271372648401,14.407277165307237,243.9483714948421,0.0,0.0,0.0,0.0,0.0,-10.101211382256382,-22.81482975408343,-18.948110081643645,-16.333952963126546,-26.42574528626891,-24.654532126923556,-24.65453212692356,-27.65646158943907,-28.149041367970412,-27.62646041137719,-28.296399547274493,-28.57128206211961,-30.24869970227861,170.71508166733787,73.23328982750424,64.21992408863477,50.17524216984608,35.845074654187734,-22.60842935414712,-62.07924764942054,27.287787133128887,15.657433758487219,40.043616868273794,6.036777904013421,7.312670579748975,16.469922283339983,0.0,27.287787133128887,5.8293464914952136,9.587388537759972,-2.720783863139596,1.3752377168556835,4.8198886275472645,1932.303097140441
0.0,20.715132482054912,90.20464439375182,46.32550872238307,7.266355019383339,11.467085439593685,0.0,0.0,27.31442001674584,8.366683087593689,3.3241581535982485,5.714371761209816,13.212273674361697,15.066174479413778,248.9768072300899,0.0,0.0,0.0,0.0,0.0,-10.313775485891917,-23.411942541575854,-19.299994655897184,-16.654239604907968,-26.996616965585005,-25.07046631794457,-25.07046631794457,-28.106089823787308,-28.607759018706574,-28.141073183494274,-28.84975840768114,-29.155542538919118,-30.85745237547122,174.3075120143978,74.6692952156921,66.1623834706467,50.965399103931865,36.464596957764286,-24.04226092310512,-62.82961412940429,27.594068774136318,15.833174813711606,41.03792302466883,5.753927691851487,7.244210320535302,16.57269957268835,0.0,27.594068774136318,5.936913549340449,10.175910021761638,-2.4297695382532396,1.5298385593254862,4.89026445765214,1972.1330902059876
0.0,18.22750645631539,80.8562191375706,41.54803583928358,6.835720703670714,10.106079312602537,0.0,0.0,26.19139281940965,7.466367481799177,3.0623083600850287,5.144041737210799,11.631438516318875,13.139138868550416,224.20824923281677,0.0,0.0,0.0,0.0,0.0,-9.280837346035486,-21.060429908124494,-17.408201932003422,-15.023497791264417,-24.327663534139873,-22.699674235192088,-22.699674235192088,-25.483314576019293,-25.90496468613748,-25.429317669120145,-25.98639308121103,-26.254268872569533,-27.81968695913956,156.85038610842466,67.35786312439211,59.501907168202244,46.094399875045006,33.02657260886204,-21.35431196936836,-56.63035242790325,25.30352096016003,14.518883534136195,36.91836260168025,5.5387337103080325,6.4842248038433095,14.789324774926369,0.0,25.30352096016003,4.989942131576174,8.641069543310412,-2.4764253502230034,1.3401830666325107,4.498069325240005,1775.9425559689291
0.0,19.952498277695508,86.21889054739123,43.80714241256726,6.954656903611924,10.363214025810128,0.0,0.0,29.881468050395572,8.503668643097672,3.244477387446199,5.909727063642188,13.500637287401071,14.632656729336237,242.96903732839496,0.0,0.0,0.0,0.0,0.0,-10.050879648683871,-22.69768194042705,-18.877475040891365,-16.305246621766265,-26.647093790902073,-24.85693346491306,-24.856933464913062,-28.002496879347962,-28.467161182110736,-27.890051754489498,-28.551776586878756,-28.85878551265718,-30.60343785128036,169.86445240297232,73.10458492542264,63.882418001430366,50.060091834207654,35.96944428963881,-22.33647254596086,-61.0835530545025,28.593431637441153,16.406598292740828,41.03581925694709,6.24916019903175,7.445693272259437,16.977751759845777,0.0,28.593431637441153,5.498985831512122,9.619576048274283,-3.0046828115855506,1.535966208617249,5.013080681061954,1924.5458391953873
0.0,17.97384880513306,79.46824520120397,40.38797887880959,6.3747294661981595,9.623122766528358,0.0,0.0,24.0458035369138,7.526550392527963,2.9888164163483077,4.713418503038476,11.762901651949111,11.777194296897026,216.64260991554784,0.0,0.0,0.0,0.0,0.0,-8.980198851811622,-20.457957279390737,-16.78235430969483,-14.469307720497639,-23.32481648274533,-21.738616273588445,-21.738616273588445,-24.34591532986205,-24.793061766561966,-24.36380902079873,-24.89010780052767,-25.1710475601006,-26.498737986844663,151.76945837099242,64.87315154455541,57.97726134050171,44.24997423935577,31.568373986001923,-21.490983860702258,-54.92867701726888,23.700564096660354,13.599124420452402,35.138119047090285,5.22369300177671,6.118960626177008,14.172342652608213,0.0,23.700564096660354,5.291673807099561,7.962211173099392,-2.2348765854284025,1.4055421231385328,3.814983123797634,1716.0154976531685
0.0,21.840907470736827,88.71704173527469,46.22116507922583,7.087369940374163,10.738538617920096,0.0,0.0,28.22078796077219,9.167467835760633,3.5657011644704832,5.677691425899086,13.390479039776467,13.774528594075825,248.40167886428628,0.0,0.0,0.0,0.0,0.0,-10.297057131130032,-23.230580677437647,-19.230818855412043,-16.588982440923665,-26.85583205221868,-25.050417387319214,-25.050417387319218,-28.1118846525024,-28.651682719806306,-28.11785776178776,-28.696545856952866,-28.9999511803869,-30.596144298865404,174.02496419013067,74.3767146741556,65.3307245860868,50.66788636729816,36.185445766008925,-23.38631714918789,-62.736556981438525,27.828990684330396,15.967970435992589,40.73823351835178,6.345026191900832,7.195628805496991,16.45903990303386,0.0,27.828990684330396,6.388142808330283,9.188030351220522,-2.7793250274303496,1.517937379597905,4.586498242855303,1967.5775266017472
0.0,17.056875345032378,82.14676128734929,41.56611937083041,6.04116791015793,8.866647619443798,0.0,0.0,24.557811772263157,7.178913679593071,2.979060039463869,4.919363601380636,11.714096677761058,12.533433046369838,219.5602503496454,0.0,0.0,0.0,0.0,0.0,-9.100056212680828,-20.903364251288345,-17.05090309672661,-14.668258584844272,-23.53074004551814,-22.044882347051647,-22.044882347051647,-24.672023019049814,-25.07331083898289,-24.60659122670377,-25.148058585989066,-25.4284860907146,-26.9098934125366,153.79510246207246,65.76514788757295,59.62170045263179,45.0932786073377,32.02324805707065,-22.5250608347175,-56.581441745009194,23.880926024890183,13.70261412190874,35.1657862894765,5.409005435825216,6.322342912594992,14.567790321612497,0.0,23.880926024890183,4.748968283231724,8.276760091304043,-2.4299453963613473,1.4029793112143567,4.256672955065795,1739.125984567274
0.0,19.713335884727165,85.83964833151691,41.03656857256786,6.562059734967182,10.338193303031257,0.0,0.0,25.80845821600434,8.186206033227927,3.1731849406010184,5.620604178120475,11.917496581411196,12.508012486504029,230.70376826267932,0.0,0.0,0.0,0.0,0.0,-9.57472179476698,-21.86921764833463,-17.809508398285182,-15.364467457508992,-24.83001480123306,-23.123707450014308,-23.123707450014308,-25.91930346034675,-26.406683081486594,-25.94218101924462,-26.550540912706897,-26.77144683902316,-28.1951396147096,161.8171673950816,68.8866008675977,62.102822920481145,46.70364452993535,33.29736405993795,-23.736825411035767,-58.063190234533145,25.412198984932694,14.581241795932197,37.558714958035345,5.5915848064935245,6.725796925350206,14.903139923160353,0.0,25.412198984932694,5.767806167335421,8.417176397525143,-2.418399865892506,1.1051927472297312,4.090836088978886,1827.393243924038
0.0,21.42438037062973,86.55019558422855,44.29744607409901,6.9212298584632315,10.850832508326627,0.0,0.0,29.726060916492763,8.241861945652982,3.4991571358487112,6.0442820015569305,12.701923540279125,15.001494752260577,245.2588646878382,0.0,0.0,0.0,0.0,0.0,-10.1575894121856,-22.845532924561656,-19.004205597530373,-16.41372963402519,-26.77994169279199,-24.974772601519074,-24.974772601519074,-28.115658581381332,-28.574632936204214,-28.034875368288816,-28.670708329052378,-28.939948867051385,-30.75873260161247,171.6678960991313,73.59096858870691,64.09023343120694,50.173639889659555,35.9796424076351,-22.459962153021607,-61.516883483856134,28.550913370259657,16.382201776135357,41.13249765402269,6.30936991200012,7.391292898089947,16.581002335605998,0.0,28.550913370259657,5.431649169501574,9.775405060400685,-2.810212776151408,1.3470108965330168,5.226089691859892,1942.6834495079968
0.0,18.855432885400912,81.77109592728976,40.90481401281648,6.356112049667903,8.870218116832168,0.0,0.0,25.346553069166053,7.702167655074953,3.0486565767245537,4.766945660448845,11.622066396552801,13.020062392655102,222.26412474262952,0.0,0.0,0.0,0.0,0.0,-9.22054699070998,-21.00529846959795,-17.20105600121546,-14.817143419473664,-23.802047300796445,-22.346724540386894,-22.346724540386894,-25.053663121078596,-25.474159955681916,-24.95060138366587,-25.412700886744393,-25.71838595286269,-27.32546939858807,155.83145159219166,66.43267315043788,59.52796625189661,45.26150754597027,32.18654490892388,-22.243129675393156,-56.61155501642825,24.60629561577771,14.118823258411199,35.65155099326555,5.774530331168499,6.296288596802119,14.710513948462767,0.0,24.60629561577771,4.976293900631006,8.40227190439186,-2.7258737544439464,1.5293429363532747,4.617790488263243,1760.543241144256
0.0,17.55247303322836,75.73474545378413,38.141283584704865,6.526308492382949,9.618756495404192,0.0,0.0,24.4567067723202,7.724634945884708,3.0744390120405067,5.426118811392854,11.828196391469834,12.493913388910823,212.57757638152341,0.0,0.0,0.0,0.0,0.0,-8.794025373101876,-19.872430456571415,-16.49035909661296,-14.264419431527198,-23.34441004635914,-21.61859388348172,-21.61859388348172,-24.31636123669247,-24.789032212693307,-24.37975109769618,-25.023841588722362,-25.251511549683453,-26.626344743874157,148.62304162754566,63.954534753977754,55.96001961645468,43.649805600675386,31.460743377187267,-19.77472583732945,-52.860120282255046,24.522928399334166,14.070988061561925,36.02884935652702,5.205334596968544,6.565152036133158,14.639606228021124,0.0,24.522928399334166,5.593739360956671,8.543470327619229,-2.1308955849280373,1.139033224740304,3.950443061291594,1683.8165662168042
0.0,21.267745685799884,88.87878165242196,43.790496710749494,6.926813718165844,10.018022427127892,0.0,0.0,27.105615497622118,8.318143321478034,3.3267097489230157,5.69890207258996,12.985891823892548,13.410214256211106,241.7273369149819,0.0,0.0,0.0,0.0,0.0,-10.03426577133736,-22.816840436448352,-18.659008663775705,-16.09092340298782,-25.935854943226285,-24.213179172951207,-24.213179172951204,-27.13501495008585,-27.61746256251704,-27.116408761975645,-27.747480611616492,-28.02391801084517,-29.56420515851009,169.58367029469935,72.14366662028254,64.56824097141484,48.91528409958226,34.832399537902354,-24.310540681007126,-60.985164112749565,26.55972890768698,15.239681912888173,39.06408832726952,5.935413870031948,7.08191887881712,16.02873315129256,0.0,26.55972890768698,5.7094392003691015,8.984356122583936,-2.608704121108933,1.3830168062271602,4.42585813362717,1914.7103910640626
0.0,20.48324753127715,87.38969665004518,44.14753716333197,6.84539687561855,11.016087317580967,0.0,0.0,26.565101140946403,8.923451045871053,3.367435968236079,5.708092777953393,13.016435553694711,14.447643240762739,241.91012526531821,0.0,0.0,0.0,0.0,0.0,-10.022847080516314,-22.715770886938735,-18.735166262155353,-16.174735017926636,-26.318720304849705,-24.42143233530699,-24.42143233530699,-27.41275851504786,-27.95738630609641,-27.481407700718268,-28.146980295307856,-28.43457806964328,-30.057921538158027,169.39068920933437,72.51943605598385,64.11539024307925,49.411973580076214,35.380077854901785,-23.274306406965934,-60.80340166774437,27.19140241560652,15.60212926191612,40.25071536752271,5.845587711757406,7.146944960940338,16.242095377243995,0.0,27.19140241560652,6.445299302349725,9.783131234226513,-2.4781517435213276,1.4388521829869454,4.664512006536226,1916.1582486304476
0.0,20.094574479989326,86.77871698509507,42.032085613188784,7.378727809493449,10.51187552145868,0.0,0.0,28.606820144245628,8.79433148712302,3.379723140118351,5.965848588690302,12.186424962756721,14.340571827945046,240.06970056010437,0.0,0.0,0.0,0.0,0.0,-9.942246309203773,-22.54451464158121,-18.5900869027584,-16.068069507858763,-26.149241265047337,-24.407979222871152,-24.407979222871152,-27.468548915562444,-27.96460481997719,-27.403021447706305,-27.98844768010614,-28.233078334086358,-29.984925918196595,168.02849939502744,72.04120116507694,63.657464930936115,49.046282858181875,35.23017712592012,-23.12125205415896,-59.891175371637104,27.82083167613213,15.963288886339036,40.00147510986657,6.303570551327198,7.1897361911528375,15.996292845927856,0.0,27.82083167613213,5.870484075914174,9.306816342311372,-2.923847411208847,1.2238876024625354,5.033755485633675,1901.580334721259
0.0,19.787876828496206,84.6512704053495,47.1657771844844,6.979780294745656,10.929843320930246,0.0,0.0,27.593616183010177,8.213950415582337,3.3522083603295574,5.766611340846314,12.103266626619334,13.485282526022377,240.02948348641615,0.0,0.0,0.0,0.0,0.0,-9.931477970962176,-22.39403141374981,-18.6827585471173,-16.099690503428413,-26.013197248890293,-24.2780115479259,-24.2780115479259,-27.221459245988992,-27.695950985023984,-27.196825674459895,-27.79347045767781,-28.031876533959903,-29.627756123805398,167.84650956501903,72.1829739213971,62.95172724547983,49.63294337656036,35.473962114482624,-21.699543159869677,-61.340965179028395,26.75618305665933,15.352405154575301,39.33619056210571,5.950871923426796,6.95935736987418,15.496117947874488,0.0,26.75618305665933,5.615286852485099,8.899685175739357,-2.5986635630972383,1.192746029027866,4.58559735028302,1901.2617772512115
0.0,19.033184902911856,88.33766302370651,43.02726140434769,6.595949372688645,10.158166803643393,0.0,0.0,26.033923220234023,8.500478932748413,3.3285214966598575,5.741141035776629,12.041360240552605,13.198264038427997,235.99591447169763,0.0,0.0,0.0,0.0,0.0,-9.786534039284598,-22.44617828644568,-18.27469213668638,-15.746406199595787,-25.383352339949923,-23.691153153839352,-23.69115315383935,-26.5405452564455,-27.04318443612247,-26.553005225504222,-27.146876046201434,-27.377285716221184,-28.91467766901649,165.39689097996617,70.59902349173147,63.947286190640376,48.140642566933884,34.275777319480035,-24.390376833066135,-60.04003650179513,25.901209913700125,14.861830917615016,38.23881493672777,5.880607770509229,6.893881029871817,15.306159332703334,0.0,25.901209913700125,5.948392658899042,8.780724952182076,-2.552086273849371,1.1527399940951888,4.41753908624592,1869.3120747305077
0.0,18.934229274013028,84.75146593427583,38.88610700593173,6.120196488796659,9.741708487626276,0.0,0.0,25.612081917328645,8.061852529739783,2.9801110084754723,5.439621878851572,12.111403843987327,13.18762580647735,225.82640417550368,0.0,0.0,0.0,0.0,0.0,-9.371627411678373,-21.47259948417414,-17.431813241537117,-15.042179934967951,-24.413769030917727,-22.740042184604253,-22.74004218460425,-25.532497550072954,-25.99917989536615,-25.511517135132447,-26.13534515747191,-26.393246266774085,-27.915508228986642,158.38477964641496,67.44162452908873,61.125281974520114,45.71339513304642,32.61187326483539,-23.626183959755714,-56.74740694773609,25.383650263327922,14.564860851767124,37.18589435739138,5.519095546579809,6.729901593190977,15.195188729994317,0.0,25.383650263327922,5.5228679916354455,8.813561206130952,-2.538984538104337,1.2902797143394054,4.374064600346397,1788.75988198036
0.0,18.201108574846554,82.32620352974259,41.320264204714775,6.892554250192434,9.286394497043991,0.0,0.0,24.4448169643562,7.660940760926586,3.0024915833716377,5.3765313279780225,11.271858254181724,13.487474751262749,223.27063869861726,0.0,0.0,0.0,0.0,0.0,-9.253280102085387,-21.12462223845058,-17.30024701160427,-14.91824955635151,-23.992763176652748,-22.419110625014408,-22.419110625014408,-25.111948163801944,-25.551484047323523,-25.079120021029034,-25.67094669414061,-25.907553043114238,-27.51210226054625,156.38465611095805,66.88598258765921,59.965359076451854,45.638423942371155,32.57976451728849,-22.36084445329073,-56.5660758787167,24.47811597843409,14.045275184648261,36.00711697603856,5.461824255285453,6.56027331804019,14.698624905668924,0.0,24.47811597843409,5.201608089012771,8.876966109713383,-2.459332671913815,1.1837419900621677,4.610508641549366,1768.515788870451
0.0,19.053071205698995,78.4786355709705,38.90076661035833,6.083818439340799,8.810973391711833,0.0,0.0,24.352023431840387,7.607220475355945,2.848608465676943,4.9034360328410695,11.66118802588646,13.126880042767864,215.82662169244915,0.0,0.0,0.0,0.0,0.0,-8.954777921413672,-20.29687506412617,-16.673324698374582,-14.38313333939548,-23.263314874333666,-21.732515960471645,-21.732515960471645,-24.393962167163007,-24.822288844473025,-24.33476414872922,-24.88766270954179,-25.176766234602468,-26.73365022684303,151.33983304738334,64.48678864506581,57.2919995085745,43.77578707441532,31.218975258694535,-21.186636062395998,-54.38592635903828,24.19276617299667,13.881544587702587,35.23601910538125,5.3868741799675774,6.349821489418405,14.688350044283437,0.0,24.19276617299667,5.06895476106531,8.653332567793555,-2.5382657142906346,1.4463854565773353,4.473547474974309,1709.5520949214267
0.0,20.555306440103415,96.80852780684617,44.71539594661202,7.823845429005473,10.440131078442514,0.0,0.0,30.25369544349143,8.670461770172558,3.489922605470459,5.732129552384247,12.904961761063344,15.034964899028296,256.4293427326199,0.0,0.0,0.0,0.0,0.0,-10.635093695714666,-24.45338397043685,-19.834101874269184,-17.105251272473456,-27.507408404375497,-25.846927204300137,-25.846927204300133,-29.010043666411388,-29.468807344707113,-28.846249737010194,-29.378413315277342,-29.694605840038992,-31.59711796985991,179.73793638186015,76.69140635075975,69.79992056736967,52.17223331757326,37.21047605681384,-27.008607239476504,-64.8029114651087,28.752990292802945,16.498151303790504,41.2751255134594,6.731228419480569,7.31404132325493,16.78972469228139,0.0,28.752990292802945,5.4291559561624485,9.568290196939568,-3.2413058140101096,1.5819117708706827,5.466674702088728,2031.1642587472882
0.0,20.82061325336285,85.67993967996928,45.58492866655467,6.927961660527964,10.803555692422334,0.0,0.0,28.180486416849682,8.5629554673731,3.107112395400932,5.667555134092462,11.798278971914776,14.160206522072398,241.29359386054045,0.0,0.0,0.0,0.0,0.0,-9.996439786945075,-22.537299154001506,-18.7177429395451,-16.136765559643457,-26.07731733094332,-24.409738040456027,-24.409738040456027,-27.404078041657304,-27.87309643062391,-27.29449669789689,-27.852638810157092,-28.10697515184927,-29.866062912147104,168.944393898007,72.34919996253343,63.34727164245303,49.462926228448424,35.31358277374271,-22.33266803751625,-61.29131749944531,27.218798301984155,15.617848721838618,39.443503576302916,6.119554383879213,6.940000309658622,15.580393190342747,0.0,27.218798301984155,5.55051347889482,9.105647128078267,-3.0124419884782805,1.27244517556616,5.054559393994131,1911.2747335832416
0.0,18.168363050761307,81.97210457180257,42.43982736676669,6.959031041986158,10.389058802134898,0.0,0.0,26.699914317031794,7.9801884807760946,3.0623579624301103,5.252692744514876,11.8855368378506,12.874169832596623,227.68324500865174,0.0,0.0,0.0,0.0,0.0,-9.420227116709736,-21.383097787137164,-17.698357324144293,-15.273134206362284,-24.745587797539674,-23.087546663323433,-23.087546663323433,-25.922592183613677,-26.37615085251394,-25.874342956758912,-26.42793210239421,-26.692542385100793,-28.218207047016516,159.20613683808915,68.4771081705626,60.42769445081285,46.94946805486932,33.66061128164567,-21.544410120989724,-57.59256988321083,25.770798293702843,14.787002156620854,37.58611852701131,5.674988231368709,6.576538465480365,14.945533028027338,0.0,25.770798293702843,5.367558211837497,8.490327921454394,-2.612630268938598,1.3238457209654886,4.383841911142229,1803.467827234525
0.0,19.460354509204567,87.6140953731872,42.864915394862244,6.583328255677428,10.38811590826286,0.0,0.0,26.69018228087124,7.903555535007624,3.2439460268531164,5.415159921020233,12.353111503284172,12.694126244237511,235.21089095246816,0.0,0.0,0.0,0.0,0.0,-9.756977940684843,-22.324941134599303,-18.198001776844336,-15.682725610680935,-25.279298990414084,-23.594071300341575,-23.594071300341575,-26.432736221343543,-26.891577377762843,-26.41649555980429,-27.001469428818144,-27.26472436645192,-28.728079644038523,164.89737942681836,70.31351152564982,63.48418040063869,47.8733203048973,34.07952421207782,-24.129914972548505,-59.731089198845886,25.80369894556829,14.805880190764155,38.0786182832043,5.717428704827582,6.732224848145357,15.240848821968498,0.0,25.80369894556829,5.430072857033157,8.489323998428063,-2.4734826779744665,1.3170649271251245,4.204802245809448,1863.0939419008434
0.0,22.51984361106038,96.11251404516135,45.670545762002874,7.350971353812673,10.89130838664959,0.0,0.0,29.925075199693044,8.91399666197703,3.5718855259716236,5.997303304808474,12.849903780100911,14.838922696107392,258.64227032734533,0.0,0.0,0.0,0.0,0.0,-10.739363956200453,-24.50286620625695,-19.955290940565053,-17.205778213612536,-27.711613409567512,-25.974858465051714,-25.974858465051714,-29.14152173670807,-29.633029088839137,-29.0381226863497,-29.60702081816728,-29.88927757736088,-31.72639551228644,181.5001513638745,77.14211896347084,69.52317144040254,52.268188432194876,37.188947880216716,-26.589342604758812,-65.29358173717686,28.78523108495917,16.516650717650794,41.686513752698104,6.66922713314316,7.40943437942131,16.716543853484044,0.0,28.78523108495917,5.816655054805494,9.560151548111428,-3.0973416071715363,1.4121310746128355,5.278771147995965,2048.6927497916563
0.0,18.66134131304554,78.99050053596788,40.40777047025841,6.640321273283478,9.223251072747177,0.0,0.0,25.576930522240357,7.316771751765687,2.8946691912575795,5.0152863704963755,10.740327954619854,13.059137973767678,218.52630842945,0.0,0.0,0.0,0.0,0.0,-9.057920493014716,-20.527885332049312,-16.92725800497602,-14.596477837816847,-23.494283916957304,-22.045727167224637,-22.045727167224637,-24.738357200406394,-25.127972927277803,-24.608244040350392,-25.096767167101973,-25.3464299089821,-26.99134048300676,153.08298957266717,65.44331885678285,57.93789381741971,44.630997685805944,31.852756756395966,-21.05260671854817,-55.349802117292185,24.47622973531281,14.044192878978702,35.30595222260319,5.600603938627874,6.26434951778533,14.21774769344281,0.0,24.47622973531281,4.610837004395393,8.33265508765577,-2.7059347473702946,1.2490631472889548,4.726482886111908,1730.9361812805605
0.0,20.71870158027716,83.47830569994832,44.07317966892649,6.609279997359977,10.56908176562101,0.0,0.0,25.73633261243533,7.99514819481799,3.061376687735511,5.466438127700817,12.554863206816256,13.765582016042945,234.0282895576818,0.0,0.0,0.0,0.0,0.0,-9.702182910503286,-21.87442349189146,-18.112956047070675,-15.625506844086924,-25.31391247561016,-23.521813685420472,-23.521813685420472,-26.36720594247318,-26.843755134202826,-26.391331792678734,-27.068080868272634,-27.34608827681976,-28.8898111997745,163.9713184131027,70.05697114457911,61.485278483548946,47.701753270005604,34.06558507927099,-21.993027216399376,-59.070273165132996,25.864850986753062,14.840968563059626,38.443003061357174,5.416889477468922,6.857309693375852,15.599722124891395,0.0,25.864850986753062,5.6396354050845785,9.329851532292771,-2.355512789733411,1.3908715656750346,4.435730483750174,1853.726614200209
0.0,19.662432125248614,82.75287396544994,41.85504160744185,6.573116151392189,10.484150020593114,0.0,0.0,25.632510875891004,8.446331663365562,3.239077877536288,5.594417626981325,12.040165978166112,13.072891853850699,229.3530097459167,0.0,0.0,0.0,0.0,0.0,-9.504820672124954,-21.52347467135687,-17.75339148408659,-15.32668500623983,-24.903034935335263,-23.13638512283419,-23.13638512283419,-25.968171323095397,-26.48024670664623,-26.021916220970223,-26.636059151456926,-26.871964779241452,-28.352543970975937,160.6358065256879,68.71720322022878,60.70947112810982,46.781821755680774,33.4820815166487,-22.043402837340118,-57.62779572184178,25.741170805028705,14.770002227711908,37.998372863643496,5.625345830241081,6.774653907672363,15.114223105136936,0.0,25.741170805028705,6.060063710660771,8.818598446188837,-2.3862679527047916,1.1802362806910383,4.254293407661862,1816.6939518999286
0.0,20.65872125958585,85.01255807753249,45.746862216966434,7.206198718807822,10.10238770323697,0.0,0.0,26.060184699979843,8.501103453338093,3.1466471148781068,5.821210380335485,13.119998196218026,13.111297144350427,238.48716896522956,0.0,0.0,0.0,0.0,0.0,-9.881880597726862,-22.29702212467739,-18.48299818319389,-15.942648868776482,-25.721581742765956,-23.939000431563734,-23.93900043156373,-26.809193657190963,-27.317813140801935,-26.84110731551526,-27.54163852823091,-27.800216690379763,-29.237549132581588,167.00829132544976,71.47887763977978,62.712236838665014,48.781293021024425,34.85604020617448,-22.300321238867475,-60.32650948509635,26.0902938426255,14.970325207661322,38.80220964205012,5.628585081695818,7.114877391286317,15.956359465831017,0.0,26.0902938426255,6.019165486520381,8.981268863786603,-2.4819379668177115,1.2936670109508324,4.130028280563824,1889.0451795023039
0.0,18.09407395148689,78.42311330860306,39.65591977414926,5.992763630237129,8.948882458125942,0.0,0.0,23.198114533811513,7.613427829822685,2.731952050037761,5.200429848200385,11.078753473533517,11.919600453520346,212.8570313115285,0.0,0.0,0.0,0.0,0.0,-8.83106933129706,-20.12389666739779,-16.467277163178196,-14.187112681967417,-22.823952325846335,-21.306742950574595,-21.306742950574595,-23.85260002436705,-24.295361655850563,-23.839455620612465,-24.42745650872007,-24.640910489464797,-26.010992240669264,149.2491014246588,63.60792988686969,57.043124393093535,43.30880122437123,30.803101855707126,-21.37998891550953,-54.14781479959106,23.14205139344109,13.278655940862407,34.27045331274866,5.105597258753817,6.2683404983141155,13.94763309755478,0.0,23.14205139344109,5.239782621106628,7.9828101793853525,-2.3736452087160567,1.0679106501137303,3.936790274134993,1686.0301150240828
0.0,20.651410401634866,89.66353218226583,44.730295289077986,7.1123065678512125,10.74294990648008,0.0,0.0,27.573155515747004,9.086835908577791,3.4459654057074296,6.22511307075058,13.38448493515434,14.034939795572802,246.6509889788199,0.0,0.0,0.0,0.0,0.0,-10.219617052553694,-23.2120499131687,-19.101302692680427,-16.4904172240267,-26.794227029718265,-24.895866458074035,-24.89586645807404,-27.944163894144,-28.492985749782527,-27.995158997088158,-28.708267408802953,-28.95954863153337,-30.52371522704562,172.7161915253286,73.9347974534913,65.62829146140827,50.37253652521968,36.06395313706581,-24.03524072085756,-62.001554705621636,27.7092758482862,15.89927937261961,40.884889317084216,6.037868111462463,7.4822734806484945,16.62179781849318,0.0,27.7092758482862,6.494933202822758,9.540466502336049,-2.5919027057550332,1.2571604098979146,4.494473293236753,1953.7103978027724
0.0,21.727633132656308,88.47736192588205,44.83232184320331,7.215166069830001,10.76980912001422,0.0,0.0,28.031679313020106,9.03386532967475,3.486131119332316,5.891807404923115,12.660160205343399,14.068407875677568,246.19434333955718,0.0,0.0,0.0,0.0,0.0,-10.208195136366516,-23.063172995417816,-19.036546517231713,-16.431621639871295,-26.610083808798766,-24.823906715997285,-24.823906715997282,-27.868414632342926,-28.395712081500328,-27.859134029874227,-28.451467500590933,-28.712598745870686,-30.3782053619584,172.52315592980423,73.67118740975293,64.9339690814331,50.070050935034004,35.79150278068081,-23.543392844448945,-61.8600065865689,27.674828800523976,15.879514033426615,40.38751753403488,6.279789950102886,7.1982474953761155,16.139670968541658,0.0,27.674828800523976,6.240206498904181,9.282457022026305,-2.7936588307705694,1.306440090453001,4.785950853651263,1950.0933300698086
0.0,19.061802358806702,84.84674986873458,44.25538608467234,6.974902884243853,9.924815320353709,0.0,0.0,27.998808115904506,8.445131825325566,3.2142832379041417,5.485461212951891,12.143678820372303,14.169428679389792,236.52044840865932,0.0,0.0,0.0,0.0,0.0,-9.787863678347877,-22.189630829930845,-18.392410692406457,-15.858386203996725,-25.652389737771863,-24.042277359232177,-24.042277359232177,-27.014455209354107,-27.472800870023725,-26.892572223348992,-27.42214908530533,-27.70853632625718,-29.47398877816848,165.41936248686628,71.10108592179306,62.64467925232583,48.80074304706545,34.91213782866832,-22.202070616408747,-60.17631176465765,27.017342515425216,15.502255595216743,38.86200910155995,6.235206061222383,6.918257095240481,15.783730624743374,0.0,27.017342515425216,5.424209002007325,9.09658099273013,-3.020922823318241,1.4327958822885902,5.072847686659662,1873.4668823430184
0.0,21.44238691401768,90.03331789206237,45.76582007782911,6.78778760864448,10.638690633362463,0.0,0.0,27.05510979264327,8.805254493570693,3.3051515222669083,5.677098115985893,12.104078134852703,14.315060530982574,245.92975571621815,0.0,0.0,0.0,0.0,0.0,-10.206585068871442,-23.19358651945039,-19.01490255190763,-16.378677130002146,-26.34329233102692,-24.64375599590916,-24.643755995909164,-27.6048795965911,-28.109316485295608,-27.564685257241813,-28.13304807220646,-28.39675533444476,-30.129331218871084,172.49594505444384,73.43381066177433,65.60085594069267,49.956428556239715,35.49627364349381,-24.432461951369703,-62.60331089777921,26.916858473610983,15.44459895120909,39.538985798844436,6.1407386938907775,6.996426023922208,15.763130447668985,0.0,26.916858473610983,5.969667321946823,9.336680310229976,-2.83558717162387,1.319327907936315,4.978380220752598,1947.9975444701338
0.0,21.611121941439922,92.83656246877877,46.74258352660618,7.553085090060363,10.727801519772957,0.0,0.0,28.485764059791453,8.815210751915773,3.552739242931019,5.7990350420817816,13.011076419500048,14.936515109785809,254.07149517266413,0.0,0.0,0.0,0.0,0.0,-10.535455991501609,-23.950411156866803,-19.662005518647888,-16.954939064373725,-27.31241733008007,-25.53918467278231,-25.53918467278231,-28.63094289172993,-29.13470435977661,-28.586625590037517,-29.181298418004513,-29.48245840068637,-31.276032960430356,178.0540137147475,76.01748145791663,67.76256587041057,51.76128361584777,36.9190422870492,-25.073996598368197,-64.28559615944343,28.10433795970935,16.125961690607436,41.09784249546205,6.406275816779574,7.3057389778524815,16.65802618105704,0.0,28.10433795970935,5.961674178067219,9.782861412458121,-2.8535365738485536,1.5067039357707,5.153653697327687,2012.487863759409
0.0,21.06414432255953,85.20324771967518,46.256841238809116,6.826950027442796,9.998318267049607,0.0,0.0,27.335597288855148,8.232364715031583,3.335977068160665,5.748322465819756,13.373201309611657,14.74756295036801,242.122527373383,0.0,0.0,0.0,0.0,0.0,-10.028100677297447,-22.545552688002605,-18.787303044876943,-16.202305867799392,-26.26741748593972,-24.478892550639404,-24.478892550639404,-27.473019183811402,-27.948689436132277,-27.44870607269214,-28.133952461980705,-28.443415713687827,-30.141335476195835,169.47947739221644,72.64304998116657,63.22903475630231,49.6778718669436,35.508426446411015,-21.974212963372864,-61.38677694318572,27.216858768948274,15.616735838998995,39.937749456949156,5.939108027915627,7.296567671478776,16.70375549050515,0.0,27.216858768948274,5.62923375527662,9.868763563815495,-2.603130959754963,1.5482452056590201,4.878799386552515,1917.8406753207255
0.0,17.89804844449768,78.15038349775321,40.57052318687254,6.0090559988485674,9.109441778795949,0.0,0.0,23.602706116782134,7.461298206379575,3.0064483424469595,5.057250125966582,10.98974884012568,11.752272303486269,213.60717684195515,0.0,0.0,0.0,0.0,0.0,-8.857094953359004,-20.157793557788455,-16.554619169615265,-14.256322137107311,-22.9213282543955,-21.417503452765196,-21.417503452765196,-23.975680097702664,-24.41300620566572,-23.97396466575176,-24.49894588632192,-24.72079188430212,-26.089723601217305,149.68894631331764,63.918230528637515,57.08288429776963,43.65655748784176,31.051456083208564,-21.06749919998358,-54.57841445043823,23.25403731422116,13.342912237202702,34.38221616255928,5.292289649855484,6.167146053424085,13.813338680483765,0.0,23.25403731422116,5.17545689897105,7.818786535670683,-2.285841307408525,1.1098959274575035,3.9334857678155855,1691.9719810134613
0.0,19.36474431579246,87.29995266152228,46.03027411624769,6.660557191776494,9.928466373342234,0.0,0.0,27.801940164980685,8.59572532214681,3.145202049083297,5.883215268408454,11.819802874137007,12.971268943305793,239.50114928074322,0.0,0.0,0.0,0.0,0.0,-9.922802301613558,-22.59565894585103,-18.613066837240716,-16.01455358499579,-25.70905331129416,-24.151162728111213,-24.151162728111213,-27.064542265958686,-27.53207844710002,-26.943815523668377,-27.492408892908347,-27.709916622576728,-29.32046434308417,167.69988679421257,71.80126248653063,64.01402558083284,49.28689051512679,35.03422638246049,-23.285927080689447,-61.70774761920979,26.48286099306857,15.195575944330919,38.46718405800478,6.207954813344481,6.971406831688311,15.35935603962976,0.0,26.48286099306857,5.532972557885627,8.343524214533184,-3.062752764261184,1.0881915632798567,4.627744728772608,1897.0768678964523
0.0,20.920308069650755,82.9338255419373,42.192378943265226,6.647419230396329,9.876090174057447,0.0,0.0,27.67480642926591,8.54278480645583,3.3213493237600322,5.641587343952405,12.839740745146285,13.870764061481966,234.46105466936947,0.0,0.0,0.0,0.0,0.0,-9.716219342840692,-21.846044701346166,-18.14105639053154,-15.669120754848969,-25.532910220695957,-23.805354716053657,-23.805354716053657,-26.7851245075164,-27.27356259944436,-26.74297837511931,-27.343422949129426,-27.630446808255357,-29.26533878997739,164.20854052460186,70.25251414476762,61.27102772392509,47.78151683127749,34.23568789974854,-21.66279781801221,-58.70186738737994,27.086353890216714,15.541853567163255,39.1389154267399,6.083801681364272,7.077568228112536,16.101455343205647,0.0,27.086353890216714,5.780332448851589,9.17306857926247,-2.76245235760424,1.4359808841601316,4.697695482219496,1857.1545254443968
0.0,19.333336049479787,83.66627272872407,43.84079481462036,7.090791305589686,9.810420376988786,0.0,0.0,26.919023500556527,7.847710429138203,2.9356780269230605,5.314019587911838,12.094520526260663,12.616592150326495,231.4691594965195,0.0,0.0,0.0,0.0,0.0,-9.590247027584505,-21.75533214425655,-17.955534958188025,-15.476658298233367,-24.873328848419003,-23.30416341338333,-23.30416341338333,-26.117871410495205,-26.545744411240854,-26.010997595189846,-26.57428252744844,-26.8411754430098,-28.353897585116236,162.07955091405282,69.38960858246668,61.44913429646935,47.44378363545554,33.853296932648156,-22.217138432254714,-58.866698170378946,25.576838442976772,14.675710115982552,37.28541603914625,5.719802648420472,6.649285325160983,15.105907688576005,0.0,25.576838442976772,5.063585807640792,8.269939250762004,-2.784124621497411,1.335265737249145,4.346652899564491,1833.4558703831156
0.0,19.639717119413355,93.28527269999822,46.27052422830493,7.069976491464373,10.487275477233561,0.0,0.0,28.451367608477952,8.425847778986633,3.3112456835699655,6.077281132725276,12.40219531136137,13.992209540079651,249.41291307161526,0.0,0.0,0.0,0.0,0.0,-10.338700649879165,-23.73190063102738,-19.347957369851922,-16.657553800091197,-26.754632030210313,-25.072664668659424,-25.072664668659424,-28.08421330074537,-28.550419565232172,-27.99176209735156,-28.61331142286195,-28.850884368427426,-30.548518808066916,174.7287586594417,74.68415441217358,67.65267455244835,51.09605671490901,36.34031027267099,-25.63259814754987,-63.889897168385794,27.3752261802195,15.70760532722041,40.06459102499449,6.219859563304485,7.26585900727742,16.091596977179027,0.0,27.3752261802195,5.517233899252112,9.114229999709853,-2.9086138797345207,1.188577874552144,4.8779795403697985,1975.5874632075238
0.0,21.990444821751996,95.45047349201934,46.180437964759335,7.18209450308997,10.50578671095546,0.0,0.0,30.553515529124784,8.85468249471214,3.3688033396897077,6.258577717047393,13.31073267190867,14.852185400475426,258.50773464553424,0.0,0.0,0.0,0.0,0.0,-10.725355935307586,-24.45293660414611,-19.987556805795645,-17.228574298581393,-27.79939662096722,-26.06798499177901,-26.06798499177901,-29.266664719877856,-29.740232615804626,-29.115941983017503,-29.757042308491414,-30.035706112387484,-31.86286316685482,181.26340941875253,77.24432522678171,69.34172182067239,52.53063107127982,37.400611705048334,-26.10875167134695,-65.51846371917006,29.07626332241472,16.683641831928888,41.944378709569975,6.619132036451915,7.652733229835402,17.166726732327195,0.0,29.07626332241472,5.6043537979499325,9.602035827268892,-3.2503286967622076,1.394155512788009,5.250149573206533,2047.627099248279
0.0,21.12289594992102,96.98229779670673,47.51627071974731,7.368685549526571,11.174020711218562,0.0,0.0,29.075948545638468,9.278844911752776,3.3332366091892016,6.143188580360261,13.453584345922323,14.94591011386174,260.394883833845,0.0,0.0,0.0,0.0,0.0,-10.796940664600507,-24.72334273245963,-20.16774056287789,-17.37964700737874,-28.015131781298056,-26.17427243008406,-26.17427243008406,-29.3340781431261,-29.862220363177858,-29.28050926246083,-29.9539274101079,-30.240926490779522,-32.00479069033498,182.47322400879682,77.92165982504815,70.3460224673391,53.14655114721745,37.85775444431926,-26.636275329367635,-66.20977334360364,28.722895309899446,16.480883131806625,42.20095537623727,6.3618777333472,7.579045497868908,17.0860114338026,0.0,28.722895309899446,6.250203787594778,9.877626108472818,-3.028641124157998,1.435856917508647,5.0682840053889215,2062.5751154985783
0.0,18.912761112353703,85.58906885419631,41.190321293423224,6.704213450627124,9.620635795524525,0.0,0.0,26.05847607832082,8.43392552150528,2.989700791901632,5.483317768582107,11.61358124705933,13.695711775959595,230.2917136894537,0.0,0.0,0.0,0.0,0.0,-9.549341749275545,-21.84133888670505,-17.82232755687516,-15.368232322928039,-24.79026233295317,-23.205073395858214,-23.205073395858214,-26.036729238180932,-26.50690169799829,-25.955707970504324,-26.514562849162182,-26.76585875630367,-28.439504625366318,161.38823304504893,68.90348064440477,62.090201229628164,46.92029155852776,33.46497914453931,-23.49886762456815,-58.27820550812444,25.739985840584627,14.76932230807611,37.386040830192556,5.859455191307937,6.740551644615195,15.1653981987449,0.0,25.739985840584627,5.5641711220989745,8.886660948240937,-2.8697543994063057,1.2572338760330881,4.809050827718657,1824.1293798401919
0.0,17.010810632364183,81.37505192973542,37.86288543186903,6.337984609285861,9.75756287718152,0.0,0.0,23.80377084555391,7.048846560510877,2.7701880377398362,5.018452301922455,11.501602789439024,11.736178306439424,214.22333432204158,0.0,0.0,0.0,0.0,0.0,-8.884757129458427,-20.47036970988432,-16.561822813075413,-14.289477943425984,-23.072332237372727,-21.44992997942699,-21.44992997942699,-24.02137541444199,-24.44040718828116,-24.039001889774127,-24.66087911630711,-24.899019712548277,-26.190916546026852,150.15644971198964,64.06688461005194,58.52206182970087,43.54052679002375,31.083050459900836,-22.852990100034553,-53.962119915683424,23.37465171361696,13.412119460186593,34.84983054498349,4.8600786948285775,6.2098701338273905,14.022318839146,0.0,23.37465171361696,4.958955903422136,8.024044424827512,-2.089890657088741,1.1914178319049356,3.712133881611912,1696.8525342215096
0.0,21.251374204262273,92.41853171038449,48.42904861223481,7.551878181267996,11.515521573864744,0.0,0.0,28.125057055647165,8.697362650353247,3.5440412393497422,6.298010913205801,13.125188734646425,14.597342265592838,255.55335714080957,0.0,0.0,0.0,0.0,0.0,-10.58632220709717,-24.02101474766335,-19.821156399069245,-17.09371448851728,-27.61377538720426,-25.68893642327614,-25.68893642327614,-28.77575012097602,-29.29883775800912,-28.817322798311356,-29.53829152916494,-29.783187285446047,-31.437403466599804,178.91367596919335,76.6396811716162,67.86226468942849,52.37542078024089,37.42461629526172,-24.556267020956,-64.76945881149291,28.059391852557827,16.100172105985074,41.742960474117055,6.051017652624912,7.523224822957186,16.65319642467021,0.0,28.059391852557827,6.1903862370780764,9.844120665817668,-2.5069764132751704,1.2252139097513846,4.75322159977517,2024.2256197978527
0.0,20.37493068525714,94.09593193279571,47.567848869550666,7.085546792491813,10.79862101327352,0.0,0.0,28.94216383704832,8.305208364914497,3.4252697266974153,5.691573983264409,13.511312322308532,14.204535998343797,254.0029435259458,0.0,0.0,0.0,0.0,0.0,-10.52820456474793,-24.08553470227976,-19.704739516256332,-16.96698339708123,-27.300195468934305,-25.534990566954164,-25.53499056695416,-28.60206171312511,-29.068841657170694,-28.534659385371686,-29.161559942730186,-29.478326051464894,-31.14659239633012,177.93146129369495,76.07148223225084,68.48174035223425,52.04477626762932,37.0300139885743,-25.614191580561453,-65.01439371111618,27.879930426060795,15.997199102572512,41.00155571721718,6.206455085155299,7.276355395785469,16.720124223002895,0.0,27.879930426060795,5.524023006456614,9.410942685128376,-2.7811853584578836,1.5847814125210595,4.793593313215421,2011.9448695247838
0.0,18.640765115886104,73.47100161120602,38.9375652931214,6.170689966265989,8.998220825054815,0.0,0.0,23.049083153465496,7.6176115306573395,2.896818573437365,5.276617886652948,10.884065822669104,12.401996169404015,208.34443594782056,0.0,0.0,0.0,0.0,0.0,-8.63389721048745,-19.395280209925858,-16.126495628698066,-13.92385933946489,-22.58661302022724,-21.00986761934118,-21.00986761934118,-23.578822060287276,-24.034177973891797,-23.606095402062582,-24.19866956686073,-24.403577567403147,-25.826551780693354,145.9168026109084,62.427633336912166,54.35865534898423,42.49431952251936,30.42306262351874,-19.11234626222179,-52.30672736245966,23.35200837147624,13.39912695815961,34.373278631705226,5.125602724159562,6.301772982422463,13.947682100068384,0.0,23.35200837147624,5.388827379935141,8.313224796235218,-2.2287841507221984,1.0251550957695148,4.088771373168797,1650.2860682653252
0.0,21.3338009370733,92.29517393196343,45.63615729086638,7.674019202672624,10.968182173730916,0.0,0.0,29.572061434342267,9.254160760386469,3.501799730887793,6.229903570439804,13.728372378738865,14.455684206278384,254.6493156173802,0.0,0.0,0.0,0.0,0.0,-10.548884450619523,-23.93863731880855,-19.721052624323118,-17.033197858153642,-27.65756801997476,-25.774029244911922,-25.774029244911922,-28.958267758832037,-29.493896043221884,-28.933941984586973,-29.609984420682732,-29.89029365135608,-31.565394277395946,178.2809608014116,76.36835481596862,67.63526225281107,52.020010059571206,37.29188755195605,-24.65991167915236,-63.82936989241214,28.944991490956408,16.608319491008157,42.15685327283993,6.417164226305668,7.632291156358114,17.139215716445232,0.0,28.944991490956408,6.338796264968594,9.642453282653708,-2.915364495417875,1.4023875859183104,4.813230923624676,2017.0647511888033
0.0,20.389437318740278,92.08350127624306,45.267626246586474,7.587482449698293,10.939993283538346,0.0,0.0,30.20354905759835,8.380352920508269,3.2491736916438367,5.768800576017053,13.784667996715303,15.22635602974192,252.8809408470312,0.0,0.0,0.0,0.0,0.0,-10.469501658893872,-23.826502120843955,-19.616824381971416,-16.93801121857374,-27.50784221166372,-25.67765898878639,-25.67765898878639,-28.866031287446084,-29.321798157938467,-28.74814995966179,-29.4196305336759,-29.760359827912442,-31.573943374590463,176.93935539790218,75.94158544912904,67.46982099282761,51.87909892852508,37.200998157809224,-24.613680283415448,-63.61465598189679,28.982567936184847,16.629880444235084,41.94044517534314,6.2358358370943305,7.47346984876344,17.29114620594703,0.0,28.982567936184847,5.393690775057775,10.015208547763809,-2.9866621454504942,1.7046692727463864,5.211147481978111,2003.0575412832327
0.0,20.43658863576505,82.4404285007755,45.4564530362895,6.597150332937699,9.675457458725859,0.0,0.0,27.49001901916208,8.0139089629141,3.330450235713395,5.472978713945989,11.728968297784238,13.41542786503304,234.05783105904644,0.0,0.0,0.0,0.0,0.0,-9.697752824742393,-21.808613617284138,-18.1716271578128,-15.64879489037231,-25.194985114559938,-23.652595689452383,-23.652595689452383,-26.5359227177886,-26.97216695208793,-26.4245263461239,-26.924957097888594,-27.182751039435075,-28.86006509368426,163.89644794224088,70.16138311680555,61.175232573328046,48.05963210679677,34.22499462635103,-21.26519592744745,-59.910526417489656,26.209681195675124,15.038828364874323,37.87870099272925,6.181705538280355,6.762722267810711,15.25881572791233,0.0,26.209681195675124,5.1626536603471385,8.595836881040228,-2.851255302566961,1.2897435538647217,4.819590983992812,1853.960610984985
0.0,20.64706533482749,86.11122650082558,44.34003379423654,6.801920643573021,10.447883485642818,0.0,0.0,28.228790549475328,8.320350036831643,3.127127335868255,5.878838754714461,12.373971985640823,13.431219273513234,239.70842769514917,0.0,0.0,0.0,0.0,0.0,-9.934920605842109,-22.469255403700753,-18.5702995064408,-16.015105284073787,-25.91709325340849,-24.21991351481658,-24.219913514816575,-27.191958451032242,-27.654050253345012,-27.10630349124075,-27.730373883728628,-27.97213866191834,-29.57680848896361,167.9046916654066,71.80373602974258,63.31431427922731,48.97560628742452,34.96770576392729,-22.79691222159827,-60.67903638962275,27.016134317022654,15.50156234418972,39.29048476047418,5.978935333495473,7.088388375435439,15.77527756590045,0.0,27.016134317022654,5.468542039204426,8.820364072532628,-2.8518079976272173,1.2095496207209786,4.610855200980605,1898.7187100603194
0.0,18.537133031053322,86.01264891270465,42.60134569353449,7.000550780693717,9.55357072308581,0.0,0.0,25.977308963800947,8.366681104310024,3.147539736795615,5.249903999820297,12.386066387534683,13.528794233855049,232.36154356718862,0.0,0.0,0.0,0.0,0.0,-9.627475457585154,-22.021579194115777,-18.01833477495247,-15.535363901836313,-25.027735955406087,-23.405784880458196,-23.405784880458196,-26.239915456714336,-26.717088444877657,-26.194722677794488,-26.750915601930306,-27.04799044912751,-28.651809099532706,162.70872836885508,69.65281519833354,62.60596927075117,47.58881191791809,33.97681414913248,-23.40667964195348,-58.96392479496935,25.762481376748863,14.782230000650623,37.66515377180293,5.867203229705359,6.736169995403687,15.508209823608075,0.0,25.762481376748863,5.64701761140028,8.920384802198269,-2.719663492909744,1.4862659955833895,4.60840943165678,1840.5244008800662
0.0,18.285252755261634,74.51267132859371,37.088960427848235,5.9552491292096645,9.047475451861507,0.0,0.0,22.956137719560733,7.534578660557609,3.009871571482643,5.11626206341889,10.672371331176064,11.702955036193732,205.8817854751644,0.0,0.0,0.0,0.0,0.0,-8.540282571139997,-19.325661565228216,-15.899450802552096,-13.727468080562769,-22.257100499982368,-20.708870883714606,-20.708870883714606,-23.238922065470003,-23.69435090684879,-23.282382224505117,-23.820664449041615,-24.01973413892528,-25.36107036316606,144.33467248842314,61.547112986741254,54.47986560634546,41.73756937053141,29.83198475628464,-20.03280572224825,-51.57878703370522,22.99837452736474,13.196215726775337,33.8450615801111,5.154759801522071,6.112208080447399,13.530618246280124,0.0,22.99837452736474,5.38969043051818,7.848762104061161,-2.144888230039429,0.9959460170285093,3.8541929321325705,1630.779534541289
0.0,18.02638434038442,82.15864981071026,41.9482994080718,6.745681829405754,9.912680796732527,0.0,0.0,26.113131605265714,7.6678579116678875,2.9340561855188905,5.212285688563011,11.397346165174204,12.305473734720467,224.4218474762149,0.0,0.0,0.0,0.0,0.0,-9.2956331869259,-21.193413730390272,-17.420535852399258,-15.015366150059782,-24.177322089490644,-22.627810105418448,-22.627810105418448,-25.36715708597813,-25.79219867695627,-25.285560289272542,-25.819031533210136,-26.059967875763714,-27.542510113764365,157.1004425709971,67.32140490521782,60.098906619509805,46.080437077321676,32.89471453378124,-22.059743191200454,-57.11635484064298,24.900890651392448,14.287858667299922,36.35408276895032,5.571836097445432,6.41769064430434,14.451875230468023,0.0,24.900890651392448,5.030077999741346,8.04553971368532,-2.6377799119265415,1.2054049557413293,4.259934021035146,1777.6344571885718
0.0,21.61063568138614,87.84580679915854,43.83489008232745,7.481846094255873,10.435303785826568,0.0,0.0,27.52933062176565,8.908748257973093,3.4685361704389286,5.680802950471077,12.746188002108662,13.767518521271752,243.30960696698372,0.0,0.0,0.0,0.0,0.0,-10.091303600696989,-22.819726093090615,-18.791780930823027,-16.228830085229614,-26.237646513328755,-24.481837055718536,-24.481837055718536,-27.475157036111394,-27.996839215977026,-27.47152879353312,-28.04569590972747,-28.32295660143031,-29.94074428160304,170.54763563794134,72.76197132904238,64.29470370456936,49.344812443999764,35.297483807986104,-23.55110309458918,-60.86323546885328,27.209526228459776,15.612528507476656,39.71437357391929,6.2035308205347475,7.067938690429287,16.007600277128684,0.0,27.209526228459776,6.173753607877274,9.118970506293518,-2.7349946500958184,1.38713573995821,4.648548014978234,1927.2434746147367
0.0,18.448115600193024,76.91296233413311,38.485503453891965,6.288819535275024,9.35126215038056,0.0,0.0,22.703412235389127,7.347752413314333,2.759758187834609,5.1799654852128905,11.03580293217407,12.614061302560234,211.12741563035894,0.0,0.0,0.0,0.0,0.0,-8.757240363635962,-19.866158825411585,-16.308938112831804,-14.079635853255507,-22.776053420711023,-21.156968138652328,-21.156968138652328,-23.707330529339565,-24.149919793602432,-23.7446502418608,-24.38174441015627,-24.60099749350854,-26.017458551695835,148.00135818211868,63.12605744824025,56.11415094092851,42.82950175360617,30.60958988739099,-20.798811393204602,-52.93997291798379,23.183005096693396,13.302154727799927,34.50685488237249,4.869767828807332,6.276889056116842,14.008935847067756,0.0,23.183005096693396,5.23774277234161,8.544004816762593,-2.1100096409727227,1.096923570903951,4.070056485797641,1672.3299139647072
0.0,19.597173156149164,79.96026311544058,43.76837186474405,6.326762131746131,9.725338741687088,0.0,0.0,25.47349309053131,8.238018724999227,3.0073072727892045,5.350352970828625,11.099076305477542,13.423720551152897,225.96987792554583,0.0,0.0,0.0,0.0,0.0,-9.362717888415052,-21.086708140906637,-17.539679644024083,-15.107764570112302,-24.35632428428531,-22.80420213334874,-22.804202133348742,-25.573665212205874,-26.036024123550416,-25.504697880080595,-26.028803292188844,-26.266184888926418,-27.91904683590407,158.2342046377396,67.73567328780624,59.221044867866745,46.37569053771002,33.040296076013625,-20.739218247573838,-57.75148596323395,25.174648476112534,14.444937912513558,36.6977212688398,5.773622904953633,6.5379735268501395,14.660786095348941,0.0,25.174648476112534,5.471703092834797,8.674390205259982,-2.7663156321644298,1.187620556021515,4.749330345892915,1789.89633052423
0.0,18.879775753397002,78.30381525362495,42.484669673166366,6.314836363906197,9.293245921221812,0.0,0.0,25.040263563854946,8.054648057713168,2.9225121012924413,5.25194319868043,11.401788540587274,13.226005497897846,221.17350392534243,0.0,0.0,0.0,0.0,0.0,-9.15991851671049,-20.645338706743907,-17.17550733142067,-14.802429037713752,-23.912497478092806,-22.363309986321685,-22.363309986321685,-25.092413706987617,-25.545685231248672,-25.02892319968916,-25.578845491373478,-25.83110671225778,-27.427898537617953,154.80680271608063,66.3667012092618,58.01596297435676,45.4604628783472,32.45060110997966,-20.287852279268186,-56.35426962020696,24.807778571638362,14.234431974481192,36.14819633512837,5.613000108578926,6.514006541107346,14.727943764220285,0.0,24.807778571638362,5.364160050426684,8.637786931837919,-2.6904880072864836,1.2620633424269156,4.588218566059927,1751.904487090945
0.0,20.17216171906051,83.17881122272337,41.41411577690941,6.576640895741485,10.081055884845759,0.0,0.0,26.053021781291317,7.808112007183534,3.2131265179194215,5.645345088692043,12.443925258949418,14.059522958891735,230.64583911220802,0.0,0.0,0.0,0.0,0.0,-9.561969972317605,-21.630457463406092,-17.83057831629155,-15.399614651113014,-25.05487526056318,-23.27754558422475,-23.277545584224754,-26.142985853664932,-26.6057156915586,-26.157804754010296,-26.837636228131622,-27.10222484099732,-28.701729505354514,161.6016557768735,69.04418333533452,60.96119357017971,46.89546474576874,33.57283574186454,-22.21761765254366,-57.72889254757866,26.047089077721875,14.945534786172427,38.311485633878924,5.545145768964876,6.969082395404577,15.716201584663711,0.0,26.047089077721875,5.476092756138079,9.463509326464905,-2.3320192510454554,1.323737306712534,4.59601363242683,1826.934389961683
0.0,20.55894515369591,90.70627614445198,47.81023496586005,7.564153236990982,11.055200086076702,0.0,0.0,30.152056560756893,8.933154849273436,3.541409407034127,5.848935217163112,13.524156653509696,15.260438973300214,254.95496124811308,0.0,0.0,0.0,0.0,0.0,-10.545742512927234,-23.852428446609572,-19.834829856372703,-17.113212523936646,-27.774146342965157,-25.948943758284628,-25.948943758284628,-29.165344247713332,-29.66398505810789,-29.081613419846786,-29.687730928050982,-30.01384644042582,-31.858406071122957,178.22786062070702,76.72710062740605,67.21566870577531,52.68311787344299,37.7701288877928,-23.490607438676662,-64.63114064203415,29.23734650876015,16.776069602180275,42.30193563617375,6.573489577082029,7.480491712934693,17.192754260080328,0.0,29.23734650876015,5.901074679225534,9.960284870957999,-3.0320801700479016,1.631556495771581,5.300154102342216,2019.4857552532023
0.0,19.468797702073136,84.00267375111572,39.4456029271859,6.668392226750556,9.321627098484653,0.0,0.0,24.49212658043818,7.4829995877416415,3.0755080452755896,5.2079245093721145,11.107257094536793,13.014156909881816,223.28706643285608,0.0,0.0,0.0,0.0,0.0,-9.276637029924146,-21.235854194126684,-17.200669151771525,-14.83387017779464,-23.804342094072712,-22.264245776251325,-22.264245776251325,-24.92799895365675,-25.356957265080677,-24.894727390774296,-25.44117898728972,-25.679179820595564,-27.236708257537867,156.779398849487,66.50766758336908,60.40923960298287,44.94119851319974,31.960163031231268,-23.59343414813285,-56.20515255228887,24.213736727619555,13.893577262550302,35.59428583556094,5.4820779120240575,6.398643107059954,14.391937717992274,0.0,24.213736727619555,5.076429720993175,8.538757688738496,-2.406569866748467,1.1907185976878392,4.47539922114332,1768.6459121483977
0.0,18.00011288467631,84.74068841877629,43.54093954816062,6.802380256733004,10.09828815946578,0.0,0.0,24.787180135070347,8.063072851642218,3.199638218954433,5.435553602421078,12.251753777707215,13.160582193026686,230.080190046634,0.0,0.0,0.0,0.0,0.0,-9.527219967696073,-21.779555411785694,-17.871378106278396,-15.404441653660667,-24.85033814712892,-23.122046992627382,-23.122046992627382,-25.884222223056085,-26.373827730667895,-25.93803533807664,-26.570922315847596,-26.82886151491121,-28.299796927360823,161.01436484191436,69.06582520471963,61.88985929226459,47.32394588578903,33.80044677918445,-22.850829126511698,-58.58315014527968,25.108401331049077,14.406926025347351,37.48074158189132,5.4685630515219845,6.726023879905702,15.187866490997857,0.0,25.108401331049077,5.794148019074667,8.933999202251416,-2.268924832567551,1.2904702774846237,4.22658299077527,1822.4539114300756
0.0,20.39965812119507,85.25405140540461,43.05087732520519,7.349563356310516,10.543043154818358,0.0,0.0,27.294516013180754,8.505805506344089,3.3060169512605198,5.711692127642886,13.224165137487766,14.044988084861568,238.68437718371132,0.0,0.0,0.0,0.0,0.0,-9.884013215190311,-22.320590926869762,-18.48378350398425,-15.978595335693688,-26.021456467341707,-24.168353327546406,-24.168353327546406,-27.158787175528772,-27.664530852666708,-27.18038514489613,-27.855188048563374,-28.146341673424416,-29.727699407897024,167.04433353372167,71.64004364998964,62.82051680395741,48.77365181938485,35.05050678918436,-22.4335346014472,-59.49152620020329,27.183291046108256,15.597475046827514,39.849460882660175,5.826690183782919,7.168334237213816,16.311393306845083,0.0,27.183291046108256,5.985132273821691,9.501117805933323,-2.520673232522398,1.4566421095709305,4.543870278928246,1890.6072561376952
0.0,20.180904524688156,87.32970673369502,44.429421648970965,6.592575067465917,9.452148574498198,0.0,0.0,27.475698815088517,8.148310753155826,2.970148944483645,5.209286831452336,11.556151209884147,13.461937868623322,236.80629097200602,0.0,0.0,0.0,0.0,0.0,-9.828413459775465,-22.404306535901632,-18.33285694128978,-15.769289029416674,-25.194252501570915,-23.764327922069043,-23.764327922069043,-26.62161619002776,-27.039103449589696,-26.42301335523178,-26.88678125544296,-27.16802524501687,-28.908929847632496,166.10467229635736,70.70161867564865,63.5242363798866,48.23300522637428,34.166526165408364,-23.805470353808417,-60.877889144457534,25.972986709923788,14.903015658128622,37.397680629133575,6.17778206968755,6.616351017833727,15.151398967114103,0.0,25.972986709923788,4.940677627951922,8.459625925011974,-3.2076331252039045,1.4070641863813913,5.002311943611348,1875.731027281002
0.0,19.11521221748643,83.74235117278408,38.96136989161342,6.27682641925905,9.172276429819771,0.0,0.0,25.146750527817012,7.818661388884017,2.9537651087023615,4.866621211121815,10.818096928035,12.645827688950297,221.5177589844733,0.0,0.0,0.0,0.0,0.0,-9.20466994294382,-21.111417452593084,-17.075425861093635,-14.710522179475944,-23.577173628654673,-22.156589090026266,-22.156589090026266,-24.829593904558013,-25.25468782679874,-24.719203565134904,-25.15452683058647,-25.414269120736815,-27.009456651058,155.56312224005103,65.95463674442227,60.14420119032808,44.63904218551392,31.664666646722598,-23.598149982456,-56.16014442217267,24.297834874390933,13.941831859226108,35.18233254971324,5.741729192962429,6.166112356560712,14.102214570370327,0.0,24.297834874390933,5.03069730462395,8.06221890117607,-2.787964084260067,1.299491145438897,4.583608787774226,1754.6313145458225
0.0,18.705854744753236,85.97434867094745,44.05030417147974,6.7007501480768985,10.24945405692263,0.0,0.0,27.048184440675545,8.457125085516148,3.062596493015144,5.377711085832399,11.570173773762004,12.827338615094119,234.0238412860753,0.0,0.0,0.0,0.0,0.0,-9.695550594502839,-22.133158289955073,-18.174048248063585,-15.649515069354242,-25.164465916454617,-23.600448137817423,-23.60044813781742,-26.45506869956101,-26.921586087968816,-26.357628378018436,-26.856833002745105,-27.10428603158342,-28.690770140183936,163.85922924628764,70.16461203978767,62.825719530495554,48.08585329832547,34.24180167271338,-23.148629140451895,-59.95091851601381,25.948737039756292,14.889101462651345,37.754745048410335,5.998805739385652,6.615719034793361,14.890766217308695,0.0,25.948737039756292,5.5209158391456405,8.268738222586464,-2.936209246370508,1.2380079489609628,4.558600392507655,1853.6913796587794
0.0,18.876308399083545,77.02092490860433,38.05624957070477,6.130778290508371,9.225177635035866,0.0,0.0,25.127210662074205,7.0106030658002005,2.912330598833629,5.2310433171515065,10.864722141554042,12.49365827154371,212.94900686089414,0.0,0.0,0.0,0.0,0.0,-8.83313323001603,-19.987132555270385,-16.45039320795707,-14.199847088145077,-23.00901903932949,-21.48781626964618,-21.48781626964618,-24.13781106218835,-24.527265303619536,-24.065975176933286,-24.62651758442641,-24.844787196188193,-26.347992272378235,149.28398225479177,63.66502460610239,56.34186657197732,43.20133835039156,30.86446893333936,-20.67905833662701,-53.44445784402736,24.08867187112238,13.821816415964767,34.954257404906016,5.314007730536943,6.323046577916887,14.092025461416316,0.0,24.08867187112238,4.608925934096886,8.174351690916055,-2.4016771317033143,1.092003260765381,4.319306580627655,1686.7586488438062
0.0,18.461923112636054,78.17303437992918,39.19290237304572,6.603410514990598,9.64456632161379,0.0,0.0,23.377515479450853,7.152344955820245,2.9524751669715714,4.821706050793276,11.056096144768256,12.822900775640749,214.25887527566033,0.0,0.0,0.0,0.0,0.0,-8.884945166625155,-20.176474440306873,-16.561504514762717,-14.29669619580009,-23.076108274012316,-21.47680646297443,-21.47680646297443,-24.062558028213385,-24.488576838019302,-24.083174259507835,-24.64158591534291,-24.901026745855624,-26.380329648963905,150.159627625911,64.09924764974933,57.036567528826104,43.5376551051359,31.123481879312937,-21.136466851103073,-53.783146971328144,23.504695620752265,13.486737231562927,34.83617204274355,5.063177403195168,6.11968899312223,14.008739324812362,0.0,23.504695620752265,5.041642719596649,8.57227465326769,-2.110702236223596,1.2979829423289537,4.250626122373058,1697.134052373617
0.0,20.094294661170224,87.06154833832227,41.7894496013762,7.011423871434496,10.353853645801188,0.0,0.0,26.603118739493947,8.47631982013124,3.197723297268858,5.288491406294794,12.392314834786847,13.296668473413584,235.56520668949366,0.0,0.0,0.0,0.0,0.0,-9.772253759014127,-22.279585215411387,-18.194767080592708,-15.704170334966177,-25.373728725817077,-23.674641012979478,-23.674641012979478,-26.557392214690786,-27.049024939699763,-26.53846810300068,-27.095389177196484,-27.38356413349711,-28.941877317653525,165.15554772712738,70.4096589623663,63.177913099950764,47.768337803871255,34.1150021621351,-23.883635238371504,-59.145018894004515,26.20444688402243,15.035824974105644,38.368218359062375,5.855904359897467,6.730231231693084,15.428229121670638,0.0,26.20444688402243,5.818138757502631,8.819014361131503,-2.658181062628609,1.4417398253982903,4.477654112282082,1865.9004594923515
0.0,19.68605540684988,83.39335951993176,43.7457706957239,6.88560492352755,10.027275147710919,0.0,0.0,27.35758162877029,7.627334420536552,3.089132209954885,5.244011180997557,12.274705178686792,13.498625997170556,232.82945630986066,0.0,0.0,0.0,0.0,0.0,-9.64459377539499,-21.812679101893146,-18.062150199523796,-15.57520004141692,-25.150664633642,-23.52654850717875,-23.52654850717875,-26.401158577115254,-26.818085915497054,-26.300787034563438,-26.869962692364414,-27.16518247421526,-28.789201483751498,162.9980357511406,69.83142055872005,61.46428916754125,47.74022472849822,34.10746644825127,-21.92907035239051,-59.058422182542735,26.130443322757053,14.993362540169471,37.99485990090103,5.782415288695007,6.72099628131199,15.46417318318311,0.0,26.130443322757053,4.934051341796429,8.832172892359807,-2.693283078740123,1.4769851003144332,4.666453104810749,1844.230714787047
0.0,22.148580389273306,89.59046303879579,48.40682495680899,7.437870842940796,10.816919787177673,0.0,0.0,29.475167952669448,8.892109971074989,3.3081220283256014,5.75985769417046,12.692703208827139,15.009454132769518,253.53807400283375,0.0,0.0,0.0,0.0,0.0,-10.504859845746013,-23.640841196572353,-19.66660522759036,-16.951296298108673,-27.323431170085755,-25.619263182548,-25.619263182547996,-28.75072789957597,-29.231855046577465,-28.61755803028608,-29.181437457406435,-29.481931061503694,-31.354313016936462,177.53692489007966,76.00114911275409,66.35339370018855,51.960897129334995,37.074053671282826,-23.23706933860724,-64.48133292523598,28.465273311771416,16.33306244738324,41.15599901586017,6.5064196088503286,7.263227736682243,16.56943188314992,0.0,28.465273311771416,5.693812390550261,9.629355415934953,-3.198297580524728,1.5033700425117829,5.380098716834565,2008.2626608108199
0.0,17.97458477232062,82.75524517148087,39.71923769761507,6.937685512320078,10.227733843503007,0.0,0.0,26.656910444508526,8.147993736744285,3.07807347708112,5.203816667834159,11.397492333022079,12.742461852205572,224.8412355086354,0.0,0.0,0.0,0.0,0.0,-9.311221318554626,-21.25915781082362,-17.427574894158965,-15.050147341068552,-24.39686438582835,-22.791448330128134,-22.791448330128134,-25.613176126087232,-26.07196422351113,-25.549812556106588,-26.04882701174074,-26.299467580556076,-27.852172193979484,157.36388910857912,67.47734640005628,60.35225787881492,46.031950859824974,33.00509559761861,-22.402987292665948,-56.45755291119483,25.64973907789387,14.717539702844887,37.087203574159986,5.796622273897615,6.457771885041204,14.605075571718164,0.0,25.64973907789387,5.429444939927789,8.280923396302445,-2.7185487968164956,1.2539552172070447,4.461538455903128,1780.9564092433611
0.0,19.169418122963016,84.02467554836193,43.637755552820416,6.759612367301334,10.359798814704806,0.0,0.0,27.516429778379752,8.319508358885878,3.202193613434603,5.397121741716356,12.900447660576985,13.275471926827697,234.5624334859728,0.0,0.0,0.0,0.0,0.0,-9.708043336574514,-21.986150187660588,-18.222696965757397,-15.722551560020147,-25.538901720120887,-23.80621755016401,-23.80621755016401,-26.743493274583344,-27.220669012880855,-26.707369966115134,-27.30176239457715,-27.60041657379671,-29.13819832105106,164.07036228789107,70.49207119808172,62.02003763745046,48.290912143732314,34.5899943837453,-22.00463791091147,-59.37177406167776,26.700079305693453,15.320213435984664,38.950679152847954,5.874651814953452,6.891289138252082,15.824939384937617,0.0,26.700079305693453,5.64705015736703,8.856812805931341,-2.6724582015188485,1.494167396535726,4.418659120896356,1857.9575420831497
0.0,20.64655994849703,84.21615751780354,43.67210947031752,6.682538263138831,9.969788100585049,0.0,0.0,27.79249732076262,8.64138273447796,3.1982453937717503,5.879854082059929,12.120131453038903,13.543979309106447,236.36324359355956,0.0,0.0,0.0,0.0,0.0,-9.795665529647609,-22.091884702709386,-18.311329894596618,-15.793914336951657,-25.583399111325324,-23.932256180418616,-23.932256180418616,-26.88920960765311,-27.370621983315605,-26.805130477167086,-27.389271815492467,-27.625045384232173,-29.27182906011339,165.5512173339126,70.81202625964696,62.111527873222066,48.29664453805019,34.496484974143364,-22.104629644581472,-59.78189403098935,26.878951252017973,15.422848202122504,38.84407893966218,6.14244025058707,7.059429671111923,15.672420917378139,0.0,26.878951252017973,5.697187877662641,8.812114255715214,-2.9441948568153187,1.1795755890519937,4.731865053391234,1872.221670705649
0.0,17.678443395652593,74.8518711081225,38.90667740288874,6.298776502113846,9.040518960714769,0.0,0.0,23.084497007217255,7.096817566629558,2.8853622962101015,4.963871602441553,10.401374453917116,11.774480972548865,206.9826912684569,0.0,0.0,0.0,0.0,0.0,-8.579456781171713,-19.44550620582668,-16.030974804457852,-13.825347794595741,-22.26273465333915,-20.78369581011611,-20.78369581011611,-23.283919785979084,-23.697534941998537,-23.2746037838891,-23.796415239048372,-24.00259503462634,-25.389783911071344,144.9967345136338,61.985956754823086,54.8873537639792,42.261331801758956,30.169605552243098,-19.964517344143296,-52.37774898746402,22.727242758503532,13.04064328368735,33.479036817488335,5.087325945449659,5.995389491064538,13.355802420259371,0.0,22.727242758503532,4.894853917390001,7.788535117583623,-2.2019636492395573,1.031517888622985,3.985945854965242,1639.4997553855749
0.0,20.064828142943927,84.83039278318846,46.61219311520853,7.2879390643528215,10.425442245278226,0.0,0.0,26.441584214865227,8.169703015266359,3.279421596951523,5.871911920385325,11.96549501329118,14.618528412402375,239.567439524134,0.0,0.0,0.0,0.0,0.0,-9.916638423915497,-22.368414599099058,-18.61719574835221,-16.052573560877875,-25.898791444265967,-24.158541409273028,-24.158541409273024,-27.07363052632496,-27.548414830051396,-27.05845312240311,-27.708607503599268,-27.949049736207012,-29.68078605826017,167.59571444846202,71.97172507567196,62.89728835269762,49.34526613224088,35.28833182057957,-21.933104430490836,-60.90292537341091,26.49840120945304,15.204492750499384,39.069192458487784,5.830375455692009,7.074844843177761,15.73852991433979,0.0,26.49840120945304,5.618749156525874,9.642560588561333,-2.5509538587404847,1.202932922792436,4.975967823841042,1897.6019496661286
0.0,17.82720767136386,76.76166182027677,38.38544890584598,6.572210840428843,9.868864430303871,0.0,0.0,25.605615170064883,7.503410755094239,2.9855343395029723,5.057544228875079,11.359973711635275,11.792036223429431,213.7195080968212,0.0,0.0,0.0,0.0,0.0,-8.848063688752566,-20.032221163191284,-16.5658777731915,-14.315419651414873,-23.290327241030162,-21.689751023871548,-21.689751023871548,-24.38522394041378,-24.81753128329451,-24.358993444026297,-24.890130780413916,-25.129253199635297,-26.504844736253066,149.5363138203915,64.18319427642966,56.49420353810529,43.77163160412281,31.44327100679955,-20.267458282171482,-53.4423681257807,24.502071780222114,14.059020761663996,35.61188631701964,5.372881865239486,6.253874122918392,14.11626589855789,0.0,24.502071780222114,5.116063229357725,7.839414142463505,-2.387347525736514,1.1963298940433127,3.9526220809659263,1692.8617513790239
0.0,20.560674656348013,96.45350498110764,48.981078557829456,7.341005621096294,10.915299825891676,0.0,0.0,28.643008175208678,9.013164335613752,3.4019746978588734,5.781355127166082,12.723302049440607,14.189704622357436,258.0040726499185,0.0,0.0,0.0,0.0,0.0,-10.698950332402998,-24.546755240367343,-20.013690943897757,-17.21577286038734,-27.518777691988376,-25.831848092999795,-25.831848092999795,-28.892557102050656,-29.39492400930097,-28.805654433295345,-29.35953783216242,-29.64225905970055,-31.379494748253858,180.81714268046304,77.18692996945543,69.94900696047041,52.82861054613634,37.478850517508285,-26.50449802063723,-66.44307963691325,27.822098073364778,15.96401553121813,40.8816952289542,6.469968533468921,7.195809937743039,16.30061693185056,0.0,27.822098073364778,5.945170500003704,9.197934929370525,-3.0679938356100473,1.4144548105769577,4.99176969298691,2043.6376172604446
0.0,19.00650218632035,77.47282738809774,39.72184497481049,6.037571954680535,9.350159625168747,0.0,0.0,25.755223163106887,7.193721595328339,2.996661210747165,4.770705005777975,11.033310640717593,11.783030205371736,215.12155795012754,0.0,0.0,0.0,0.0,0.0,-8.923107267270833,-20.17375770152023,-16.64322818087983,-14.345257749247711,-23.13874790568013,-21.69131993933488,-21.69131993933488,-24.346927123476235,-24.7379772832401,-24.245143131287456,-24.69129419793189,-24.95082506332172,-26.403908606174564,150.80458454065968,64.31697340946786,56.83007745743997,43.784714800414,31.183290096485376,-20.64274993065777,-54.57065855217571,24.139688975014586,13.85108947210688,34.89203299909697,5.562570264491317,6.069138392759312,13.910164716677597,0.0,24.139688975014586,4.627812541584188,7.607742742430393,-2.565909053744151,1.298433386981337,4.175287462941343,1703.9673195666205
0.0,18.451043812591664,81.97805149797473,41.809565636024345,6.558677921378574,10.064174620558436,0.0,0.0,25.138694641590753,7.739973905085027,3.214137174832646,5.429541662141759,11.858750027677358,12.633538603754833,224.87614950361007,0.0,0.0,0.0,0.0,0.0,-9.315789508658224,-21.19506786715313,-17.43709333360505,-15.040714867436103,-24.33858146849008,-22.64392820649169,-22.64392820649169,-25.383044046039604,-25.848832262761047,-25.420960359849087,-26.028697013633078,-26.264030880061288,-27.69059172336803,157.44109360585134,67.43505589775872,60.00544708033993,46.06002623041529,32.924576482504484,-21.972604417634805,-56.907586468034786,24.898789560475535,14.28665308431543,36.89336799084984,5.441824491498244,6.606917419737293,14.780451459055868,0.0,24.898789560475535,5.512286588419429,8.534461414780786,-2.227687316665598,1.1773757575955344,4.0990771889740465,1781.2329612867695
0.0,17.24974520674684,81.1425844109802,40.891797949839024,5.893497427268969,9.169835164468752,0.0,0.0,25.215264636505797,7.378392470441249,2.8017201203348168,4.805938491059993,11.4358826640111,12.359873853767235,218.344532395424,0.0,0.0,0.0,0.0,0.0,-9.0496279077173,-20.734966077551736,-16.95233290957055,-14.587193227171056,-23.455650157134013,-21.99864842006303,-21.99864842006303,-24.65332118837442,-25.05217945874035,-24.541623545808793,-25.044282635665724,-25.32496737662328,-26.8276982107725,152.94284109713197,65.40169129829204,59.02580274705465,44.82024161668132,31.84705152664916,-22.116781663925558,-56.165748810246846,24.13119505782555,13.846215755337962,35.189496587425424,5.459896373427749,6.2102047556065525,14.349560293922368,0.0,24.13119505782555,4.720216217348317,8.04192995930941,-2.6581762530929325,1.4042662645465596,4.317943894457825,1729.4963422220662
0.0,21.073375300894075,92.57971174933782,49.968169427457376,7.610517215386274,11.081781519127365,0.0,0.0,29.009879448574555,8.705209162162054,3.52753961771083,6.196961090375506,13.7787297839781,15.459846780742458,258.9917210957464,0.0,0.0,0.0,0.0,0.0,-10.718716137805226,-24.268173746417812,-20.13989647282662,-17.361551205558342,-28.061134108068263,-26.159832432188576,-26.159832432188576,-29.32668952328178,-29.83133080991255,-29.306379888777176,-30.030088517430375,-30.329904448752426,-32.11773814209331,181.1511938111412,77.84052728460519,68.44197407997461,53.43228411423205,38.20356031604047,-24.137737669363204,-65.97827754139821,28.78699291967272,16.517661639136886,42.45529284386127,6.260662547556076,7.69694073477234,17.415908042405494,0.0,28.78699291967272,5.972086232316809,10.322688877918235,-2.733122929845245,1.4999796443968343,5.137157902824223,2051.4607322050733
0.0,18.618046469654285,89.13899765244409,42.730341311917805,6.9370121230550685,10.27117878504567,0.0,0.0,27.31562255879695,8.37732779546991,3.170077962337974,5.485700220560869,11.634743075117136,12.796629106421781,236.4756770608216,0.0,0.0,0.0,0.0,0.0,-9.8048057510704,-22.553233264066357,-18.32139638306542,-15.78453763596976,-25.356092992326086,-23.778901754963247,-23.77890175496325,-26.649885716145725,-27.114090942188632,-26.56020431163771,-27.066290673649164,-27.306090968771844,-28.883969597660975,165.70569124675345,70.76998581406815,64.39575447287946,48.30189786748535,34.38999243673431,-24.74324317956463,-60.2436178365153,26.097481694232147,14.974449518285992,37.97934829123216,6.053852786885915,6.68542152895929,14.968895190341284,0.0,26.097481694232147,5.493552970921969,8.262755682799213,-2.883774824547941,1.1997213083984217,4.533873423622568,1873.1122506905917
0.0,19.533507132641734,90.85049749438365,45.287597474459204,7.106527690723351,10.313428298496614,0.0,0.0,26.74414166199688,7.9179260733786,3.2145991256245416,5.834508508214434,12.930382399163513,12.965586566537837,242.6987024256203,0.0,0.0,0.0,0.0,0.0,-10.064527591924676,-23.086648869613988,-18.798543352721715,-16.193505506318452,-25.992722741883288,-24.251523562308236,-24.251523562308236,-27.12012700940375,-27.58355585704429,-27.116141793364985,-27.80540191068693,-28.055557459874933,-29.50200424236586,170.09510887146655,72.60359355415375,65.77825568363541,49.53502586658938,35.24832018860003,-25.07224181074824,-61.86268929953132,26.07584262426608,14.962033256647187,38.88269675249915,5.6481601381683895,7.086037171352325,15.835071144481818,0.0,26.07584262426608,5.484365060834751,8.80936915808164,-2.4335610125438487,1.2515286631378917,4.156217408456197,1922.4045296769195
0.0,17.15523266384047,72.28084050258052,40.543688616167906,6.458494980181448,9.21803011877351,0.0,0.0,24.84036439708705,7.6718325853976035,2.8654151408307453,5.247098028980895,11.650904710708762,11.548539371515478,209.48044111606436,0.0,0.0,0.0,0.0,0.0,-8.654792874847141,-19.403387032900167,-16.327107185889936,-14.098468189773468,-22.953154721342372,-21.364110301236657,-21.364110301236657,-24.013884176137637,-24.45972008843944,-23.999584146671094,-24.585741524354134,-24.812591499120103,-26.12036036317449,146.26994887353626,63.210492242528105,54.29405545311415,43.51357935028808,31.307081406293587,-17.98678504946637,-52.92422218277055,24.086663711489678,13.82066415593459,35.134856485869776,5.261083083603432,6.382028861310209,14.273714422182623,0.0,24.086663711489678,5.276164642624917,7.790798827712302,-2.395667942772686,1.1349308323293137,3.757740543803176,1659.284309538731
0.0,20.61444274084687,88.43013016910493,45.95010773825551,6.882473738525875,10.647147906713286,0.0,0.0,27.80761696492495,8.945461645661908,3.2999696725114185,5.70855602960976,12.74461774504434,14.183866823900708,245.21439117509954,0.0,0.0,0.0,0.0,0.0,-10.16010638158674,-23.02741268781902,-19.01951503398778,-16.394322601523736,-26.508825733160776,-24.760257011738002,-24.760257011738002,-27.780240872546635,-28.292489971970056,-27.73868644985648,-28.332248396562818,-28.61597387664592,-30.30390515399732,171.71043403053474,73.50395714456481,64.99624340168843,50.24619244782804,35.85355544017138,-23.433886767416496,-62.34130687399768,27.45190310706877,15.751601709084929,40.133731972212665,6.183311798369554,7.128035117477996,16.175237149651828,0.0,27.45190310706877,6.062119519803772,9.33376833142498,-2.883342125858136,1.4194790878682362,4.850098492475727,1942.3311769927957
0.0,18.923493652024145,78.86342415222069,41.76425633972467,6.424684204132872,9.249286700146246,0.0,0.0,25.009687477370946,7.178783543393306,2.831392921473199,5.005116433319653,11.073289669392599,12.803915659792683,219.12733075299099,0.0,0.0,0.0,0.0,0.0,-9.084868803588625,-20.557282759769556,-16.980505144894845,-14.628948799053028,-23.501452872749187,-22.022635859068032,-22.022635859068032,-24.67510716676788,-25.065413169716386,-24.57375668774772,-25.107769069203577,-25.36245949352623,-26.923918075183497,153.53842831821237,65.58890243477863,57.95026497035369,44.780151663488084,31.88451803234645,-20.913159181866995,-55.843180855896904,24.11118359876237,13.834733399030952,35.20555540709531,5.391170512813158,6.279333084923923,14.285765109211983,0.0,24.11118359876237,4.619005952053346,8.317223568369027,-2.5597775913399596,1.2742166516042701,4.486692091423656,1735.6968496552347
0.0,21.81238507237015,90.06886892574437,45.91730343196619,7.466253989187266,10.653478281398831,0.0,0.0,28.73444827648835,9.130977763502685,3.469183365655932,5.848947237781677,13.117772861988149,14.904176409243675,251.12379561532728,0.0,0.0,0.0,0.0,0.0,-10.40784700975557,-23.518000547144286,-19.439629686356746,-16.77850337580223,-27.162678202736274,-25.37326973578445,-25.37326973578445,-28.494729863163663,-29.015074292398424,-28.444039517896428,-29.04412066889659,-29.345119175053057,-31.134406774020555,175.89736369368887,75.22643192163841,66.22293043081635,51.223812821013915,36.63823536948849,-23.84593849492802,-63.19464047861589,28.37433076428703,16.280880608448555,41.203772823323725,6.442238889694025,7.354843306205062,16.753212346025805,0.0,28.37433076428703,6.157922239464591,9.762840856782638,-2.9730555240380934,1.505896068423385,5.141335552461037,1989.1392800030221
0.0,19.103417058575282,77.74054788164301,42.58252082600394,6.014475797816255,8.89045812118512,0.0,0.0,23.514593220612753,7.3326846187804655,2.917732802230706,5.270915786352425,11.521729990145548,12.140371742801408,217.02944784614687,0.0,0.0,0.0,0.0,0.0,-9.001268099854169,-20.327473700104058,-16.81642946995192,-14.476167990287145,-23.24674943992914,-21.704614031906686,-21.704614031906686,-24.276100181775863,-24.705797089076796,-24.27411705239839,-24.886515071473514,-25.114213610732353,-26.489860742753194,152.12553827706893,64.90390956907794,57.21172703061021,44.32373735309523,31.486656834788224,-20.528820851032798,-55.574957959268,23.375021815009386,13.412331820317062,34.80113264678197,5.165246920408465,6.410091988367833,14.335335616820556,0.0,23.375021815009386,5.085170500602707,8.187589914110994,-2.247514118177759,1.139176202015408,3.952781828690414,1719.0796219463848
0.0,19.112469316395206,81.91992991649049,39.21782178104063,6.736366402039103,9.62079534277396,0.0,0.0,23.746861001495223,7.748308178439732,2.8227900285094165,5.1196459484270616,10.765758008036022,13.115369782744718,219.92611570639158,0.0,0.0,0.0,0.0,0.0,-9.13120907358895,-20.847212724317007,-16.958122639234347,-14.632431177164065,-23.522998337517663,-21.96256719844332,-21.96256719844332,-24.595213267487786,-25.042815004014827,-24.572004144900824,-25.12891799358721,-25.36040641717253,-26.92544995534704,154.321600026854,65.6045156795376,59.180702382825864,44.39039000479467,31.63803832283824,-22.739227533664625,-55.22895896628547,23.930970539446115,13.73132911692876,35.27722863405125,5.274036236214964,6.277782948553785,14.104614106508539,0.0,23.930970539446115,5.297061970734185,8.618376684145478,-2.4512462077055472,1.1581370001267235,4.496993098599241,1742.0239861306582
0.0,18.404272121197298,80.23932428905545,36.22870975878718,6.10829823740014,8.509486038371453,0.0,0.0,22.561727877764326,6.9150384575754815,2.784812926066125,5.193133452427139,11.159111457806766,12.576670120809132,210.68058473726052,0.0,0.0,0.0,0.0,0.0,-8.757546808034935,-20.113362561803942,-16.20053337026479,-13.978819555507359,-22.505665561986525,-20.966288128327033,-20.966288128327033,-23.473368660721956,-23.880303823282098,-23.477103234935893,-24.121300401319015,-24.34569120953183,-25.768474811686634,148.00653723229567,62.67404750496484,57.361295922458034,42.21294556618566,30.028023622454704,-22.878028366597412,-52.75976762663098,22.789569424551654,13.076405642880305,33.83400526338848,4.884050643284887,6.31576107006172,14.124707511670413,0.0,22.789569424551654,4.815800740356719,8.488446449310906,-2.099237717218762,1.1226276176345813,4.088223671498225,1668.7905883551884
0.0,18.417544269800892,88.72181338833798,40.44504689061772,7.137757012908827,9.870348671757439,0.0,0.0,27.80278887304149,8.468783651751833,3.011774815497846,5.2614828347345535,12.163058286533538,13.531343687806,234.83174238278815,0.0,0.0,0.0,0.0,0.0,-9.73418932871548,-22.404147362073576,-18.175870248994183,-15.684061480061617,-25.317830676122785,-23.741197222303313,-23.741197222303313,-26.668901986714832,-27.123686585665943,-26.53082077618922,-27.042759364192214,-27.33888646700876,-29.020806924734767,164.51224148581173,70.31950089697641,63.99938391351255,47.87704696165326,34.21826634084504,-24.722429474825425,-59.17380120951237,26.61307848751497,15.270293318207504,38.22620901540024,6.098492207473258,6.743007263474562,15.514360872694978,0.0,26.61307848751497,5.382066259776421,8.698516672904555,-3.0867173919754123,1.4815244287400082,4.832827014901445,1860.090724658688
0.0,19.119289800584315,90.32545370798867,44.30305487905317,7.202314180900799,10.270117739626533,0.0,0.0,27.17482073016795,8.54690026439197,3.354041132012033,5.676072505055674,12.391138275809276,12.863457744979467,241.22666096056986,0.0,0.0,0.0,0.0,0.0,-9.999750074240305,-22.952839527627624,-18.694894360396006,-16.10935879124281,-25.877999595833167,-24.211296806038543,-24.21129680603854,-27.113264255565777,-27.606156169153564,-27.084905104517436,-27.648545454737466,-27.897447860065768,-29.413472335755422,169.00033926382127,72.2263216967486,65.42955727326016,49.31456605124604,35.13692613873075,-24.895896434728513,-61.3995623166278,26.379124166232486,15.136052887859634,38.76137133795079,6.067900998915395,6.921331687206516,15.502020912202346,0.0,26.379124166232486,5.83304039748861,8.507315926435556,-2.713859866903361,1.2452591821508419,4.356141818543911,1910.7445613622867
0.0,16.99602263394997,73.64015019491364,37.69592163399031,6.031627456581318,8.950460705096324,0.0,0.0,22.637648671887987,7.474825555136756,2.859063236294924,4.926092503456863,11.158907247033829,12.604054062229766,204.9747739005717,0.0,0.0,0.0,0.0,0.0,-8.486083818948698,-19.220490951900768,-15.899471930856587,-13.729469210832224,-22.335419393392257,-20.74457951077613,-20.74457951077613,-23.29340451492183,-23.743586916003878,-23.331169760691818,-23.913572301088767,-24.16205232835633,-25.59107080417711,143.41868884483182,61.556085055739885,54.22239295323569,42.045077767172685,30.155195490473464,-19.417757241677954,-51.53176727675995,23.16903012585857,13.294136042405775,34.14788581287211,5.006286411762483,6.169238527409055,14.02190016860425,0.0,23.16903012585857,5.327602379669196,8.497915116707157,-2.14722317546756,1.2431460239521925,4.106138945522609,1623.5951403025072
0.0,21.03201909561914,94.2435906470612,47.27744910582256,7.2025625933582464,10.859264719749335,0.0,0.0,29.595531397358968,8.61243331373329,3.492542736403059,5.769617993874902,13.56736508177578,14.349110150240193,256.0014868349966,0.0,0.0,0.0,0.0,0.0,-10.612377214810328,-24.211566778564904,-19.84168066688916,-17.09545156298312,-27.557825946381662,-25.785497764142246,-25.785497764142246,-28.912311645496548,-29.39346493965453,-28.832944851889618,-29.440074299512485,-29.757558823724374,-31.46527969585251,179.35401748876674,76.64746934622991,68.69318363264418,52.34405315380464,37.28476160669881,-25.55040701441702,-65.21560446226651,28.422996830781774,16.30880466504978,41.514063897303956,6.410854225781502,7.3579936403222135,16.885951311450906,0.0,28.422996830781774,5.694121824354845,9.442148274117752,-2.9183114893784445,1.5883756464473118,4.906961876122441,2027.7752331471534
0.0,19.51553145162675,81.77643643995464,40.33870197952272,7.0128475403849455,9.724184183254028,0.0,0.0,25.372666868940996,8.442461919240435,3.068878049037876,5.494851867372922,12.172354869119212,13.36090621598764,226.27982138444216,0.0,0.0,0.0,0.0,0.0,-9.377665732948746,-21.23661483507149,-17.495559698623254,-15.120548791417177,-24.548070779237612,-22.84098884680067,-22.840988846800666,-25.65301381137124,-26.15172964946527,-25.663775941568364,-26.282950435447603,-26.54020703609442,-28.073953573384998,158.48683003124464,67.79299135319752,59.902758509484926,46.04068719189262,33.02785287824035,-21.87367793046971,-56.40016402769121,25.561539537956275,14.666931771635056,37.407832663361766,5.609377387283852,6.781907103748839,15.29236398907505,0.0,25.561539537956275,5.901962580994458,8.953841859655885,-2.5404993382459766,1.2870552363759176,4.407064356331755,1792.3513774749183
0.0,20.014390893747798,84.33267757280007,44.98534921279769,6.6346810127060545,10.184179371817446,0.0,0.0,27.628959517933605,8.282107137780317,3.2858529907675678,5.7908937352852465,11.909298059353661,12.990478013668701,236.03886751865815,0.0,0.0,0.0,0.0,0.0,-9.778522820992743,-22.100431805848356,-18.322142483479144,-15.78618455649889,-25.481666793914716,-23.84990711108775,-23.84990711108775,-26.757851768142174,-27.222662479277176,-26.688441158811276,-27.250647843538253,-27.475377100163332,-29.048242973765763,165.2614977352162,70.77736978344194,62.24129405897669,48.45519318560799,34.55061959688375,-22.091383513823374,-60.22222576538244,26.43345747708781,15.167228747281511,38.471082602237225,6.06724165357747,6.9152146109359975,15.304446965906315,0.0,26.43345747708781,5.500718474970415,8.471008231465298,-2.781388662809902,1.124320875650751,4.519469782203403,1869.6523037107827
0.0,19.71095178792046,81.0941117572927,40.08329679378566,6.6305900633820025,10.472431008865552,0.0,0.0,25.293599694108728,7.863853650868083,2.9929777245121967,5.177577102265539,12.539161619706164,13.974971990055376,225.8335231927624,0.0,0.0,0.0,0.0,0.0,-9.358369196135111,-21.144332841609376,-17.45692218929449,-15.093744309415754,-24.647251967253943,-22.82605194922721,-22.82605194922721,-25.650544895335656,-26.12443963458463,-25.691200418507957,-26.36083972724753,-26.664876547079565,-28.22051090687935,158.16070975384673,67.67281343891568,59.534089233087094,45.930994743417536,32.984673989421694,-21.5600225242056,-56.11916124148031,25.674874521483932,14.731962145422644,37.90773612347507,5.248609609120254,6.698673859480035,15.488021646009226,0.0,25.674874521483932,5.6082217662600256,9.505015206537816,-2.255631884608057,1.5210967572144964,4.46995678351756,1788.8162713672345
0.0,18.132625636964782,81.30644309620847,41.88802574600768,6.464824000308145,9.635305157575115,0.0,0.0,26.591606991743845,8.042829873760471,3.0410603925904502,5.618445908469582,12.515929195435657,12.627996497220336,225.86509249628455,0.0,0.0,0.0,0.0,0.0,-9.346633432116015,-21.210916437911127,-17.55485232257345,-15.145023228526513,-24.610383543029528,-22.938381208408146,-22.938381208408142,-25.770448981603792,-26.230617685311998,-25.731802983662792,-26.368007582908035,-26.618331784774792,-28.062679441841258,157.9623699867503,67.90272250953423,59.92970149919229,46.55296557655079,33.34707727404242,-21.376741597016178,-57.22700294578332,25.743730326294443,14.77147085301583,37.557972837485174,5.638106790514152,6.870818341263082,15.41374254813283,0.0,25.743730326294443,5.44578347583677,8.477810711729662,-2.5970463979237017,1.2523724327935,4.150185785490674,1789.0663302735375
0.0,19.844458368638467,82.05320420448557,43.28638491368104,6.992814664819551,10.238316741804221,0.0,0.0,28.255340769782087,7.94276826021703,3.2459392073536537,5.284233187631217,11.725691040582126,13.664952241391632,232.53410360038657,0.0,0.0,0.0,0.0,0.0,-9.626774259909888,-21.6751964718307,-18.05049512163532,-15.57649484069422,-25.231610019882908,-23.63747583450435,-23.63747583450435,-26.57657179960918,-27.004170489713673,-26.450542403090598,-26.940714967422075,-27.21993067334267,-28.93716564301371,162.69687780817793,69.83722579220866,60.85983841956258,47.775186375484516,34.21739464449235,-21.19336578492299,-58.7508971964165,26.716625444094454,15.329707429202527,38.310908575464985,6.1283679397068465,6.681149867241977,15.26307402671194,0.0,26.716625444094454,5.060339527863837,8.730652575651055,-2.882428732353193,1.3969166796107606,4.934299665740577,1841.8912404475855
0.0,16.997235198225574,75.19037867117899,40.034075788475576,6.470504299249072,8.974514142723141,0.0,0.0,24.850616859553412,7.400196154581502,2.9624980004182646,5.371375279047809,11.810201567076883,11.643995752049317,211.70559171257958,0.0,0.0,0.0,0.0,0.0,-8.754609049337786,-19.79450470541792,-16.472267378930187,-14.21851092740238,-23.084804179108342,-21.499325816973947,-21.499325816973947,-24.14386817910666,-24.574557739689066,-24.132167080859215,-24.744436892871725,-24.96757895526803,-26.275801440087815,147.95688776977838,63.74870394280121,55.76549808597328,43.770748239521325,31.42340624605816,-19.424880585205713,-53.52069464563776,24.039108827676728,13.79337768380106,35.18091124397255,5.265776278284929,6.487755419113329,14.45286540385115,0.0,24.039108827676728,5.096917876714836,7.884951775209534,-2.3032782778666654,1.1163801400655196,3.7590439768397834,1676.9096183813488
0.0,17.20885311187872,83.05522482015667,38.93635967363129,6.266877229465378,8.910153802106224,0.0,0.0,25.984156065379562,7.627144280350367,3.002897196781074,5.261753863408495,10.971005222983704,11.78453797894703,219.00896324508852,0.0,0.0,0.0,0.0,0.0,-9.083181797103393,-20.930550217890836,-16.96077913673717,-14.608907243544339,-23.470044843901302,-22.060748114346097,-22.060748114346097,-24.743645910954545,-25.153405205557878,-24.61984975409798,-25.093317532335487,-25.30996041148491,-26.78442439822035,153.5099171388101,65.49904610627841,59.84426135670776,44.67784335091751,31.77895931930611,-23.210963463448905,-55.85067426247522,24.387762899813165,13.993431576499287,35.160453933644,5.780819055790251,6.345618577984379,14.123862497763149,0.0,24.387762899813165,4.849222421341191,7.547815989591702,-2.777921859009176,1.083864714575884,4.2367219893553285,1734.7592664251472
0.0,20.776058539208886,89.16063412953129,44.386549262624335,7.146355646235732,10.46983855713038,0.0,0.0,28.795598132743407,8.83500947742528,3.418471244907484,5.6868028825082435,12.882198965099741,13.81951394599038,245.3770307834052,0.0,0.0,0.0,0.0,0.0,-10.170379057035921,-23.088492802916022,-18.999550557783554,-16.391875117955504,-26.523508492887043,-24.807026523384035,-24.80702652338403,-27.862116572043696,-28.358938523646007,-27.791283368633586,-28.348141660237694,-28.637161000140782,-30.303805229485445,171.88404693317426,73.49298385023091,65.25288551740205,50.07470225015671,35.7804006264066,-23.90774861212924,-61.92532509684277,27.7710212586098,15.93470821363613,40.20170373355899,6.37393099922846,7.132767160590497,16.225167016609657,0.0,27.7710212586098,5.879549723104304,9.030581616398212,-2.955459754320975,1.4459642780822533,4.788932329592168,1943.6194373608441
0.0,20.79040078651932,93.7653937701365,48.206487940596226,7.542506596198699,11.0056437353841,0.0,0.0,28.35421701853098,9.11380433741652,3.5523996371525848,5.98497286823818,13.080867556715422,14.69553089136673,256.09222513825523,0.0,0.0,0.0,0.0,0.0,-10.61032870918774,-24.18203007260624,-19.870182400413896,-17.12341163056007,-27.57195867141591,-25.760375312242555,-25.760375312242555,-28.858979569273306,-29.389075111294318,-28.843503289200534,-29.462575955047296,-29.743554504269664,-31.48185514824332,179.31939680898665,76.7728283292686,68.55433330008832,52.517319029186446,37.45734369319259,-25.21106047004818,-65.22846758142543,28.16656901218755,16.161669187779875,41.45919784483708,6.392883950651751,7.390709056062647,16.669961102738583,0.0,28.16656901218755,6.2733200239173526,9.700701157519099,-2.840484313499167,1.4057361878244672,4.994829733847631,2028.4939668010877
0.0,17.994830602591254,78.73444965754737,40.31339031402388,6.650604544202137,10.187245900967104,0.0,0.0,27.144503297408804,8.28497091366424,3.1794634785325404,5.252370640747908,11.231058433808876,13.13500167284574,222.10788945633982,0.0,0.0,0.0,0.0,0.0,-9.184627490901931,-20.746825031384382,-17.26967164854989,-14.917694457467487,-24.33092222661156,-22.72605674316219,-22.72605674316219,-25.596451369492993,-26.059594119159918,-25.52103144723427,-25.99380782961484,-26.243278220445468,-27.877922589734556,155.22439565492533,66.88349380141449,58.40378613164844,45.85437929700519,32.97139962368043,-20.330663525898935,-55.85317480604132,26.092124591680836,14.971375671442884,37.35111407485149,5.98345510619767,6.500471455389869,14.679941612296846,0.0,26.092124591680836,5.48097928599911,8.43801767971581,-2.8039916276651304,1.248100814641961,4.6969839931299315,1759.3057090970842
0.0,19.294479296070843,85.13306534193687,40.86731100060988,6.3738869667684375,9.21467798478458,0.0,0.0,25.361173638319624,7.979785043494054,2.991123209962968,5.46435419392143,11.703923310859034,13.233920120917206,227.61770010764496,0.0,0.0,0.0,0.0,0.0,-9.44913469301651,-21.62359522910663,-17.581032103264462,-15.149548605198207,-24.371337619450294,-22.810724184128027,-22.810724184128027,-25.56186432287994,-26.01047376216242,-25.497493667828756,-26.083117971691625,-26.328421548213864,-27.910736403233116,159.69468806855687,67.92301203908809,61.49649207501194,46.120107816742006,32.78360888073208,-23.636573266924927,-57.741237189889674,25.008091434886975,14.349369304209931,36.591496763162,5.661920806327107,6.691608429073652,15.023289542976658,0.0,25.008091434886975,5.308987447129915,8.687299653647361,-2.670797596364139,1.2272542351522215,4.546620467269845,1802.9486492853505
0.0,20.92603742041335,89.14280650348411,42.82034952842021,6.823099609914272,10.880239670184922,0.0,0.0,26.84934941041579,8.507768873828814,3.3696699659164584,5.580510096901106,12.440116584631173,14.557176137759376,241.8971238018696,0.0,0.0,0.0,0.0,0.0,-10.036882583774956,-22.85120798724068,-18.675650103293794,-16.11892865391204,-26.12645016526569,-24.319669821153816,-24.31966982115382,-27.28877181599783,-27.792460575807205,-27.303266900478196,-27.91646832094558,-28.199686636938665,-29.902111368953836,169.62789561897847,72.26922818289114,64.7286225360697,48.99482486115493,34.97841080134047,-24.414183967414417,-60.71530395112217,26.989382736515022,15.486212579927429,39.709235423195196,5.916625114190565,6.99745184191349,15.91491879690622,0.0,26.989382736515022,5.960813725554707,9.665432180471946,-2.5469551482741073,1.4169417450123838,4.89174395728743,1916.0552646755427
0.0,19.995839266687724,82.4836919020265,40.87638293074187,6.634292173762809,10.11758749123103,0.0,0.0,24.67410751584046,7.8748344724808925,3.2007199273615323,5.088700538601463,12.140269023154534,13.7824466828978,226.86887192478662,0.0,0.0,0.0,0.0,0.0,-9.410894903114784,-21.328937877871837,-17.51797314583551,-15.126674005483121,-24.51975453233736,-22.780888918222036,-22.780888918222036,-25.549506765009728,-26.026805494777093,-25.599194523167437,-26.199416873475478,-26.49471033600208,-28.059953001358398,159.04841816993044,67.82045375485617,60.201257638819285,45.97934575045783,32.871975513965594,-22.282434263207207,-56.78696604968862,25.166965246683862,14.440529359513501,37.27117104537035,5.4270487221220804,6.566054263469459,15.160480568547785,0.0,25.166965246683862,5.648505677720344,9.284881412636558,-2.2263287947605486,1.4773537248679958,4.4975652702612425,1797.0172179415104
0.0,17.890364387944892,80.31373884900479,40.692382687641675,5.917133447305873,8.569236216276689,0.0,0.0,24.4157681809832,7.402508345654001,2.760397884672025,4.709535287158076,10.977570634418473,11.97133520404705,215.61997112510676,0.0,0.0,0.0,0.0,0.0,-8.948327980697748,-20.47745677234794,-16.70162884609762,-14.361354905039978,-22.93698495089192,-21.588673426328487,-21.588673426328487,-24.15955987559779,-24.554207220871966,-24.029447864304572,-24.48342659386316,-24.750414126727893,-26.23949139848338,151.2308261060968,64.38914501900994,58.236746939688764,43.97289510775789,31.130819670705254,-22.07699190931603,-55.57525388405705,23.369570486949424,13.409203907907813,34.027577358352275,5.4925234460162855,6.045274394946416,13.92054330111288,0.0,23.369570486949424,4.670382784309741,7.6926234295643,-2.73212556134426,1.3357391077883403,4.278711774482749,1707.9152259033854
0.0,17.910453643317066,76.78190085832556,38.74564643059687,6.098069391234417,9.047417759429326,0.0,0.0,23.154181270931254,7.198847137708837,2.9956764737731336,4.964042251879492,11.448731985808129,12.708492161791192,211.0534593647953,0.0,0.0,0.0,0.0,0.0,-8.748442126279793,-19.864745499645856,-16.33632019505235,-14.096305407965362,-22.832431707491395,-21.23322395694319,-21.23322395694319,-23.809296943006743,-24.241777294672087,-23.84213024143367,-24.43376969818969,-24.692780253242002,-26.129341306507712,147.85266395605532,63.200795408739964,56.15145412621127,43.03469866590605,30.756057520620942,-20.630446732114287,-53.19436682704788,23.416716535438205,13.436255794804548,34.66441671107861,5.076412940886239,6.25987252530509,14.280713485457957,0.0,23.416716535438205,5.118110670595732,8.580680388715766,-2.0807364671131046,1.2958302734255973,4.127811773075425,1671.7441100090346
0.0,21.46269357196062,84.3408803350747,46.22545417759243,7.516955637242755,10.969522129493463,0.0,0.0,26.857969077835218,8.579927539358549,3.3754463538860007,5.641901118505291,12.786458892766772,14.338068891371327,242.09527772508716,0.0,0.0,0.0,0.0,0.0,-10.024501951223721,-22.454924215174906,-18.768978633583423,-16.20979342419994,-26.28001811662343,-24.428366992772496,-24.428366992772496,-27.405553839532203,-27.920998121772122,-27.444665442717355,-28.087945016266826,-28.37288569193536,-30.01022030146226,169.41865727942744,72.67662044565971,62.78942397308276,49.59435504968071,35.57218468470335,-21.55145636199194,-60.77381166904494,27.062874709205587,15.528381469935592,39.95803782407543,5.855441559044355,7.067459832076128,16.065614303461487,0.0,27.062874709205587,6.099932334200194,9.633354767105775,-2.479995205158355,1.4255587135708376,4.704714124265552,1917.6248321918067
0.0,20.9879436089784,90.33212745599849,42.45841418426677,7.17361961901246,10.139554246953658,0.0,0.0,28.60588417069903,8.300127858241892,3.18827660975763,5.521874713219423,12.62298971732871,13.308823542246754,242.6396357267032,0.0,0.0,0.0,0.0,0.0,-10.073298847935968,-22.999874791239293,-18.71788269371767,-16.14726821519069,-26.00362012670129,-24.375526515828803,-24.375526515828803,-27.351795628636978,-27.801615234561062,-27.2298576260574,-27.782401400006545,-28.068559692969952,-29.69029442450255,170.2433471004896,72.39628862621363,65.29563036471846,49.02781219250057,34.931960934292164,-25.036497091280026,-61.04522627705964,27.05453243167145,15.523594762341883,39.10940366443377,6.165095522152387,6.9535251683095165,15.851228727018205,0.0,27.05453243167145,5.323308945847134,8.648934077467164,-2.9768189123947577,1.431650455090094,4.6598894647795905,1921.9366652490653
0.0,16.395490605160138,74.2111520203915,37.16032370844348,6.47931218897549,9.27520642112618,0.0,0.0,23.809428110107895,6.990875879699709,2.831717535816864,5.117628146903374,11.029479125096277,12.200090802782436,205.50070454450338,0.0,0.0,0.0,0.0,0.0,-8.501188117915252,-19.309165744713653,-15.954047212419946,-13.789837462379772,-22.451449063168628,-20.855296943229373,-20.855296943229373,-23.433656176618552,-23.844941092345763,-23.437061476495447,-24.043306190991213,-24.264210019270244,-25.653198532738195,143.67395838964427,61.826746154859094,54.594017410710705,42.26893769569358,30.415512678079818,-19.61713460968079,-51.39419971598607,23.43749871274592,13.448180380809456,34.36874692797736,4.955316306318831,6.222810397648978,13.915413802883371,0.0,23.43749871274592,4.867277109197741,8.20897387424974,-2.1235987705019674,1.105182250745604,3.991116928532696,1627.7610111624886
0.0,19.250525605599158,83.61047881805887,40.422870769210576,6.269774896367147,9.411955089314784,0.0,0.0,24.90990814596199,7.242520321511261,2.84955723674493,5.13838153083991,11.922569974689424,12.680399216300527,223.70894160459858,0.0,0.0,0.0,0.0,0.0,-9.28963178877171,-21.240703931291762,-17.26555935117839,-14.878981761421016,-23.929064955945183,-22.347446259692283,-22.347446259692283,-25.020831774256237,-25.430761412681598,-24.971467879527264,-25.586381242126578,-25.854284128357108,-27.314726639043684,156.9990162036794,66.70992540091919,60.368096896095615,45.235523833976174,32.14486986800844,-23.24238192196325,-56.67484183703091,24.301295469175095,13.943817510658143,35.91017853552958,5.240839233695708,6.478700153166006,14.778684059353079,0.0,24.301295469175095,4.851238324560483,8.483966509310775,-2.391281996950778,1.3403186223260963,4.196432706989752,1771.9875647118865
0.0,18.013556570136515,80.38614449019596,40.19755060759192,6.5521724244074715,8.974252178365772,0.0,0.0,24.450587230639453,8.030760322260784,2.850695542060634,5.046770855910392,11.437256928024471,13.149513046575393,219.0892601961688,0.0,0.0,0.0,0.0,0.0,-9.079668996979063,-20.69324463782231,-16.97798839331485,-14.640058097513126,-23.598172807745996,-22.079736382517318,-22.079736382517318,-24.763570048795835,-25.215223493453532,-24.699371655580634,-25.234822543970115,-25.50488853232362,-27.08856347755472,153.45054921377493,65.63871098239386,58.66331080892683,44.795368627131275,31.978313207580303,-21.72283368126913,-55.51959857045174,24.396270032529024,13.998312876192934,35.54525319511495,5.536444684940332,6.397911482053544,14.636644849755303,0.0,24.396270032529024,5.345011179381086,8.598984498701409,-2.685749142879698,1.3511406261431524,4.550528547873984,1735.3952946401034
0.0,20.80520216674581,91.37550329458348,43.75517280963228,7.019767109759486,10.30438271619211,0.0,0.0,26.999009399277107,8.570874640313328,3.2932301453669797,5.660845656359602,12.668040514465435,13.471641408808406,243.92366986150398,0.0,0.0,0.0,0.0,0.0,-10.127577487964228,-23.17922521756047,-18.826836414838446,-16.22905706132406,-26.093895342425988,-24.38440014461877,-24.384400144618773,-27.30802096478486,-27.804185926058512,-27.285769798530588,-27.887169762291514,-28.15687492504252,-29.729047645984874,171.16068088497934,72.76298897652465,65.92740177600766,49.33790226221766,35.09017468000823,-25.448101518575825,-61.69031948502463,26.575955096501158,15.248992322533017,39.143077061748784,5.992330096051251,7.010181071363613,15.836183178141807,0.0,26.575955096501158,5.871774689629056,8.954163330128022,-2.699099950684271,1.3493354150040107,4.517478078680384,1932.1074367131498
0.0,17.44923920951662,79.51054806010458,37.28522481913473,6.389509679031982,9.165701973494876,0.0,0.0,22.346170211520466,7.683121982090288,2.9442202171199745,4.780426542059752,10.525723612702338,11.802084614845363,209.881970921621,0.0,0.0,0.0,0.0,0.0,-8.712859421929561,-20.023325403776774,-16.19596029124392,-13.969144838854387,-22.43440290412506,-20.93405622173266,-20.93405622173266,-23.426586507277154,-23.888174354979093,-23.46167448757264,-23.94684206630959,-24.173091637093478,-25.548818810046942,147.25130001571,62.63067090591099,57.13222196215187,42.440454113624995,30.22938473041653,-22.378326097952716,-52.880917890988684,22.657306477088447,13.00051461043769,33.58962806630692,5.164764119897357,5.912353552185321,13.346808420729369,0.0,22.657306477088447,5.462578079312906,7.84907279669276,-2.220543902777382,1.131927010125569,3.9530118181526026,1662.4648074535846
0.0,17.534804311709326,75.60957074903489,39.814295728507545,5.983085429044227,9.58070227118498,0.0,0.0,25.254794031280703,7.159826010599497,2.7040239168855904,5.079729304289372,11.024270870760716,12.330318748294879,212.0754213715917,0.0,0.0,0.0,0.0,0.0,-8.778487123031722,-19.847390684200754,-16.478519410483635,-14.210989866427855,-23.063685303885432,-21.528727996850545,-21.528727996850545,-24.185448762851998,-24.579157249629045,-24.098875847125477,-24.663805927934273,-24.898741751925623,-26.373537615954284,148.3604381110651,63.71498326052661,55.912024858155405,43.6707820295594,31.24282691164097,-19.697545890879482,-53.847768797335064,24.149811526238096,13.856897681269306,35.12695594578833,5.20457789462063,6.255113654856503,14.086562125126216,0.0,24.149811526238096,4.659272032864458,8.092643143362249,-2.5005539777350387,1.175384350567131,4.23767560493263,1679.8390209887305
0.0,21.851374305157737,91.69696762492867,47.14938349566234,6.979566859217492,10.37181348631443,0.0,0.0,28.160102451394813,8.467595867143634,3.397515993978443,5.663848301859174,13.13111040758137,13.817710231543613,250.68698902478167,0.0,0.0,0.0,0.0,0.0,-10.404181797066618,-23.638392675031874,-19.388743559494447,-16.69489397162189,-26.795538091780458,-25.093270195960553,-25.093270195960553,-28.094202556699052,-28.571853601345286,-28.031191766636514,-28.625934346809053,-28.9240449012029,-30.55957577971596,175.83541992676388,74.8515690980178,66.84957760249151,50.95599910632843,36.17846891278625,-24.847390022437168,-63.97173089224785,27.278723395495906,15.652233084980773,40.0787402593388,6.212436776551298,7.155295942412707,16.339194054060364,0.0,27.278723395495906,5.652675084570779,9.118178944511085,-2.8149207825728553,1.4914476405535328,4.699531287032528,1985.6793564028333
0.0,17.76676001779277,76.19112345483641,41.8062670015387,6.013152511262743,8.997747378684725,0.0,0.0,23.31367696032594,7.077907576911431,3.095805043124436,5.194713654925178,11.100368864263801,12.408007141940145,212.96552960560632,0.0,0.0,0.0,0.0,0.0,-8.820615672403658,-19.957238988595353,-16.547409123446215,-14.25071697635405,-22.9627108148409,-21.41329861293468,-21.41329861293468,-23.97305618150117,-24.394722641128297,-23.993724280766802,-24.57546183028719,-24.797283479629005,-26.22146960376568,149.07242981922695,63.89309978637935,56.25409565182444,43.822558138852976,31.2290160107568,-19.937027803011972,-54.540302709384115,23.268408040782624,13.351158002903661,34.568660576489364,5.183577003146803,6.304487766100964,14.08284842855687,0.0,23.268408040782624,4.990135616889065,8.315753466471287,-2.0877719600223665,1.1097741111757857,4.092253675468857,1686.889524695057
0.0,19.856294218691403,89.06173555359591,46.310093189649955,6.83211290147655,10.803356167619757,0.0,0.0,26.085869136072517,8.051673670017076,3.40297837640873,5.651607887016499,11.99226340460084,14.55017639007664,242.59816089522587,0.0,0.0,0.0,0.0,0.0,-10.05548595743854,-22.928480487325444,-18.8174735277996,-16.205162963632578,-26.073185637610777,-24.31620807266764,-24.316208072667635,-27.208881118196196,-27.686788495821556,-27.22659548692673,-27.84899340995714,-28.10689725796417,-29.815515940870416,169.94230112284166,72.65585977238422,65.0249761574324,49.69366816221108,35.36736258450678,-24.036759396163504,-62.0353969168136,26.294637265053733,15.087575228157423,39.155712538600895,5.798943435474827,6.941901303101364,15.611511632404952,0.0,26.294637265053733,5.655708610950979,9.64063474618766,-2.3959650590660964,1.2902934160848654,4.90954164388898,1921.6081451412
0.0,18.94637434002666,83.93067729506632,39.179246018401656,6.697678489878689,9.70631956946149,0.0,0.0,24.55243884454732,7.875687689199637,2.8835876527774205,5.06602421232412,10.91376622707718,13.278048845330144,223.02984918409064,0.0,0.0,0.0,0.0,0.0,-9.26005312480752,-21.22230171054706,-17.202049124052536,-14.839013104404753,-23.861926649718324,-22.314283629142363,-22.314283629142363,-25.00363384865715,-25.449885267439203,-24.95153932948904,-25.47655822779467,-25.72557172153385,-27.339711990849686,156.4991232855758,66.53072589851485,60.42455213284609,45.04308075796855,32.08511605473449,-23.50612516222023,-56.115792439985334,24.44641595777462,14.02708605955736,35.80237102338532,5.478193462899541,6.311839169994702,14.306018821029589,0.0,24.44641595777462,5.281081879077516,8.639981293707152,-2.594605810122121,1.2458149576705821,4.638067551622992,1766.6085069245719
0.0,17.83632639399761,76.2098311590976,41.38911613116847,6.105788286907451,9.494720039774345,0.0,0.0,23.827311069916284,7.601965745806187,3.0141225680387236,5.156826856340467,10.70011235399925,12.79491389410503,214.1310344991514,0.0,0.0,0.0,0.0,0.0,-8.865431198072281,-20.030234319554218,-16.641549938627495,-14.341740059787206,-23.181551494827364,-21.62630745794606,-21.62630745794606,-24.24859693145521,-24.693712386873003,-24.245358157698455,-24.7822000085847,-25.00213804639051,-26.52497750282656,149.82983265290318,64.30120184624823,56.396439468009945,44.102306831642544,31.494759959253074,-19.81339169108766,-54.614340509149606,23.83682822933513,13.677311289200832,35.07583300944432,5.348449788190508,6.25717725560899,13.975485925870476,0.0,23.83682822933513,5.2676385256544025,8.41918992296528,-2.334327220151785,1.1003503992685237,4.375723971139749,1696.1214318470877
0.0,18.58078513249575,83.06348761216705,39.075253134129134,6.6658494334341105,9.612408041498735,0.0,0.0,24.800728526167518,7.9372687273791716,2.8019516299094835,4.940112906746376,12.118827952920117,12.317440455277994,221.91411355212546,0.0,0.0,0.0,0.0,0.0,-9.207558321712098,-21.082016492023595,-17.134235568791784,-14.788037422669674,-23.864346614538313,-22.25191729416301,-22.25191729416301,-24.944133087047902,-25.402782115075812,-24.92078829301425,-25.494865914869,-25.781460609560604,-27.18449335035921,155.61193715923775,66.3021763928877,59.981099006473244,44.95620035775684,32.09385266251194,-23.082388605693808,-55.71593792738325,24.472464256748413,14.042032288568665,36.01424169458232,5.311421209029374,6.373946680468661,14.716465763585548,0.0,24.472464256748413,5.427799148259281,8.285968870890278,-2.509469579119891,1.4338337737222853,4.031471584387717,1757.7708196548217
0.0,19.805731949942384,87.65901864928972,46.35358781326717,7.2977573259216175,10.668735015277218,0.0,0.0,27.0794731583069,8.448304311634354,3.1849951545537216,5.8196900302596335,12.413355688776562,13.824780132801509,242.55542923003082,0.0,0.0,0.0,0.0,0.0,-10.044258807079004,-22.80504602518696,-18.8370077344023,-16.237952586794435,-26.16880212048161,-24.42239325233776,-24.422393252337763,-27.360650046657188,-27.84843172984081,-27.33450234542803,-27.977596428163945,-28.22767841510816,-29.843357710540776,169.75255715867846,72.80287207135238,64.45818668539647,49.86813139362123,35.62050712971836,-23.20083196389325,-61.72061618636576,26.708997312239187,15.325330490587383,39.405005688783326,5.860735168156996,7.070850661359344,15.804684843989765,0.0,26.708997312239187,5.77256429803108,9.182290346488596,-2.6757400136032743,1.2511606310997108,4.642489786312913,1921.2696697150418
0.0,20.046814842557065,87.63737681549672,47.30919991008138,7.32667581686686,11.285325137197962,0.0,0.0,28.992910537590134,8.374606022045059,3.4973141406010733,6.2237693809395545,13.152498836113013,14.742316930245986,248.5888083697348,0.0,0.0,0.0,0.0,0.0,-10.277553921330146,-23.188174864536037,-19.35328214491101,-16.70423672171829,-27.193177672272444,-25.286131736423183,-25.286131736423187,-28.407176034253396,-28.89694034762436,-28.401672747303426,-29.11586975619423,-29.374179661827682,-31.07321061402917,173.69535104495768,74.89345732477712,65.21503734508202,51.47305026985517,36.96044858746343,-22.4223394704147,-62.90775167876326,28.370550839289283,16.278711728833088,41.61947841661041,6.075892785474992,7.516094304060754,16.742166189876702,0.0,28.370550839289283,5.79602737717114,9.860324653361097,-2.578578644873919,1.2923249231211997,4.881992276884889,1969.059770245059
0.0,20.827741316166474,94.35576027810885,44.58718359548752,7.1637412544082855,10.758578212950413,0.0,0.0,29.76010742630511,8.329407102362431,3.3359353743375904,6.020330250063067,12.671675767973891,14.627110766411848,252.43757134457547,0.0,0.0,0.0,0.0,0.0,-10.471775326441774,-23.984659615736685,-19.521028385026245,-16.830551545454412,-27.156900449352463,-25.43787419887559,-25.43787419887559,-28.55049952395959,-28.99950038992476,-28.420258106542406,-29.03941939341549,-29.307002981106933,-31.106968021772474,176.97778141696423,75.45978992761124,68.25723235487645,51.32289620340557,36.56991154251574,-26.098527923232396,-63.8916371306538,28.29402168061087,16.234800134728587,40.97432308506489,6.351722761135911,7.359051421222894,16.504970689755673,0.0,28.29402168061087,5.313619715564111,9.455094673470242,-3.01578738679832,1.3387211711598273,5.172016092941606,1999.5456331793864
0.0,18.12025373669395,79.27290574978397,44.09240180653359,6.72304963605411,10.181598374882546,0.0,0.0,25.928491619178608,8.316094516775284,3.164679593351857,5.505194911347428,11.259972443706104,13.177614725078495,225.7422571133859,0.0,0.0,0.0,0.0,0.0,-9.332178273989905,-21.04005924548749,-17.596672368541494,-15.1721144220283,-24.575075535347572,-22.941410326925805,-22.941410326925805,-25.753071683093832,-26.233410668018816,-25.72795743364382,-26.26867155186791,-26.491603352020203,-28.08112268447372,157.7180712183523,68.02418589503363,59.13967253370495,46.87213075403577,33.58601419391762,-20.13323321607902,-57.576773842631056,25.55823430749958,14.665035266554604,37.31037661026613,5.796289081429104,6.620523109027554,14.711966044926927,0.0,25.55823430749958,5.6844850286980355,8.610292926177546,-2.631609488077248,1.1153281976801255,4.567321798900949,1788.093357224531
0.0,21.187907211252046,85.66088550173637,43.526697812346804,7.028112556737321,10.169084784933387,0.0,0.0,27.713618052758363,8.727779692888072,3.3835567634907457,5.562109703037887,12.668275418578514,13.28988808406323,238.9179155818228,0.0,0.0,0.0,0.0,0.0,-9.906752139977625,-22.36348246223669,-18.474504422512076,-15.944969868374839,-25.803446244438824,-24.1080114320316,-24.1080114320316,-27.071583094795763,-27.572244327025597,-27.033911549748503,-27.583329565965055,-27.862306786847025,-29.439537618460776,167.4286317386788,71.48928384314401,62.922313089150215,48.59206149350301,34.72634994477349,-22.73857241258616,-60.069687820879516,26.93911156044147,15.457367529008028,39.117833410300705,6.186351459576027,6.957833241570826,15.804563924220465,0.0,26.93911156044147,5.924984996802792,8.757876039888341,-2.8027946960852805,1.3957235385329394,4.5320120441748895,1892.4571023457547
0.0,18.041881933796045,78.22033377786865,39.25682053572907,6.3616805750121825,9.14113533466234,0.0,0.0,25.795461078529602,7.392735961614143,2.9326440574845507,5.358110903938133,10.749566595592809,13.110679193712867,216.36104994794036,0.0,0.0,0.0,0.0,0.0,-8.962498915389917,-20.33131305750133,-16.77502136483162,-14.473228102298926,-23.43514042036574,-21.94658657304934,-21.94658657304934,-24.66714839667229,-25.065528905487838,-24.55113207772171,-25.08609431382611,-25.305106366363596,-26.941040936148006,151.47032136876655,64.89072857917381,57.42695429666821,44.3087706978318,31.692714440470496,-20.79337948120044,-54.66144057308703,24.730132020934015,14.189879233055255,35.56032187154517,5.610817784595141,6.4538285972415785,14.35454015504611,0.0,24.730132020934015,4.7145622345035525,8.409987940956121,-2.6781737271105905,1.0957176933034454,4.700691252756746,1713.785274946188
0.0,19.019691309277995,81.66054021806043,41.29554907763991,6.798698320808884,9.17041171666669,0.0,0.0,26.247873727680798,7.472464689540328,3.1112288556637058,5.176419705239737,11.171532577890225,13.179470032438608,224.3038802309073,0.0,0.0,0.0,0.0,0.0,-9.299245908560385,-21.122454495247247,-17.3703441872959,-14.975436661754662,-24.077221217256778,-22.60755897743866,-22.60755897743866,-25.362656524605853,-25.763394425797657,-25.239042495977166,-25.729115452934998,-25.985178689160573,-27.640267568460114,157.16149921514932,67.14238101575799,59.72222350197936,45.77528515616785,32.64429924772414,-21.938316716081076,-56.872655557854095,25.04406460473775,14.370010315563228,36.11532638481913,5.841233176070291,6.4575045372667965,14.646176954815349,0.0,25.04406460473775,4.742460369133744,8.423740823486426,-2.730004320406584,1.2810848320270596,4.755729208952182,1776.7000444188855
0.0,21.28214265412537,88.13867670491689,46.12264777271613,7.51924881139696,11.030641639952986,0.0,0.0,28.08235151165937,8.773698802919709,3.586074272467076,6.187305978443877,12.741171083260088,13.89045411230111,247.35441334415958,0.0,0.0,0.0,0.0,0.0,-10.245874714816166,-23.12000823117999,-19.167856018346267,-16.548331320126586,-26.80920097831611,-24.95825233668488,-24.95825233668488,-28.004357438924888,-28.528337898159386,-28.034190454350878,-28.687012123407573,-28.91754211121422,-30.51723895211517,173.15995799925918,74.1944553449004,65.0307294861031,50.60107363617344,36.24601222285725,-23.10794721881379,-62.20671332746806,27.68934735242259,15.887844619688986,40.714505428892636,6.158820895096879,7.340647922643633,16.184394971199133,0.0,27.68934735242259,6.200952180289907,9.293888280162305,-2.5727466226298024,1.1533419441997559,4.596565832138806,1959.282187732834
0.0,17.474475305277817,75.96138853300874,39.70613040823981,5.958926543878527,8.96886078576037,0.0,0.0,22.65525919310091,6.893307535505243,2.705594011874067,5.058556468079735,10.558864148663819,11.245615113607862,207.1869780469969,0.0,0.0,0.0,0.0,0.0,-8.593117021877259,-19.563100833393406,-16.04859953508322,-13.819419943928304,-22.166409401798468,-20.69473022424252,-20.69473022424252,-23.13888112857694,-23.540658638639,-23.129908472810733,-23.705858710989524,-23.897620352132655,-25.181788371899227,145.22759881489367,61.95937923210323,55.412354455301994,42.283816431522006,30.056952622791847,-20.54903407770675,-52.93705987069377,22.217533899958397,12.748177916310766,33.120345440322836,4.844138114692168,6.017940304097012,13.28940623577329,0.0,22.217533899958397,4.754763432687142,7.5556891904811145,-2.138544102818101,0.9593838360172766,3.689925923126747,1641.117900948338
0.0,17.014385137485345,72.35101883481298,37.80095061436099,6.008594845108572,9.064184990061218,0.0,0.0,23.977339269239522,7.273725270030668,2.8791091518643257,4.827827354945228,10.426322772461653,12.829259384841412,204.4527176252119,0.0,0.0,0.0,0.0,0.0,-8.459794450078968,-19.081250687164435,-15.883131402981421,-13.712126970872859,-22.311259117296512,-20.820424865155697,-20.820424865155697,-23.417745321227773,-23.82827186213313,-23.364341564449596,-23.856438161109747,-24.09879492951426,-25.66765690216616,142.97438651477046,61.47833111044144,53.65184743691193,42.10150268206926,30.206651258303943,-18.699171397901047,-51.5555552626113,23.609857795401094,13.547078137017422,34.12083226102551,5.294532162660038,6.040338703777145,13.721776404527109,0.0,23.609857795401094,4.858302259234956,8.32129440394404,-2.4154230107957115,1.2125113488319172,4.507964980897372,1619.4599581261398
0.0,17.607755929796962,79.01715334475534,40.187304387532805,6.029997107194526,9.03137451895395,0.0,0.0,24.025363353015774,7.504908260880436,2.965591151252983,5.370662652998362,11.126488067035892,11.993502856471753,214.86010162988882,0.0,0.0,0.0,0.0,0.0,-8.906152878503578,-20.315582297265223,-16.658098854144068,-14.350851723243803,-23.129733876656992,-21.598964787187242,-21.598964787187242,-24.198164582969948,-24.634574526011864,-24.185074343800895,-24.76406426733809,-24.96757851675064,-26.359539978658006,150.5180476339966,64.34205399589223,57.63211304117612,43.965210841881174,31.312967821142312,-21.385040303579224,-54.790955376401435,23.62694114882926,13.55688037834133,34.83406933343856,5.305884701578203,6.388844809354971,14.107965303551435,0.0,23.62694114882926,5.164614710555216,7.993843463599599,-2.34029355032522,1.018182156356609,3.9996593928721547,1701.8963368653694
0.0,18.010535640466795,72.18474563241952,38.13363495934519,5.753845657247694,8.497018420122277,0.0,0.0,24.774606534921503,7.339696842486685,2.8024490793217205,4.8562098650691805,10.867918348715223,11.31431982605085,204.53498080616666,0.0,0.0,0.0,0.0,0.0,-8.474930463154035,-19.058494288790925,-15.856076744711144,-13.673420085850813,-22.14524233502291,-20.75079763878802,-20.75079763878802,-23.32572230193548,-23.72497283780598,-23.222740820590822,-23.6894433080421,-23.925362753786494,-25.309521889899425,143.23019204248834,61.30478876367832,53.460442620785415,41.86221802153533,29.896995759700822,-18.724303011634106,-51.83226451817459,23.406278185141904,13.430266383588648,33.61567434795689,5.417287509139778,6.036515277038383,13.664853141656447,0.0,23.406278185141904,4.724858412668627,7.337079621140421,-2.6148384298180583,1.1803054119692025,3.977240204910429,1620.1115607515865
0.0,19.22874763623241,75.77785231326072,38.15995333108114,6.084900733557425,9.546765679823638,0.0,0.0,25.413356912887252,7.4813044891940415,2.96650418111072,5.216204879734038,11.307069909627508,12.424397563400536,213.6070576299095,0.0,0.0,0.0,0.0,0.0,-8.85463486178778,-19.915874161379527,-16.51160039225535,-14.265568808557052,-23.251674661541042,-21.6538359802024,-21.6538359802024,-24.358968617109703,-24.786864045665514,-24.322543797310217,-24.88553839699108,-25.11956103984804,-26.58205329179139,149.64736964319385,63.95968798671562,55.87331060055431,43.42652864375889,31.11878276264822,-19.90454171270641,-53.33724967224643,24.589879437390255,14.109403834827486,35.65632034356,5.383957444792185,6.387020583440991,14.338576635503186,0.0,24.589879437390255,5.063851225512576,8.222075133817906,-2.417453263681465,1.1708157037069533,4.20232242958263,1691.9710367406892
0.0,20.015120145885632,87.70043952493329,44.353323142415135,7.13281255866431,10.42595302640893,0.0,0.0,26.8909170070182,8.016978913120788,3.033625469725655,5.627888834141988,12.496596770539833,14.360816809205499,240.0544722020593,0.0,0.0,0.0,0.0,0.0,-9.949288440853868,-22.63510524146509,-18.59521438703122,-16.038127816130395,-25.883957001214362,-24.14748686884603,-24.14748686884603,-27.068324166686725,-27.52211498677432,-27.013768436448654,-27.680897731458966,-27.960055016389344,-29.643397366077686,168.14751463332547,71.90695756873383,64.07949083503169,49.03542392341964,35.01747972898851,-23.620948689901596,-60.72397461175076,26.550652648311058,15.234474054542606,39.06765012730724,5.680298819679665,7.024513233433426,15.936885047785216,0.0,26.550652648311058,5.370305563166777,9.523904132668685,-2.6466733499540105,1.3966243992914382,4.836912676536814,1901.4597116433736
0.0,18.95925168650888,80.4905905894061,40.21597263489868,6.92789673147552,9.62363378538724,0.0,0.0,26.0015530760061,8.29728109279097,3.0753253797576536,5.262932211778325,12.472467242597936,13.71457594429808,225.04148037490546,0.0,0.0,0.0,0.0,0.0,-9.316596928082273,-21.059704846180793,-17.438490551688858,-15.074546715395053,-24.559570592003276,-22.861426819431493,-22.861426819431493,-25.71422530266775,-26.194246774959176,-25.69168532307645,-26.28821523474063,-26.586956138747624,-28.18265721995312,157.4547393625532,67.58674101235228,59.317613366159094,46.06337127726057,33.11450303262468,-21.172977223247003,-56.13735066002862,25.932174195402798,14.879597883740683,37.63599665347283,5.691878989809851,6.757533492581814,15.562950385693924,0.0,25.932174195402798,5.680727482738773,9.129491520398602,-2.616553610052197,1.4946012808034892,4.5850844238994775,1782.5425390170876
0.0,20.205530635902075,88.31559897750363,45.75363812298312,7.795778450160701,11.025122724352547,0.0,0.0,28.728515273215727,8.640523845499473,3.5792970328148623,6.182265263891442,13.674165926724077,14.598465966154201,248.49890221920185,0.0,0.0,0.0,0.0,0.0,-10.276799945721471,-23.224614625137388,-19.305857936189835,-16.687026148203895,-27.19526765881539,-25.249740498400325,-25.249740498400325,-28.376588818354303,-28.8935351453145,-28.40897790805196,-29.132000375022557,-29.409576928392386,-31.04958466436962,173.68260851312272,74.81629370607915,65.4029129636607,51.20835974630423,36.865805167255715,-22.91268601384293,-62.19025856057798,28.423309880501577,16.30898428955458,41.69606186259619,6.10211286695106,7.570981260338414,16.997845010954165,0.0,28.423309880501577,6.117708011363275,9.886070885477146,-2.522815834136198,1.3887159964469715,4.712395080677055,1968.347628032089
0.0,20.21190184754891,91.45039696333204,48.367543961430755,7.163642621036081,11.120748187051502,0.0,0.0,29.198824237813017,8.373110641082095,3.4182262417133713,5.624536303689551,13.610368603313344,14.045650405879291,252.58495001388997,0.0,0.0,0.0,0.0,0.0,-10.45706381889157,-23.775128680874175,-19.640093576788725,-16.91887758461879,-27.310427647394913,-25.507722566933275,-25.507722566933275,-28.594456811413963,-29.068875803541196,-28.53901523345268,-29.162467439136282,-29.48534709481714,-31.1212058040268,176.72915022632364,75.85579978756631,67.27314674941957,52.08161160331872,37.162490026036465,-24.177250213912473,-64.6216098829241,28.058669616222975,16.099757694676608,41.23303730964258,6.176910940461314,7.239903802593211,16.695474379536556,0.0,28.058669616222975,5.614425942334153,9.34517713075242,-2.758684698747942,1.6153674989036606,4.700473275126871,2000.7130123974716
0.0,18.038713303192726,86.00117956724182,42.52067377110113,6.7832246500065185,9.725003976549116,0.0,0.0,25.79325360699024,7.5874960786540875,3.2062730126686554,5.477931542480648,11.605446130844662,12.419114183510054,229.15830982323968,0.0,0.0,0.0,0.0,0.0,-9.499872964843508,-21.82609503331613,-17.76616796875487,-15.301909408125011,-24.543832932407916,-22.967380375917948,-22.967380375917944,-25.70353845219955,-26.137973257346694,-25.6681209094795,-26.232852833968693,-26.457658437767293,-27.92298927956355,160.5521880149317,68.60612180830798,62.263080610560216,46.88234462290927,33.36804947826951,-23.738098956681604,-58.51955736475562,24.871903247719366,14.271226012162753,36.67138927181535,5.652528793723425,6.6026343831780565,14.691222118364749,0.0,24.871903247719366,5.141240297599317,8.208635355292556,-2.44625578105477,1.1247028406974087,4.210478828217498,1815.1517433527001
0.0,17.665754375658263,77.32106144378795,39.34115609842056,6.517560503903116,9.862611943355304,0.0,0.0,25.025986724641662,7.890261397220268,2.884178748482491,5.0256505630901955,12.10419975718255,13.369770885032827,217.00819244077516,0.0,0.0,0.0,0.0,0.0,-8.975720787956645,-20.29715826753622,-16.85373953387913,-14.56772720910474,-23.809380443180046,-22.101354365484063,-22.101354365484063,-24.861922975013798,-25.325054154931667,-24.862277041584424,-25.471459930539407,-25.765617263032407,-27.291426291357638,151.6937770484476,65.31441539232756,57.1876419638307,44.68023335936073,32.16014734959797,-20.133419479957254,-54.28668546127733,25.09379701417814,14.39854622808204,36.67031677674512,5.293597779810848,6.497320227353743,15.016786826225221,0.0,25.09379701417814,5.4808423658919105,8.985514151726608,-2.4094190313283574,1.4716696642635476,4.384256733306218,1718.9112589219503
0.0,19.675486386863213,79.57609984343337,40.49313109149954,6.535703643971264,9.606819429388187,0.0,0.0,26.501011145063462,7.6008132363534,3.209118631493902,5.543225669462832,11.37108598784432,13.604527170960306,223.71702223633378,0.0,0.0,0.0,0.0,0.0,-9.270520989760122,-20.889005509484782,-17.316532073545776,-14.952821797677103,-24.29089822415687,-22.682585268127685,-22.682585268127685,-25.505459751371543,-25.931171508384086,-25.438933690780637,-26.007245031879847,-26.240351828852727,-27.89687974394433,156.67603497989052,67.04098725644324,58.68810688349064,45.633002970653656,32.67943873888303,-20.88799295994273,-56.1318042239058,25.660162560165976,14.723520582951142,37.05291812744928,5.771922909118984,6.709459394562288,14.964716394379824,0.0,25.660162560165976,5.0380089587283186,8.844663039325347,-2.562804277625081,1.1662337250994552,4.759864131634959,1772.0515709999102
0.0,19.012367398969936,87.95842284434283,44.61840592229866,6.669396639892376,10.07937469724214,0.0,0.0,27.761461902317187,8.004156453570529,3.0657801846117354,5.464069860610037,12.054809164800789,13.283549638808726,237.97179470746494,0.0,0.0,0.0,0.0,0.0,-9.862378842094689,-22.55279023020235,-18.472745839054053,-15.90121122877117,-25.550175781530072,-23.977391558858212,-23.977391558858212,-26.873174246480893,-27.30257334037655,-26.741246773233208,-27.290591100872604,-27.558325761233736,-29.194005487342153,166.67870275637466,71.29309195109026,64.1026993388274,48.83375111705628,34.729884901521054,-23.855723505515428,-61.06707694806177,26.32290416891813,15.103794468385848,38.28650326465716,5.988290556576865,6.803546848608468,15.415291162229694,0.0,26.32290416891813,5.0816460816054,8.583590653381393,-2.922510371965129,1.339476987998431,4.699958985427333,1884.962925259889
0.0,18.685616049893508,78.79105373553296,42.33393757819389,6.247256771614783,9.520844874816012,0.0,0.0,23.87129823244057,8.112465714166555,3.089351793603658,5.201005642552146,10.965664763763888,12.85657335642989,219.6750685130079,0.0,0.0,0.0,0.0,0.0,-9.10302722456706,-20.592727024214366,-17.043260486427947,-14.68266846472355,-23.658052758972076,-22.09303288067042,-22.09303288067042,-24.74952418274872,-25.228428846799403,-24.75882635973288,-25.281094326163945,-25.509698970534647,-27.038187455967428,153.84531391865912,65.82975459434877,58.03758043969939,45.03308338169741,32.089034047368806,-20.753473295833565,-56.05775401815239,24.14772568019545,13.855700845626906,35.61377785195035,5.534306690602295,6.344715090074141,14.213911196457905,0.0,24.14772568019545,5.667510817167918,8.464617476213878,-2.444954896998637,1.1437094475219949,4.3919558802160115,1740.0354536131783
0.0,19.397662699085537,87.76148799409586,45.70879165330783,7.232574650941885,10.697444613593271,0.0,0.0,27.003765964160323,8.385360226399031,3.338635069610358,5.761716954082871,13.154154359349574,13.055343445536339,241.49693763016288,0.0,0.0,0.0,0.0,0.0,-9.998551450095336,-22.749033137926254,-18.754566374000845,-16.174159486704944,-26.134747340540613,-24.318570332734605,-24.31857033273461,-27.24557910999312,-27.748816273935947,-27.282107142097612,-27.948805007030824,-28.214587236619032,-29.65579502867385,168.98008196882435,72.51685566133852,64.40613066540844,49.65979425989966,35.5164943444307,-23.35535732868742,-61.2777698241724,26.606751906722273,15.26666319535452,39.523005530654984,5.7685259002363205,7.091425927407887,15.965609089417509,0.0,26.606751906722273,5.955469395773069,8.91417974214339,-2.429890830625962,1.3297089733250154,4.14116370339295,1912.8854096185762
0.0,18.661677170516324,80.83433083584231,40.827667755292936,6.86123983035026,9.41201271097674,0.0,0.0,25.280400938805965,7.714491378792879,3.1316893614044443,5.5394065900183564,12.413667038584293,13.664734673673067,224.34131828425757,0.0,0.0,0.0,0.0,0.0,-9.289089740746226,-21.052022794722436,-17.389145912995506,-15.022070294037688,-24.409664997027384,-22.691858868669726,-22.691858868669723,-25.4814124850322,-25.93766667271842,-25.49301818139122,-26.16642646929051,-26.431875073291163,-27.976246674042955,156.98985534470552,67.35146293955204,59.417755488085014,45.939520033174226,32.97090265292995,-21.416575347757295,-56.21172213150836,25.357273123920333,14.549725937712061,37.24940363062334,5.446722897756823,6.8674464339280235,15.52322158796175,0.0,25.357273123920333,5.3994578424404995,9.22714028038594,-2.315033536352379,1.328039843909667,4.437594393287126,1776.996589405008
0.0,19.932489987777824,89.6101042750775,44.992264495129696,7.21905910937366,9.649607478548045,0.0,0.0,27.73671818627247,7.858168632937566,3.150012410131277,5.414088565082221,12.009266728476613,13.003751472665716,240.57553134147258,0.0,0.0,0.0,0.0,0.0,-9.981971747973422,-22.841607242287928,-18.62527165867256,-16.03114584675506,-25.56818704324703,-24.07045723544401,-24.07045723544401,-26.9349602255962,-27.349413554427986,-26.782154878693994,-27.296878658533068,-27.56544313316712,-29.18931402912451,168.69987743744164,71.87565390403093,64.95749605654645,49.02053034652415,34.78936104659328,-24.652608218531057,-61.603557632806954,26.03856913146255,14.940646134207705,37.84239820844366,6.10340792079921,6.7577171153826665,15.33166569371374,0.0,26.03856913146255,4.904773122269633,8.337723957128144,-2.9533955106679333,1.343628550300446,4.6660275155375714,1905.5869955547685
0.0,18.187844959088217,81.81042521370998,40.85305201510809,6.81058191914802,9.661686116191397,0.0,0.0,26.623579187954103,7.6442019865522175,2.9917175787576458,5.257850959747742,12.617101717724601,13.066414281738195,225.52445593572025,0.0,0.0,0.0,0.0,0.0,-9.335322695751687,-21.223236876456156,-17.501392115255232,-15.111683219412651,-24.540720065527882,-22.876085642348148,-22.876085642348148,-25.703505472663235,-26.133748839251613,-25.643477773406136,-26.26251710758359,-26.556923202990195,-28.064866941622505,157.7712133809648,67.75324255475543,60.049068953399356,46.31391458429869,33.22038488417853,-21.76135626031062,-56.74920199103733,25.701480141033453,14.747228158883823,37.413843528748636,5.544282090891153,6.730765185316088,15.47711013635,0.0,25.701480141033453,5.091637474418709,8.733491637544455,-2.5525645121335083,1.4729142255683456,4.33292264419374,1786.3681647684991
0.0,18.077129300005595,80.81786363675326,39.01938231478562,6.173991985404683,9.58458485141393,0.0,0.0,25.89077219661348,8.17365150898479,2.969602419098192,5.3152289945507505,12.220075072955234,13.29149507238076,221.53377735294626,0.0,0.0,0.0,0.0,0.0,-9.174736415685983,-20.880096874868133,-17.17029833260044,-14.826928682132866,-24.192008618946897,-22.523284500770423,-22.523284500770423,-25.339284923304756,-25.808290428266567,-25.304435021255564,-25.906000140346116,-26.182838583431046,-27.730582559176312,155.0572319703563,66.47654538258996,59.126940744467134,45.34688020028615,32.50628172559743,-21.690922892286125,-55.64876871212475,25.597676779695785,14.687666925643343,37.160066410658004,5.592892922617757,6.7002522239131235,15.282336412713194,0.0,25.597676779695785,5.5503610054652235,8.844210503260427,-2.6232905035195664,1.385023229362373,4.447284569120333,1754.758195257597
0.0,21.991639533493785,89.72589238232698,47.365070043675175,7.353734837239229,10.705038738038931,0.0,0.0,29.782880580191456,8.867831992179884,3.474817936271142,5.821402357081406,12.87451567127404,14.870679853284813,252.8335039250568,0.0,0.0,0.0,0.0,0.0,-10.47577277229336,-23.605522148442958,-19.602739778904713,-16.903792064907044,-27.314679323058566,-25.593807788876266,-25.593807788876266,-28.7454785605718,-29.230188759695753,-28.628699155889556,-29.187475836611082,-29.487224401906868,-31.332556880408458,177.04534007593983,75.78816384911694,66.32191431100472,51.7636513532858,36.968134878155546,-23.403978071322257,-64.09279776769577,28.64894802013941,16.43845298584467,41.309766122337585,6.606434554203105,7.321044969127538,16.677247860968013,0.0,28.64894802013941,5.736215374247921,9.568305051544705,-3.1316166179319627,1.4996426120461317,5.302374801740108,2002.6817957486824
0.0,19.797912912279227,87.72792321905956,47.306085969218415,6.915607536436816,11.091468986848849,0.0,0.0,27.543831850379384,8.391895871802628,3.26655495976915,6.046328948260627,13.163859204967315,14.448432548264503,245.69990200728643,0.0,0.0,0.0,0.0,0.0,-10.165652628671074,-23.017499209010897,-19.116344062382225,-16.481704482410652,-26.748665280854475,-24.858440433331612,-24.858440433331612,-27.879136788382024,-28.37678980613477,-27.89613250946687,-28.63425577819671,-28.89904273854558,-30.523583239067964,171.80416813708086,73.89573387020558,64.91815214598074,50.76390332186451,36.32419975695641,-22.80977107307882,-62.565651388543635,27.45837973866386,15.755317929446937,40.73867470218165,5.7690660060954855,7.371058587788735,16.507081121448582,0.0,27.45837973866386,5.889384825476293,9.780480992255129,-2.502511046326335,1.3247296395281074,4.667951556009374,1946.1768845045174
0.0,17.4410300015454,79.11169552125011,39.388598582546294,6.507627669917155,9.060220357446934,0.0,0.0,24.13801164179711,7.062163595010331,2.903697010856144,4.956981291997358,11.41080983830811,13.009576321659454,214.99041183233442,0.0,0.0,0.0,0.0,0.0,-8.907760149663048,-20.327593169571372,-16.6629280443685,-14.373857537881804,-23.198160575612413,-21.649416137980523,-21.649416137980523,-24.272616000156585,-24.67500426647193,-24.233210177100055,-24.81080386131344,-25.080059279517833,-26.60522764636375,150.54521125000926,64.44520058232516,57.68466444364459,43.98348397632402,31.43603282849525,-21.42703107760552,-54.359309106784515,23.845103737624445,13.682059685332245,35.01429663411875,5.2038692885251,6.30406663422472,14.446140353922003,0.0,23.845103737624445,4.761991317341375,8.627160463818202,-2.300172277668956,1.3470853422273619,4.382415857841252,1702.9285175937412
0.0,21.05578381483445,93.17812548372022,44.6472719167613,7.212736026947838,11.37462511057177,0.0,0.0,27.852606201846793,8.927795896042252,3.50046730402544,6.146845269926619,12.864302219490124,15.150267176629349,251.91082642079613,0.0,0.0,0.0,0.0,0.0,-10.44562208132452,-23.839827840616753,-19.47507887846402,-16.811650433891817,-27.276685160524757,-25.360495003642562,-25.360495003642562,-28.456586376686236,-28.990959011723493,-28.490835739315127,-29.180574365742483,-29.439568023447627,-31.191681912720618,176.5357796404347,75.37504678036144,67.6577550098108,51.21062158087284,36.61161923491659,-25.520370473909423,-63.2493100112136,28.1437266888798,16.148562512535886,41.52461997711666,6.10432669075097,7.442591005893927,16.60307716989999,0.0,28.1437266888798,6.323936509316722,10.115746490252175,-2.6038593867255297,1.2957457359673086,5.034520686377174,1995.3733124486314
0.0,19.901941078984617,85.45448386240757,41.09653971661003,7.172862562471769,9.629466533560361,0.0,0.0,26.82570510610038,8.381710405687846,3.1467095047055755,5.3996319354380535,12.685555659663196,12.681560923880594,232.37616728951005,0.0,0.0,0.0,0.0,0.0,-9.637932546265038,-21.938490382018752,-17.949892871348787,-15.49920781348345,-25.03296344772833,-23.38734017112047,-23.38734017112047,-26.247772350959234,-26.72549297470184,-26.20148531509607,-26.773791932524936,-27.054729276810598,-28.53025951856101,162.8854579392435,69.49070935026654,62.133443631629554,47.141335782008554,33.708737446620724,-23.321040230778017,-58.197222936721346,26.001565128977063,14.919413642364788,37.82936129769415,5.874921404563789,6.80516197488998,15.519811384680018,0.0,26.001565128977063,5.653498505829631,8.441775159411844,-2.7282118998582146,1.4055300394519268,4.239785764468751,1840.6402346680118
0.0,20.658231258577842,95.49846016212707,45.067279101240224,7.500685797283829,11.398477857535614,0.0,0.0,29.776639411349038,9.023038796254466,3.575051966731974,5.938922597427948,12.774010355487007,13.912004121061088,255.1228014250761,0.0,0.0,0.0,0.0,0.0,-10.578663246561467,-24.25617404217762,-19.7393307800713,-17.026553623205917,-27.4851529799783,-25.705372684111353,-25.705372684111353,-28.843878182693253,-29.35572459662799,-28.786105519936072,-29.343270686157357,-29.60805985576065,-31.29489096076136,178.78423604126192,76.33856538381418,69.0888053524076,51.95478410565921,37.08241532461727,-26.40965480971947,-64.42121008941776,28.529274598508298,16.36978568560889,41.499084821729944,6.540736751924437,7.263663289859888,16.296206922410008,0.0,28.529274598508298,6.057354011062004,9.065066861706146,-2.9656847851924626,1.3247406924319405,4.846937259354942,2020.8152090707579
0.0,20.057110394231472,90.97515016636024,44.38065495872841,6.945369606579841,10.231984381654893,0.0,0.0,27.900497650674627,8.994544699171389,3.2094674931558203,6.148819876619697,13.116603107901273,13.831930401136583,245.79213273621423,0.0,0.0,0.0,0.0,0.0,-10.188728412393592,-23.283510031359835,-19.036857801048036,-16.415291970287203,-26.548250840209224,-24.78070638140373,-24.78070638140373,-27.80232450652294,-28.317866841990575,-27.762121521777747,-28.442438974313323,-28.693457907391096,-30.29665950238421,172.19415941175583,73.59797332445841,66.1452827143822,50.18222203184235,35.80954427129981,-24.829867451978032,-62.25518477228287,27.466758704837865,15.760125688580866,40.20696321689556,6.102919464899589,7.404668050913173,16.4673913194279,0.0,27.466758704837865,6.10109272742762,9.225294015316482,-2.893451971743769,1.255848174293476,4.606636385820101,1946.9074395890486
0.0,19.776963943126802,82.70543144355305,44.033644960579586,6.460881156338552,9.664776343618003,0.0,0.0,25.338009671506356,8.34125417987416,2.9499878441913685,5.354483698766968,11.991814689823263,13.781188893483536,230.39843682486168,0.0,0.0,0.0,0.0,0.0,-9.549731465129877,-21.599709380655383,-17.864801607315595,-15.390566825797613,-24.810433271338972,-23.185726695180463,-23.185726695180467,-25.984861014786492,-26.4599933496804,-25.937872890867634,-26.53136010853989,-26.80577130779089,-28.440771721498294,161.3948194208193,69.00361740404239,60.867696699123506,47.15897312945619,33.59118564911281,-21.837734744429547,-58.75646595863172,25.44436250891769,14.599696874161063,37.3774559381849,5.668374155498543,6.727363422856481,15.316942016211875,0.0,25.44436250891769,5.622867868566986,9.08318184300541,-2.7183863113071736,1.372879724089513,4.698007050478127,1824.9747285663248
0.0,18.007369007485355,80.21817289991127,39.827150001061796,6.466187355784855,9.242474463694851,0.0,0.0,24.16503090630598,7.1060914134850375,2.7364128871639046,4.954626109101729,11.445894666012604,11.294081530333019,215.46349124034037,0.0,0.0,0.0,0.0,0.0,-8.93962745807729,-20.443492778447855,-16.662183909296406,-14.359250058198223,-23.027161947832283,-21.51894474403884,-21.51894474403884,-24.073900077962016,-24.478353249630786,-24.032815510687936,-24.60234828856512,-24.84280705851319,-26.128627718984607,151.0837833036554,64.379707936685,58.10913431515158,43.798527967440535,31.168752013577947,-22.109038584759688,-54.688526504350115,23.224755330635208,13.326110555333907,34.393746090128005,5.056076233562889,6.157641768237516,13.93755362463275,0.0,23.224755330635208,4.786428067086053,7.599406912577086,-2.3196633463989844,1.2030156591357875,3.6946746177559326,1706.6757564036652
0.0,19.009377933087507,84.79232271797005,42.86735519846964,6.687686333418704,9.58469510146679,0.0,0.0,25.967984802434163,8.039721538267008,3.0894733547931548,5.021899208916177,11.660005394547236,12.470596985668863,229.1911185690393,0.0,0.0,0.0,0.0,0.0,-9.506239905282555,-21.71064469979806,-17.75222819200721,-15.285227030302696,-24.482556787233065,-22.979591172537702,-22.9795911725377,-25.729506061061798,-26.175729205694736,-25.64581301871137,-26.11855722339814,-26.393087218701282,-27.917204822254643,160.65979221366496,68.53132635537436,61.6477486210815,46.76717494739481,33.23549071210111,-23.144574096888554,-58.58468681321567,24.996953808963713,14.342978656288592,36.494443920841086,5.848447619297599,6.395373269868536,14.665927930208163,0.0,24.996953808963713,5.280747273762564,8.091200389055576,-2.7589742645044444,1.3734740609523586,4.379396596613287,1815.4116198205504
0.0,19.060171922289566,81.92092712658382,45.05622050267654,6.719748757916854,9.932122365994404,0.0,0.0,25.348919504925078,7.980403119901083,3.045898803473241,5.298506964545128,11.692020221267603,13.673026570250695,229.727965859824,0.0,0.0,0.0,0.0,0.0,-9.512010678691182,-21.507175651060923,-17.85908772031578,-15.383212647925742,-24.76372581554457,-23.14088507037371,-23.14088507037371,-25.91943578995994,-26.376211988678854,-25.881676369580763,-26.458396392552867,-26.723480599348356,-28.351514171905812,160.75732091754574,68.97064494227826,60.59082170212528,47.340500462934436,33.76582683019645,-21.330105424458537,-58.7954184846839,25.257255882067373,14.492337138415907,37.22130452987394,5.620666435576569,6.624723728580964,15.043791999722004,0.0,25.257255882067373,5.4056354877977535,8.995038027760454,-2.5747676321033293,1.326216764035836,4.67798854249024,1819.6639609053386
0.0,19.808192337114473,90.70493654746939,43.93438808976417,7.358812320174989,10.376681832213649,0.0,0.0,26.078388038339877,7.970791340371241,3.2966255537513396,5.644877263263841,12.902451781461531,14.428008642723782,242.50415374664834,0.0,0.0,0.0,0.0,0.0,-10.056754381633755,-23.046171894650925,-18.754708270177247,-16.17941431239957,-26.067982737610397,-24.263857049031728,-24.263857049031724,-27.162008623064732,-27.637942157728187,-27.1887976377974,-27.88142502278768,-28.17008033471629,-29.798173083331754,169.96373807053837,72.54041567610997,65.6130601253582,49.33050072903522,35.21198487903043,-25.091876422111184,-61.15635140768649,26.34443754234163,15.116150082504735,39.23723682727889,5.635067371478139,7.08902030873417,16.136467314852933,0.0,26.34443754234163,5.63234952264444,9.749850063862052,-2.3384418177268005,1.4441430454703292,4.67815857886173,1920.8635191236679
0.0,18.68844231246878,80.22516622739336,43.007505206712246,6.72361343144948,9.998814648641009,0.0,0.0,24.429683357798957,7.402066113865316,3.1360145356826843,4.901398670426405,12.124571500615277,12.165905529104265,222.80318153415777,0.0,0.0,0.0,0.0,0.0,-9.23011456533166,-20.912456907009588,-17.284141618774477,-14.90130988635044,-24.00329002707856,-22.339086290973757,-22.339086290973757,-24.99829852982534,-25.446635404394286,-25.043998240442136,-25.61874723634559,-25.90131119954955,-27.244319967167797,155.99314796910022,66.81003356505757,59.010670008980746,45.6784655934824,32.61557005416829,-21.214496218412613,-56.585887732700925,24.172459220539796,13.869892680518653,36.11610245507546,5.232318820329697,6.315066687256291,14.569902298848461,0.0,24.172459220539796,5.305761829218303,8.306906714041192,-2.0963042846470126,1.4136680168298854,3.8589988150630727,1764.8130835761685
0.0,17.478557301633842,76.57908435992947,38.21834592825528,6.356811904876313,9.102024619131944,0.0,0.0,23.13710674339903,7.090535970789206,2.869197041709558,5.242040075691431,11.70030157900744,11.955049103427758,209.72905462785127,0.0,0.0,0.0,0.0,0.0,-8.69014678884919,-19.764828662968274,-16.23513346942853,-14.020653154320614,-22.73375107868114,-21.088219959342773,-21.088219959342773,-23.64124236157817,-24.074055185590765,-23.695967173729805,-24.36462179738729,-24.59114187422193,-25.875679340562098,146.86744615259744,62.86160847525383,55.94121267929015,42.79143988531838,30.656236286355085,-20.637871680639314,-52.5879913347878,23.207184821701635,13.316028789509945,34.573041521944795,4.837687757911791,6.3753204280761135,14.258008716824948,0.0,23.207184821701635,5.122045254586974,8.264061613225568,-1.9684907162022327,1.1332803523846824,3.6909874902021897,1661.2535649835331
0.0,21.5659492618519,89.10085889114151,45.78699004540068,7.367314353976076,10.421303558407443,0.0,0.0,28.900306579813787,8.319130861619051,3.2758448934570543,5.79970575916928,12.484436226171702,13.948724019692746,246.97056445070126,0.0,0.0,0.0,0.0,0.0,-10.241499152073574,-23.1763086638314,-19.11201356333507,-16.479211249444894,-26.52696649599969,-24.862995908244603,-24.8629959082446,-27.888366832897894,-28.34025190567726,-27.769539233142112,-28.352489814955327,-28.619637657767818,-30.330577574979127,173.0860089922862,73.88455545841505,65.33722034529383,50.30917882974985,35.8736605553906,-23.763638545847684,-62.52202122750355,27.50087196303334,15.779699502971749,39.86888043232598,6.24722341449185,7.136246897915001,16.064106561511686,0.0,27.50087196303334,5.347752340584257,9.032512545607041,-2.9713785210347945,1.3365411387457211,4.916211474085705,1956.2417394563465
0.0,20.589184581185975,95.35146581017742,47.09835953730054,7.707504356638001,11.26439561158297,0.0,0.0,29.38419699484856,9.262206342288518,3.4561859141583633,6.376628848346629,13.823046521876341,15.54778430411432,259.86095882251755,0.0,0.0,0.0,0.0,0.0,-10.758928498244265,-24.554212011794036,-20.164255255974687,-17.403846389145947,-28.237141891250015,-26.29367285888294,-26.29367285888294,-29.518124037612548,-30.056203169532303,-29.50027461592311,-30.236448203277675,-30.524067941208415,-32.32374667840105,181.83080105195648,78.03015777056109,69.68370719578608,53.342370449922996,38.215538825061444,-25.66775861439133,-65.5523359493883,29.310527940456435,16.8180603071629,42.98585628959635,6.3505918786983075,7.815590915240456,17.555277884074616,0.0,29.310527940456435,6.367800377748574,10.376590875022213,-2.8944059645399447,1.4389620668938274,5.171193429092106,2058.3459216461792
0.0,19.584405148264473,87.67037791842652,45.08339038001787,7.231799881957906,9.941044143114414,0.0,0.0,26.83601639848491,7.858105661713114,3.114572204224499,5.784470626405216,11.741585936910917,13.683834077013445,238.52960237653326,0.0,0.0,0.0,0.0,0.0,-9.88758186777359,-22.549207877116316,-18.4935595804705,-15.930622406098117,-25.528635923493518,-23.92493675266356,-23.92493675266356,-26.782175671528123,-27.21549559448521,-26.691133116991065,-27.30154907306618,-27.530634570897195,-29.191595002069995,167.10464539079925,71.42495698573403,63.95729660727749,48.80885726348065,34.754086371776665,-23.713081311149033,-60.86291081387754,25.972538122575823,14.902758263615414,38.084332661675276,5.844631440409963,6.930585784655262,15.368071293495637,0.0,25.972538122575823,5.128046425527649,8.91123356217868,-2.7300592361854648,1.146115158250046,4.772600514834766,1889.3812924740034
0.0,17.28209032596014,76.95516033768425,40.18230556429275,6.103208257320674,9.681260095482553,0.0,0.0,23.68929808263719,7.468464279144647,3.0068933470928236,4.9562251009784335,10.615371948531749,12.493023007596957,212.4333003467222,0.0,0.0,0.0,0.0,0.0,-8.797182068750312,-19.989473264170847,-16.497062697010325,-14.220341010633076,-22.984773283439793,-21.431282299863604,-21.431282299863604,-24.026985716609442,-24.46698287567368,-24.032636294731837,-24.54485687425563,-24.773195335414986,-26.254224127282463,148.67639122444334,63.756909122278856,56.53528916209796,43.66992189348919,31.189089842896035,-20.419871175586287,-54.066057619977414,23.595158774164496,13.538643999423053,34.776733087876806,5.268290655063052,6.0986028334147875,13.728579503916414,0.0,23.595158774164496,5.207066971174419,8.237437719775937,-2.2613973079702276,1.142377732436354,4.25558528782102,1682.6737628146695
0.0,18.305884573327134,79.73793753202972,43.084608249330266,6.641808921145754,9.815440964986566,0.0,0.0,25.763769355519667,8.045682664179518,3.0603977315701854,5.355635591506271,11.25228452649433,12.43865909306831,223.50210920315772,0.0,0.0,0.0,0.0,0.0,-9.250850933163214,-20.928882986002044,-17.380174682078756,-14.979033435950255,-24.162470127966134,-22.601242011430553,-22.601242011430553,-25.347844999676493,-25.804397500596565,-25.296815170361196,-25.819601231375497,-26.04393468133326,-27.544897535385477,156.3436020477136,67.15850715544411,58.988897574576114,46.10551128014713,32.943308619663206,-20.749039957453604,-57.020689767953,24.96684836147569,14.325704479840585,36.43931708600857,5.70309221918079,6.477976245687671,14.442807656153548,0.0,24.96684836147569,5.402988176568914,8.12579530922769,-2.642694487610604,1.1223406541814,4.312863783840619,1770.3492553948613
0.0,16.99866818371469,76.2977744131047,37.21771891392782,6.348861197767042,8.564956628841339,0.0,0.0,22.78488811936993,7.2709350647409465,2.7367480664797963,4.794751699573512,10.64921768283395,11.32414989410021,204.98866986445395,0.0,0.0,0.0,0.0,0.0,-8.502305586130793,-19.44644441109796,-15.85208306658089,-13.671420975737792,-21.960390913295328,-20.534064946138923,-20.534064946138923,-22.997075784749185,-23.414781249245365,-22.96770468705029,-23.474170281540058,-23.698603724810653,-25.026918913045495,143.69284411240145,61.29582575205251,55.281804439900775,41.68430966679955,29.728061821986405,-21.01596997320393,-51.78489885640225,22.388972262614914,12.846547373455168,32.890127519869594,5.064423196354711,5.917592620478999,13.343155074194549,0.0,22.388972262614914,4.943259934866032,7.507371581834122,-2.3276751298749145,1.122840920905487,3.816778312266087,1623.7052095515164
0.0,20.31148696351732,94.11611006099572,46.365164746998886,7.58070200709145,10.847027370153612,0.0,0.0,29.556493247885896,8.498303635031236,3.494921796721489,5.8612369491708085,12.632488627981948,14.51770814466483,253.78164355021318,0.0,0.0,0.0,0.0,0.0,-10.51722758844444,-24.066893907551968,-19.67602673963315,-16.959002118716413,-27.286822714761403,-25.579477949201603,-25.579477949201603,-28.685056887441007,-29.15058930282381,-28.576483567697505,-29.143240073997585,-29.422228465903792,-31.216425963024918,177.74594538523644,76.03569816497674,68.44302833311868,51.94418756345685,37.04724252514362,-25.673081727877047,-64.52207601322102,28.22996944131814,16.19804766048376,40.98016266980792,6.483966078110075,7.257016376358166,16.392152845186065,0.0,28.22996944131814,5.5092593536426495,9.362264500273358,-2.989044281388587,1.3957794271873576,5.155443644391472,2010.1919632607046
0.0,17.799807569118023,79.5078740396308,38.451973760130706,6.118594835951996,8.731580952664128,0.0,0.0,23.850535471498507,7.5966220302278735,2.895500970252506,5.004895738107001,11.133216057745903,12.474056933660535,213.56465835898797,0.0,0.0,0.0,0.0,0.0,-8.859845506240086,-20.26241486112587,-16.5150769195762,-14.23647066670964,-22.9365262540459,-21.453457565919784,-21.453457565919784,-24.051349947826136,-24.483409938127355,-24.006406772440123,-24.534043621275273,-24.781903094690026,-26.268857019842606,149.73543191211908,63.829226446868894,57.59746100361566,43.416693587432576,30.921469751952806,-21.910413036015143,-54.11081103933888,23.615056648544297,13.550061182081233,34.52129032353092,5.378987020584316,6.244937130015908,14.165785220266566,0.0,23.615056648544297,5.113135979896064,8.201446379230969,-2.48348605033181,1.2400413919089068,4.272610554429566,1691.635194193284
0.0,19.404119971267214,82.8373728818332,42.110208892006945,7.062242116067946,10.669014985211108,0.0,0.0,27.758424575500968,8.536970182903161,3.336765387952316,5.648517271764766,12.843578039062399,12.915987385120603,233.12320168869053,0.0,0.0,0.0,0.0,0.0,-9.645697436709282,-21.776321466419216,-18.088519441111245,-15.636556783914793,-25.533557700239722,-23.72761821053721,-23.72761821053721,-26.694131483416655,-27.19899673921355,-26.706868564714807,-27.317584960920172,-27.58252895009642,-29.047897551353262,163.0166881309664,70.10651355772414,61.2750620281352,47.8835186275066,34.453987504057444,-21.562310853698,-58.22756250763364,26.965851039718647,15.472710349716655,39.270696438080016,5.8989988158626625,6.974032526798991,15.728650110207257,0.0,26.965851039718647,5.974736754992814,8.705400058941521,-2.562233427910347,1.325515255034225,4.210587326179082,1846.5574575392347
0.0,17.66528972328553,82.52593648342656,38.80256883510799,6.493800858518946,9.543315420811986,0.0,0.0,24.244703747600504,7.560515903196287,3.0877986794890697,4.927904981018294,11.773432136188054,13.208117169926615,219.83338393856982,0.0,0.0,0.0,0.0,0.0,-9.114300711931108,-20.920200575149778,-17.00512821274752,-14.675483977165218,-23.739079801242887,-22.105203190920168,-22.105203190920168,-24.788156750353856,-25.236189820520362,-24.802428652731695,-25.367619330456712,-25.6551072290736,-27.17699702420817,154.0358409993427,65.79754293922713,59.63479245955787,44.752878294103965,31.982880522395373,-22.89114402386869,-55.3228267770672,24.388269788507312,13.993722423687183,35.96379582603631,5.3461480718391075,6.36620745558746,14.708124877797754,0.0,24.388269788507312,5.3021665108462495,8.835121953747748,-2.2583493923500377,1.4383024745691664,4.372995216178866,1741.2894623415984
0.0,20.581696240785064,84.09931194797086,43.9507622995747,6.60109361861836,9.930173129609146,0.0,0.0,27.976452494546432,8.059970560235291,3.2095889378115547,5.5154594804193815,12.240817914595935,14.271112804733537,236.4364394289002,0.0,0.0,0.0,0.0,0.0,-9.797700620246092,-22.090581635541046,-18.32712702806618,-15.802568707283115,-25.589203909008297,-23.95722232344424,-23.95722232344424,-26.918999214437637,-27.356151892310038,-26.801729143716326,-27.3675214946401,-27.65459975679417,-29.412158687597444,165.58561129366387,70.85082813523634,62.094665935722325,48.37469605161121,34.534553065545325,-22.004646012248536,-59.95151557309584,26.92279693658214,15.44800637630166,38.832772009067476,6.0961550261841,6.951712543027272,15.85473131024696,0.0,26.92279693658214,5.173404471862746,9.22094634647462,-2.886566088372545,1.4362530626078902,5.050166458258918,1872.8014513307864
0.0,20.463458584312374,86.87975046398752,42.369857658051764,7.0620504223292535,10.770126198438696,0.0,0.0,26.421593276436138,8.610516799283733,3.3343926562969637,5.714393712822002,12.515940694075088,14.439838221195464,238.58191868722895,0.0,0.0,0.0,0.0,0.0,-9.890195402347079,-22.44958364725362,-18.44083123987157,-15.932439375544377,-25.900574534389296,-24.055385995424185,-24.05538599542418,-27.00898760530532,-27.52814915436512,-27.0543906096251,-27.706226337960576,-27.974899522156313,-29.628518770274976,167.1488153176792,71.43310336954976,63.440866014580685,48.494985466903884,34.74950525188232,-23.438884449406835,-59.56760542216089,26.848482955014422,15.40536582659166,39.55295277694199,5.8009857980683135,7.05856613725531,15.923274643179672,0.0,26.848482955014422,6.143923657512382,9.688331847657569,-2.4665931417713507,1.3441724244333084,4.751506373537895,1889.7956874075248
0.0,21.63799411341417,93.94326646056683,46.85451964312461,7.309298656115065,11.227060723200058,0.0,0.0,27.17256351800793,9.106404213890556,3.3028254774405092,6.120040358708931,12.890176280607339,13.8250896608854,253.38923910596145,0.0,0.0,0.0,0.0,0.0,-10.516096042273029,-23.999128957424663,-19.580257381729453,-16.875745569616043,-27.13374650153404,-25.28612358266898,-25.28612358266898,-28.287760636826196,-28.83215779290036,-28.320515135149826,-29.004798478036943,-29.243492166063348,-30.809298647536966,177.72682173860113,75.6624173673603,68.10644499243135,51.40744861306955,36.57493401968606,-25.836821468135483,-64.22493023304227,27.28512911696407,15.65590861788763,40.703122497889034,5.966659796962219,7.314225309811594,16.19517666791516,0.0,27.28512911696407,6.442569894368846,9.32590432247492,-2.66383431952171,1.1941849511026623,4.499185338410481,2007.0837468856043
0.0,17.51049046044561,76.89297065562036,40.15850508982072,6.546898737506113,9.967150054407288,0.0,0.0,24.882241822468167,7.607049209108229,2.9507041202189845,4.832186552135706,10.684665943601914,11.935658203854523,213.96852084918766,0.0,0.0,0.0,0.0,0.0,-8.85744317729147,-20.076196028916044,-16.617282484706305,-14.335603682105978,-23.168507422580806,-21.64151671956866,-21.64151671956866,-24.28457337688124,-24.719088439913453,-24.245662949877392,-24.708584182470307,-24.946082908021992,-26.38996843925218,149.6948314566752,64.27368939251245,56.66895414267092,44.0099779231785,31.505408930380195,-20.22401651294944,-54.18377588697048,24.025603647964594,13.78562855941411,35.0484236984161,5.4155632342714615,6.020393103825111,13.64531730591224,0.0,24.025603647964594,5.142190095055753,7.78680028985479,-2.4648591140524765,1.1882065516894045,4.148857913999732,1694.8341691888938
0.0,17.85234818880971,72.78747043822649,40.2318535427069,6.422454470039425,9.517631194638403,0.0,0.0,23.693717080960397,6.9277019647625115,2.914870459371288,5.130358251101245,11.303928670429544,11.853484322960556,208.6358185840065,0.0,0.0,0.0,0.0,0.0,-8.63264930989691,-19.37459304770054,-16.20591885987788,-13.993553256182368,-22.71620099302163,-21.086583090287334,-21.086583090287334,-23.6541130825757,-24.07181987654198,-23.690671117768908,-24.312341385177152,-24.53404749664469,-25.842505154907595,145.89571252149588,62.74010606251061,54.26046238219737,42.951846358784984,30.831055591703798,-18.527008056029125,-52.53777258835219,23.33906001534742,13.391697333053726,34.610934595822805,4.899296755893774,6.239554326083908,13.95445231920672,0.0,23.33906001534742,4.943275668240025,8.09376459920072,-1.9844262965224866,1.1091960749826635,3.7597197237598365,1652.5940958488047
0.0,17.08083043247913,73.60803100972967,40.75909668385367,6.231336166194387,9.821638987862446,0.0,0.0,24.34857526071649,7.740829310077342,3.0068144898077156,5.300755589514812,10.896688716422018,12.998120214263432,211.79271686092105,0.0,0.0,0.0,0.0,0.0,-8.75051448243568,-19.66803923150713,-16.510712301408503,-14.25337769942789,-23.2543988493204,-21.61290361099121,-21.61290361099121,-24.29697049109447,-24.755825696951863,-24.31203063963784,-24.887158880065908,-25.103419135056484,-26.627404061176364,147.88768772073144,63.905029140189605,55.14736954625176,44.012011223756936,31.647476518243664,-18.460661463477912,-53.60566615959661,24.398389965487308,13.999529270534655,35.71550333264228,5.31740467731238,6.382706034734792,14.193753632732662,0.0,24.398389965487308,5.430239122572678,8.619104852732809,-2.3105901875046646,1.08195044521998,4.379015361530623,1677.5997324122293
0.0,20.35895315299865,91.67216938606583,48.41356200617589,7.427828394890538,11.34484283657393,0.0,0.0,30.234310780357237,8.424736607093052,3.569410946934002,5.858733246938816,13.230250245261821,14.486359843031448,255.02115744632124,0.0,0.0,0.0,0.0,0.0,-10.552806195950183,-23.94687438393457,-19.839570242727827,-17.10135052781399,-27.656445021908283,-25.854459316898357,-25.854459316898357,-29.018661435535982,-29.48811631118929,-28.937056416943406,-29.538207093114156,-29.837499298731515,-31.58096700631084,178.34724008704043,76.67391735928081,67.65706009993623,52.66994128163364,37.66128555247189,-24.0151092861296,-65.02540287138054,28.76285900043291,16.503813860275727,41.88197164548167,6.438468552212743,7.356092690691831,16.742567566003164,0.0,28.76285900043291,5.555679001814312,9.47668307853709,-2.8690576052787407,1.497359443753015,5.009676764494358,2020.0100920955956
0.0,20.84486163671299,88.93153145115592,45.178966494198946,7.170476113275073,10.90521323972822,0.0,0.0,29.915910893843826,8.895892179331579,3.4779920947651726,6.048386304759741,13.091273120216844,14.806307276214419,249.26681080420275,0.0,0.0,0.0,0.0,0.0,-10.318795238692957,-23.320043488282547,-19.342106132885103,-16.700000155454067,-27.199135523785603,-25.385480398318983,-25.385480398318983,-28.56466748200481,-29.063038809615705,-28.48721167321935,-29.10768695614258,-29.390003475041254,-31.178498384546426,174.3923481273104,74.87446267689234,65.67282037475154,51.17576505326762,36.69890106257827,-23.25871107640438,-62.74295838116925,28.89907357227371,16.58197229155976,41.65992924502633,6.475998740240015,7.460816357284614,16.817900907773485,0.0,28.89907357227371,5.897885533856736,9.667249436132906,-2.9980066454748426,1.412430052524873,5.139057840081513,1974.4301943063604
0.0,20.73365055747613,89.23225323613032,42.733468457095576,7.191772580531971,9.752365062429512,0.0,0.0,27.951406706827612,8.505630319967104,3.3279617798498564,5.306577817576349,12.414679556875685,14.00549697876835,241.15526305352847,0.0,0.0,0.0,0.0,0.0,-10.007792635608174,-22.81835360646369,-18.624245483820975,-16.063117945718798,-25.849565818267035,-24.262484292699074,-24.262484292699074,-27.228545173364147,-27.69210686118885,-27.11211439096402,-27.605423002094838,-27.91670284526456,-29.66054451117049,169.1362622208581,72.01900083267036,64.7096073690736,48.868267061098,34.824737233210385,-24.522645867056724,-60.819936787038145,26.961738757068186,15.470350766915692,38.83202869831059,6.347654965796801,6.8639114335944775,15.868097236489799,0.0,26.961738757068186,5.485937134020158,8.994745683136111,-3.019693185946945,1.5573336160181288,5.0107512956322395,1910.1790220391092
0.0,20.291289052984453,82.75605478606727,42.457678777924336,6.974391207255049,10.477150738374217,0.0,0.0,26.27116625940226,8.045761073009656,3.1246556492877593,5.548671525912615,12.62901155180044,13.617207600962645,232.1930382229807,0.0,0.0,0.0,0.0,0.0,-9.62020722200292,-21.693037026712798,-17.969213319226494,-15.52517792236142,-25.241425403887252,-23.438440462954627,-23.438440462954624,-26.31559079808055,-26.794184179131744,-26.33668610070864,-27.009179266185686,-27.28136502150032,-28.809887752575474,162.58589187092986,69.60714635205085,60.98312777041912,47.35144111401754,33.960033933508754,-21.77292701564815,-58.03931125302953,26.15353454345895,15.006612030015557,38.553477825275095,5.5065897276087235,6.910417349980195,15.659320009311957,0.0,26.15353454345895,5.663826994688691,9.225153319383548,-2.381934078320965,1.3617458240675795,4.392054281579098,1839.1896783053571
0.0,20.722071825439244,84.37117447879375,42.44121356813536,7.3780913339500085,9.979092945534031,0.0,0.0,27.902308657453936,8.471199521025774,3.4359419554347186,5.927373504699906,12.47523731087412,13.710472193107519,236.81417729444834,0.0,0.0,0.0,0.0,0.0,-9.811233662614207,-22.11939514997827,-18.322644980576865,-15.835806858368047,-25.71848824546225,-23.994854949751847,-23.994854949751847,-26.97878675306545,-27.46486483671692,-26.942665657458324,-27.54830991209473,-27.79329808788534,-29.421139203850107,165.81432588497898,70.99985140946936,62.17185173189904,48.272523355051376,34.647878972589375,-22.19932274689471,-59.05576162927611,27.124186922221618,15.563561747075736,39.213877418832645,6.154738119638368,7.153049789423724,15.92699656423652,0.0,27.124186922221618,5.752403356822124,9.033036655021299,-2.71879616420365,1.2256762847238178,4.67743553808622,1875.7934944546378
0.0,17.366834365707973,75.25474293445671,38.15886554792609,6.053291558969596,9.062205151610728,0.0,0.0,24.866186634333914,7.954504498584162,2.8781233267754005,5.068105205800167,11.03668364215644,11.970109010133744,209.66965187645496,0.0,0.0,0.0,0.0,0.0,-8.68068748877656,-19.65832852470135,-16.271300043046924,-14.043060586048533,-22.821812177523363,-21.320931544327436,-21.320931544327436,-23.97734872802995,-24.42642566422685,-23.91936383293929,-24.415888907505295,-24.648425692184407,-26.092169052960788,146.70757966497482,62.96207221148015,55.45103316626152,43.05020731777656,30.83950481522875,-19.803709768195198,-52.91473419611471,24.147051938028465,13.855314259741492,34.8335512716246,5.51810787036661,6.231487158367273,14.021751091279992,0.0,24.147051938028465,5.314519954992952,7.821659608443089,-2.6399845435912104,1.1633819525671054,4.148449401690654,1660.7830387004578
0.0,22.294369704557322,97.17327768377052,44.806445596354344,7.2041690226020805,10.922629742249054,0.0,0.0,27.90086471304318,8.806802083714539,3.3601814778067127,5.905244658041234,12.7212343334721,14.53785839441449,255.63307741002558,0.0,0.0,0.0,0.0,0.0,-10.626850822436884,-24.398459942164994,-19.676465948282186,-16.95872358255217,-27.217537165210217,-25.4497578889024,-25.4497578889024,-28.486865034979434,-28.991979017591746,-28.448589590370887,-29.074680663843214,-29.345440172026525,-31.074380917274244,179.59862806214102,76.03444934788455,69.56412143116685,51.32494967017526,36.4151872562416,-27.60915625260367,-64.53912053502764,27.607555186592464,15.840913169652364,40.70634704649649,6.189303293919907,7.259854965142086,16.33455904518544,0.0,27.607555186592464,5.977680267601344,9.569923375600297,-2.8291218161131946,1.3546103071008524,4.9679350188141935,2024.8570801440194
0.0,18.806031789763782,86.7956004579824,43.883938114929435,7.060095595741831,10.22296862949739,0.0,0.0,24.818897904802412,7.92033453628466,3.2643790509397217,5.555356132658116,12.554482177558848,13.584591354817263,234.46667574497584,0.0,0.0,0.0,0.0,0.0,-9.715622124507666,-22.218403477225483,-18.17513948838187,-15.672625680785917,-25.259314089398718,-23.47447942113441,-23.47447942113441,-26.262258619690776,-26.749733295236965,-26.33651323176586,-27.018034688397158,-27.28182608336619,-28.775112340460765,164.19844726225563,70.26822848272022,63.15492929594293,47.97820646480378,34.25927971174516,-23.640671162039474,-59.42801727846007,25.341143519283374,14.540470947011581,38.03939532026346,5.415782515671876,6.87510495679777,15.525539218296423,0.0,25.341143519283374,5.7689310715525055,9.293785489940031,-2.1514034647321543,1.319748824139654,4.290805864877232,1857.199049708842
0.0,19.470990514700745,85.03225875383093,42.01359521709801,6.984791215557978,10.18227388317704,0.0,0.0,25.28402816057942,7.471716166700221,3.220676265067989,5.3999624172357406,11.561967037323633,12.538964124876335,229.16122375614805,0.0,0.0,0.0,0.0,0.0,-9.50887587175987,-21.70856467537994,-17.7050376742958,-15.268623074181178,-24.52748346713736,-22.876733509213057,-22.876733509213057,-25.59736405052545,-26.04022686671517,-25.61176938524641,-26.198953929510733,-26.425631551788555,-27.867470768641837,160.70434124995555,68.45688250619251,61.62392687589057,46.484583725816286,33.12484013354791,-23.408331877940363,-57.85833768973214,24.730756670415353,14.190237650094664,36.73859373445036,5.45141235851706,6.534030969756367,14.570876522999894,0.0,24.730756670415353,5.2409800732511505,8.39598608667945,-2.230736093449071,1.1340685525206267,4.142978038196885,1815.1748244724845
0.0,20.342351662878762,88.09907462731826,43.89434853010516,6.766926606599738,9.902934378787444,0.0,0.0,25.444540918774987,8.251731367745798,3.1646686250920175,5.529360109390137,12.777140145429156,12.768481128537008,236.94155810065848,0.0,0.0,0.0,0.0,0.0,-9.83662792515307,-22.462159429616346,-18.302008414388432,-15.76849476510954,-25.315432333814886,-23.61139061462677,-23.611390614626774,-26.40445266439829,-26.896131816114853,-26.428817212195955,-27.07076845896007,-27.33711144262198,-28.7551258825038,166.24350050960066,70.69805759105783,63.774973503375605,48.011459217532675,34.114716125813594,-24.324101123942654,-60.16418070004489,25.38916507382527,14.568025189704516,37.88166641022675,5.597711806842943,6.861874536355845,15.519145688240517,0.0,25.38916507382527,5.818688185994873,8.693961158759938,-2.433043181750925,1.3325144269657088,4.07451996977707,1876.8024715789688
0.0,16.591786000260797,71.89424578195329,38.35352323948533,5.819325401998738,9.389044991024186,0.0,0.0,22.52157622909449,7.385940416960631,2.9400153129229802,4.899356193543179,11.000492016865742,12.506704467524019,203.3020100516334,0.0,0.0,0.0,0.0,0.0,-8.408103400265848,-18.97605330371467,-15.809830788521532,-13.650321417145404,-22.28145297932098,-20.645923937877235,-20.645923937877235,-23.190006796334675,-23.645659606973872,-23.26274895818257,-23.842145377504934,-24.08232649431778,-25.48321001361005,142.10078418566584,61.20122586596756,53.38157247789469,41.978943898909286,30.148481808601073,-18.512673304058595,-51.28257828012653,23.12592362928319,13.269402006208677,34.24780399244336,4.93361477557359,6.100982753543462,13.824161472302123,0.0,23.12592362928319,5.392340954310022,8.481408452087353,-1.993599462650609,1.2016265600002836,4.025296015436666,1610.3452598204956
0.0,17.48439953612102,79.55772875105504,40.44284481963984,6.510672025978897,9.467853836077236,0.0,0.0,25.91178938038375,7.533815605075958,2.976583007302475,4.838537284328253,11.08774261650186,12.816899367123245,218.62886622958757,0.0,0.0,0.0,0.0,0.0,-9.051952872217218,-20.60711874357829,-16.983085146403603,-14.641847143530695,-23.635410824129213,-22.158277530728775,-22.158277530728775,-24.88074747238721,-25.288114993190693,-24.76704863608618,-25.225114218059236,-25.50011988392319,-27.101811496648732,152.98213405809054,65.64673217149702,58.36826726959162,44.9814670722912,32.14800018008671,-21.189461481463418,-55.598147776606666,24.74747697171562,14.199831576078976,35.68591254899817,5.689481206420059,6.214391125952945,14.314186380547932,0.0,24.74747697171562,4.820917405958374,8.214601761452482,-2.712898199117584,1.375853841624692,4.602297605670763,1731.7485365901177
0.0,19.565168367609385,89.70347129561686,43.327571135425096,7.578661983143486,11.058167479952358,0.0,0.0,29.191715658562888,8.396653909874576,3.3934491107651774,5.745084297226917,13.002254618529264,13.881413109354888,244.84361096606085,0.0,0.0,0.0,0.0,0.0,-10.136593394444867,-23.11384923557533,-18.983159516440733,-16.400255466176063,-26.641775085677768,-24.833858042564,-24.833858042564003,-27.911685820197988,-28.389373945942552,-27.8624222189612,-28.47630723756356,-28.761411970396104,-30.39544596807099,171.31305381857135,73.53055714748952,65.55162823220928,50.17335595505822,36.022901263694486,-24.151843063407583,-61.33707077332389,27.977709095845764,16.05330343370358,40.63772565471672,6.136989106502924,7.171463789084836,16.2711052791766,0.0,27.977709095845764,5.65311391413683,9.186182956849635,-2.7435399957377467,1.4263794918579187,4.695230152505253,1939.3942451252306
0.0,17.555367757615997,73.58117519021594,40.614399515365335,6.090864375721036,9.03363651652683,0.0,0.0,24.21906117334329,7.759885914564617,2.993313301648335,4.7793890672906025,10.987396693787284,12.86897140928541,210.4834609153647,0.0,0.0,0.0,0.0,0.0,-8.706914824307457,-19.57617880084721,-16.381751634046253,-14.125709195682171,-22.903760104059952,-21.405939477014602,-21.405939477014602,-24.048971729333594,-24.490432732876002,-24.00344014290334,-24.47350130312939,-24.744731830752833,-26.311357810942827,147.1508336033033,63.33262731206138,54.9035913347464,43.52788571766558,31.16398879327533,-18.677583855469543,-53.57498072581531,24.02538180455408,13.785501268091881,34.83077100380041,5.528808641746554,6.136355885498753,14.13196996002827,0.0,24.02538180455408,5.224390574466398,8.367431324836272,-2.535495340098219,1.356966818208151,4.501540084449138,1667.2291802210189
0.0,19.69899380056428,83.85057052580059,42.162598651988084,7.1794228473634565,10.613494850150408,0.0,0.0,26.40148730325081,7.871778717499164,3.392109561155853,5.518520497830593,12.174672277843017,14.322266548736417,233.1859155821827,0.0,0.0,0.0,0.0,0.0,-9.657198125782731,-21.85934134948736,-18.060038905637427,-15.60719289884938,-25.37696734531857,-23.578206372296318,-23.578206372296318,-26.481102331588325,-26.9517348144743,-26.509558264226833,-27.13574132483926,-27.40693713596474,-29.065220709569513,163.2110550242138,69.97486055796888,61.63632481539931,47.65676485852255,34.21897154972768,-22.21424571040128,-58.2485397004998,26.38756439680036,15.140895799832602,38.765869559833305,5.69427309657246,6.8753136293369685,15.582787983773468,0.0,26.38756439680036,5.569615182082557,9.557357711299595,-2.3021635354166072,1.3567931315063753,4.764908837436822,1847.0542112166056
0.0,17.806085583269553,83.64766383278307,42.9438023757151,6.138806353190239,9.915303829384944,0.0,0.0,26.271266875626488,8.067669673623984,2.8885017454200046,5.004164884096759,10.896139950238108,12.743219147316923,226.32262425066517,0.0,0.0,0.0,0.0,0.0,-9.377802680594046,-21.4592321408557,-17.590345942004227,-15.129579321594138,-24.28724038708094,-22.832231378956504,-22.832231378956504,-25.58978597401733,-26.02096651496274,-25.451490224411142,-25.89365530162327,-26.148613056084965,-27.77316665167459,158.4891445089411,67.83347974172408,61.026566955910745,46.577491273878074,33.07900069588275,-22.621096876872322,-58.43663311351432,25.066399373337212,14.382825761467696,36.3370409709023,5.853443123832039,6.279718988868035,14.288575028817279,0.0,25.066399373337212,5.102728295211949,8.075229963966475,-2.9649413784120346,1.2755541047712766,4.667989183350448,1792.6904168809306
0.0,18.858362270755737,78.67560680541276,41.50864531264351,6.322077797185667,10.207465507335847,0.0,0.0,26.988485712836518,8.122371560474543,2.974170356404104,5.093799294512284,12.142257756668045,12.917247730370372,223.81049010459935,0.0,0.0,0.0,0.0,0.0,-9.260833916598772,-20.84054902126091,-17.388593284024115,-15.01018407801028,-24.47612446393416,-22.82132938781218,-22.82132938781218,-25.679283188394265,-26.13495572847485,-25.61064359531933,-26.15181319958433,-26.442982701760254,-27.978719959607375,156.51231902313287,67.29817108146646,58.4922720849731,46.09663888058838,33.06504578681565,-20.183334720439653,-56.480864545567215,25.979036456522888,14.906486936549586,37.56027452552922,5.703967478055171,6.550520838318164,15.098320701820043,0.0,25.979036456522888,5.392574438823475,8.50446324141249,-2.7297971216510675,1.4567215438058803,4.4127844889578824,1772.7919254045162
0.0,18.494220473639047,79.34833273095883,40.766673974783146,6.707719309001178,10.057160691291587,0.0,0.0,23.925157562744566,7.691217316709182,3.1369346059234053,5.147776421376643,12.163281157739759,12.974913958336096,220.41338820250343,0.0,0.0,0.0,0.0,0.0,-9.127977256774182,-20.674705953719506,-17.07919632447134,-14.7532946963559,-23.96625382165252,-22.200264396519497,-22.200264396519497,-24.89426161632639,-25.374629327050638,-24.98926155074399,-25.62999677688939,-25.90104336202929,-27.308754710917235,154.26698084796658,66.14640735453685,58.32564882025213,45.09538944928062,32.351722104794796,-21.022683910706704,-55.23394984838377,24.48865757482859,14.051323837345906,36.55646030194674,5.143326943647393,6.503822975008285,14.852149691999477,0.0,24.48865757482859,5.684824978985194,8.92999887044474,-2.0063923377239883,1.356046553631642,4.044915087891356,1745.8836476960075
0.0,19.461671166603047,78.325233248031,40.35513470635451,6.540192074510188,9.387226592735011,0.0,0.0,27.044433661323975,7.780565984243289,3.148940283026264,5.58348614644664,12.269251256270245,12.545819455587822,222.44195457513203,0.0,0.0,0.0,0.0,0.0,-9.21159514011878,-20.70358543908542,-17.235766984643888,-14.890550387171725,-24.26296516360555,-22.626650811133576,-22.626650811133576,-25.46258773611507,-25.90131694197121,-25.404142906381015,-26.005023380071087,-26.25017280923164,-27.715950203861485,155.68016123236066,66.76179334277137,58.049150371099856,45.509141586462725,32.660198108195,-20.27608287693114,-55.692628769227355,25.778901236083044,14.7916515363213,37.189170607228895,5.737444659504584,6.809969182070823,15.254530172918479,0.0,25.778901236083044,5.192061607764968,8.334057503315409,-2.588504376478321,1.2264830356241827,4.211761952272413,1761.9518225338466
0.0,20.150254556081784,87.96349376186375,44.44873548301607,7.420982775613056,10.517058569349851,0.0,0.0,26.54430969355202,8.483444505143314,3.3992537310601123,5.5444447988195975,12.891991596727408,13.674559318955406,241.03852879018237,0.0,0.0,0.0,0.0,0.0,-9.989081138522039,-22.714697704519757,-18.66420044852441,-16.107614108042085,-26.005364799306935,-24.21597650425939,-24.21597650425939,-27.136552651406504,-27.645130086605487,-27.171720438711723,-27.791110494900256,-28.078199208276846,-29.62902719850703,168.82002938181577,72.2184994083666,64.28053021163662,49.200994271792034,35.18825034230531,-23.68296355022713,-60.712095475714214,26.548278766904073,15.233111947358939,39.27367149934469,5.864030364026072,6.980750148912561,15.911832417056205,0.0,26.548278766904073,6.018667872177354,9.218413148533642,-2.46477663296596,1.4363053500929635,4.456146170421764,1909.2543756591238
0.0,18.27431451972275,79.34754485754719,41.54985034067308,6.291132817918356,9.38462791856734,0.0,0.0,25.4264059152932,7.8244952177837845,3.03131880974878,5.336531163375352,11.34269047960313,12.248797791018054,220.057709831251,0.0,0.0,0.0,0.0,0.0,-9.115544358388886,-20.670224816030956,-17.081719612137146,-14.720829726585153,-23.76366170141497,-22.22583911164366,-22.22583911164366,-24.931962802064042,-25.37515303162454,-24.879681494218016,-25.417137234019,-25.642432956002946,-27.106412960998192,154.05685919197037,66.00085063928063,58.36581531364372,45.180213553472434,32.2365158051315,-20.98172954390347,-56.06482748876732,24.5988881958039,14.114572961859286,35.881406137726444,5.610959239834323,6.463686066236768,14.422132913088017,0.0,24.5988881958039,5.244854787698242,8.04220045467175,-2.5796404300855427,1.1271549028614158,4.206597336346304,1743.0663367455575
0.0,20.579389569197115,83.74206213072885,43.21072791167367,6.939847658143585,10.266072458148336,0.0,0.0,27.595144771817044,7.825302258815884,3.185384246893332,5.770893053859423,12.263433201727457,13.085029553749443,234.4632868147542,0.0,0.0,0.0,0.0,0.0,-9.71793456589832,-21.924449266058023,-18.147481613603734,-15.66315311735914,-25.361197469890108,-23.663197561012385,-23.66319756101239,-26.564803870186186,-27.007221705844906,-26.509839495017463,-27.140975802048448,-27.378139372153264,-28.91147294005384,164.2375285769532,70.22575823780102,61.65840632499719,47.80822962627843,34.19150305648044,-22.083655805731667,-58.99616471727841,26.375841370546336,15.13416925560511,38.481248918859485,5.774972474245067,6.9574228222444106,15.48278116422167,0.0,26.375841370546336,5.235714031464149,8.679151822870246,-2.5895882273517348,1.1865297683849878,4.405877730879197,1857.172206158614
0.0,20.270808198245245,86.88456400241067,42.36806730688162,6.563319363778498,10.520733424114706,0.0,0.0,25.942877639964994,7.908650209329904,3.3031744497752835,5.47409965026476,11.600274908149578,12.920945468765431,233.75751462168068,0.0,0.0,0.0,0.0,0.0,-9.705787865063993,-22.150654116741038,-18.042140749715582,-15.551524406261521,-25.036508795602607,-23.36185086517327,-23.36185086517327,-26.160346034461245,-26.62689528386797,-26.1683555640028,-26.732628455596803,-26.96374745354286,-28.477704134509747,164.03224379016382,69.72527083151687,62.86238446066094,47.279678338541224,33.6193727927164,-24.02217954174973,-59.14548429005133,25.43855257965614,14.59636320030505,37.635839970403474,5.690531766717915,6.630388413252794,14.794186366318057,0.0,25.43855257965614,5.521292892387273,8.570745247608922,-2.387357316942631,1.1562887629880336,4.350200221156509,1851.5818192001161
0.0,19.247494733433747,87.51063489769588,44.19723356600992,7.301075732994035,10.284158410640282,0.0,0.0,27.78407059629562,8.025337464960197,3.346422210151747,5.991478571460233,13.022749307443855,13.980738348453942,240.6913938395395,0.0,0.0,0.0,0.0,0.0,-9.962893199190804,-22.672369600101685,-18.685381003985626,-16.128903983956405,-26.15039790711014,-24.355269501590836,-24.355269501590836,-27.337980067875982,-27.80283712671355,-27.318038906456877,-28.01595411568562,-28.27605055410874,-29.87548021077417,168.37744125723853,72.31395258230096,64.1990018735711,49.46964499089622,35.461299659337485,-23.311633024124774,-60.70949940701066,27.113085776612525,15.557192031159614,39.76467710163373,5.8704927066200625,7.292741521345842,16.317284463027544,0.0,27.113085776612525,5.501266968491882,9.38494024298464,-2.5240704964683154,1.3012629498856096,4.595798105469301,1906.504736724694
0.0,22.152856084618506,97.11674816685347,49.53449950125957,7.425351016722639,11.60832618785731,0.0,0.0,27.914893029981066,8.680858195620598,3.5495589605936346,6.238216140465059,13.705945367065318,14.907040632657647,262.8342932836948,0.0,0.0,0.0,0.0,0.0,-10.903887556196008,-24.875886778209804,-20.33668179940874,-17.52059896000243,-28.182845297863018,-26.222816214116115,-26.222816214116115,-29.319285451692423,-29.845959332923076,-29.375765980568016,-30.131990160571522,-30.408081622000733,-32.06363565340436,184.28067527794502,78.55361800574978,70.57634602219426,53.49815246831178,38.053320702820464,-26.54040214465921,-66.87444406094298,28.147161508738403,16.150533374597586,42.30714363090463,5.99759015940172,7.619502219258447,17.081725064387157,0.0,28.147161508738403,6.232826996812512,10.149974856542418,-2.448031198808086,1.381286078793388,4.75706577611523,2081.897558219776
0.0,20.9922512094861,88.13331034553835,46.87484316949857,7.328174059181937,10.822502760064697,0.0,0.0,27.19061883789368,8.411662663003396,3.4099753674343667,5.769314785235401,13.303383580590333,13.874199836133197,246.11023661406006,0.0,0.0,0.0,0.0,0.0,-10.196188715366384,-23.049713012747056,-19.0806739171284,-16.458120412944513,-26.588349338173714,-24.73930098393369,-24.73930098393369,-27.716087344010436,-28.220669273460214,-27.751964908492162,-28.42959134769714,-28.715095712777284,-30.26401983052341,172.32024193622416,73.78999467783588,64.92662674839953,50.388414256817235,36.01294972152132,-23.20668359713882,-62.27863937743734,27.059234252129343,15.526292615487854,40.196130962737875,5.8502542499670405,7.197693637947797,16.325680314758344,0.0,27.059234252129343,5.971383780470722,9.42352424925279,-2.4402788825326738,1.4283788527123962,4.450675586880408,1949.4271248183754
0.0,19.136397906052864,79.07384514876469,40.37190553181552,6.279609799113067,9.191336783283866,0.0,0.0,25.98700252517505,7.83817550455196,2.8422201573105603,5.260579428833708,11.51889346593065,12.090479553798055,219.59044580462992,0.0,0.0,0.0,0.0,0.0,-9.104785885884926,-20.59512799479562,-16.997850544636552,-14.6571649810939,-23.675201180996883,-22.172825124945817,-22.172825124945817,-24.895180488277024,-25.323452754955248,-24.79144485042183,-25.32738236377776,-25.566847963774226,-27.028574952043567,153.87503609742987,65.71540970720005,58.04082491746567,44.76556634954416,31.932246924367227,-21.03302023129902,-55.58502881839592,24.74643544524323,14.199233959582276,35.78301801405834,5.612084813599515,6.458626256912861,14.520970160262099,0.0,24.74643544524323,5.068310848263004,7.890356031387454,-2.7698646562889557,1.1980468280791534,4.200123522410601,1739.365161286629
0.0,17.297835519268396,77.82435683056697,39.201208665331166,6.151896849527443,9.330470030824996,0.0,0.0,24.630601242846815,7.106966680411602,2.955265529455811,4.9881385771139515,11.319385208312251,12.081881608620153,212.88800674227957,0.0,0.0,0.0,0.0,0.0,-8.81869264747491,-20.08764752981309,-16.512809485007573,-14.240675076649074,-23.04156168241864,-21.494535779659312,-21.494535779659312,-24.115230642296254,-24.522694578788787,-24.08383224921729,-24.634205403910926,-24.881606221146775,-26.288725575935423,149.03992982043113,63.84807692184843,56.922538174158625,43.63723251776692,31.182323609237194,-20.901818656408345,-53.9571220222868,23.822333084600896,13.668994133713335,34.92138165927134,5.240173789837419,6.225885311333753,14.124852527275168,0.0,23.822333084600896,4.822058420029993,8.038667555437433,-2.2849082603816084,1.2377467342198019,4.043214053182719,1686.275469893266
0.0,18.59025593149317,79.08692646738416,41.69128965576363,6.4602446290541335,9.923917800750617,0.0,0.0,24.31296609516761,8.107900069581847,3.1031711542548983,5.37625511362781,11.278903473575564,12.754638014755855,220.68646840540936,0.0,0.0,0.0,0.0,0.0,-9.14048903169379,-20.67792111366722,-17.11908827745474,-14.767039647315512,-23.90320093040523,-22.2489314201211,-22.2489314201211,-24.94754486754232,-25.43499623331158,-24.98569747432334,-25.560118824846306,-25.780164251514268,-27.2523719409841,154.478435553385,66.20803285202435,58.27868910427547,45.25067630309068,32.35881421452565,-20.808237363108688,-55.854871292786235,24.53061946569605,14.075401111308532,36.25173114470962,5.442416007632515,6.47714277956716,14.408254556759331,0.0,24.53061946569605,5.76865521620423,8.524399265632736,-2.3392448533776165,1.10088766593935,4.230238749123119,1748.0467026022957
0.0,20.026131088597175,83.23554491626537,44.18246591176473,7.097547083582115,10.169994048088462,0.0,0.0,25.95622106800479,8.533699878960146,3.101318644338847,5.323386944965134,11.982236126596503,14.08824658654279,233.69679229770605,0.0,0.0,0.0,0.0,0.0,-9.680334699385732,-21.847056167892294,-18.122340034661857,-15.633926041472733,-25.24688693397845,-23.57181023558823,-23.57181023558823,-26.43856720194205,-26.929354379051276,-26.40585460906708,-26.970927130302552,-27.253986606619677,-28.938799998253728,163.6020736756081,70.09471862209797,61.457399952046,47.87888688337184,34.23965575159306,-21.778144964219365,-59.09318435500174,26.05905796158365,14.952402400805834,38.143642935107195,5.826886249817037,6.739534014792641,15.407228622409052,0.0,26.05905796158365,5.808132273481955,9.247107020902732,-2.725567605478191,1.416147069827507,4.8411395656400575,1851.100840647307
0.0,18.391557552077863,76.56160736398023,36.44798745911729,6.322869579793525,8.638654679972502,0.0,0.0,23.447479137683345,7.527710750934475,2.994979044555723,4.864314202345292,11.38353999367604,11.612529399742067,208.19322916387833,0.0,0.0,0.0,0.0,0.0,-8.640691624552105,-19.641616486078195,-16.051190315146457,-13.864522785557439,-22.421598168889556,-20.903219107251555,-20.903219107251555,-23.455685095294214,-23.900821768224898,-23.466777923698793,-23.98693057808236,-24.237741412510246,-25.5646179643926,146.0316313089759,62.16159785490243,55.56864606519208,42.02869039583911,30.042737295866893,-20.992961298788153,-51.92751198264112,23.202126970663247,13.313126649911467,33.95395358833473,5.254800175008717,6.119121258718604,13.941377474634905,0.0,23.202126970663247,5.267889620481481,7.799884862409889,-2.2598211304529947,1.2548070563733118,3.8126445373321785,1649.0883667388512
0.0,19.85599162143943,81.8171839352118,42.04123025372357,6.554622571079626,9.9407834461228,0.0,0.0,27.987350915937945,7.6542674917380635,3.1617783076914203,5.530503446090404,12.699370733512435,13.408119365462422,230.6512020880099,0.0,0.0,0.0,0.0,0.0,-9.552131857226321,-21.527957483014863,-17.880905125671273,-15.437895365429206,-25.139609109745635,-23.446629806980468,-23.446629806980468,-26.374543790295427,-26.798675602660065,-26.292579583993852,-26.916500921663268,-27.199458151746544,-28.775437768431214,161.43538714257767,69.21581494543224,60.49313343329055,47.2366904970789,33.84957159076884,-21.32405050192125,-58.014955123297725,26.614980304653766,15.271384560077951,38.495808841823774,5.796734410498825,6.946138977825861,15.812152007376284,0.0,26.614980304653766,5.019311388930658,8.879702559863116,-2.634956102807405,1.4156355317354565,4.528416805599306,1826.9768698302241
0.0,19.888784543181902,84.42759782256336,41.823636892575266,6.9177809688331475,9.795830429363392,0.0,0.0,27.220499893109658,7.945184396006068,3.3692104822505984,5.848806234244066,11.992970979498686,13.465323671880405,232.69562631350652,0.0,0.0,0.0,0.0,0.0,-9.645225043600787,-21.877328994568785,-18.00522120696615,-15.542971047557714,-25.174107312748703,-23.509251141672546,-23.509251141672546,-26.404709888406718,-26.85715767733558,-26.359547966247554,-26.96180728221905,-27.18958722559919,-28.796803058081103,163.00870447187404,69.6869218416325,61.78766455002266,47.413771343950565,33.918484034718915,-22.639933272540695,-58.47186320134024,26.31995951944527,15.102104860729563,38.215761706178036,5.9599831749565135,6.988389701224921,15.47155840063321,0.0,26.31995951944527,5.354411703300154,8.847152783765026,-2.5907726927059143,1.1395834669808558,4.61817088811538,1843.1706539435957
0.0,17.93325755599943,80.2871837779057,40.245688327204995,6.9038434278664695,10.103518228073902,0.0,0.0,26.84268004972899,8.190824008151464,3.198236267444954,5.059258666102687,11.244211549736075,13.179384475667575,223.1880863338822,0.0,0.0,0.0,0.0,0.0,-9.233939744627495,-20.947723022811832,-17.33596328828205,-14.972740124536497,-24.3253495204343,-22.745048096834985,-22.74504809683499,-25.590559859406277,-26.047881266212364,-25.514169374768418,-25.96283512849357,-26.23105817113797,-27.876017507372474,156.05779524467627,67.13029108920595,59.169486680731026,45.950677992596155,33.004373015349685,-21.11769709717467,-56.12023661233799,25.865937301802497,14.841591878751894,37.11058406435126,5.976972621086555,6.401179031543984,14.628914183646812,0.0,25.865937301802497,5.412087654509863,8.452761476315539,-2.7787363536416017,1.3419203654412977,4.726622999352037,1767.8618956344505
0.0,19.66082997787519,85.75779075759256,47.46494489500714,7.532128354303582,10.52698676902621,0.0,0.0,29.05080366080611,8.522329930786672,3.204327957192793,5.780086396783972,12.823817677409531,14.293225215985048,244.61727159276882,0.0,0.0,0.0,0.0,0.0,-10.11151623217833,-22.785087811388856,-19.066869298954146,-16.44430053820335,-26.610115167180822,-24.89540826083237,-24.89540826083237,-27.9615787428342,-28.426820595510662,-27.847439675569188,-28.45605830579399,-28.743082920867217,-30.478173130120357,170.88923833324878,73.72803325952005,64.01763691069604,50.79034180340186,36.420429641275696,-21.74015384689652,-62.27900168014237,27.871743314260826,15.992501427379725,40.33733286634979,6.2208371462461525,7.21607106294973,16.373437888127697,0.0,27.871743314260826,5.505820741733313,9.307620339101126,-3.016509189053359,1.4359846661657585,4.985604876883922,1937.6014220400136
0.0,18.888978461418226,74.95807994104132,37.81815978886616,6.262399563093845,9.240453247941923,0.0,0.0,24.27806017563863,7.490602765271275,2.9529300120863655,4.72031518077716,11.183184929896996,12.810112556468912,210.6032766225008,0.0,0.0,0.0,0.0,0.0,-8.730636922385399,-19.657503587194668,-16.277348444779513,-14.063012969499285,-22.851345132842194,-21.300633974591527,-21.300633974591527,-23.943191554615527,-24.37399854791681,-23.91451041802639,-24.41693028443287,-24.696721126386617,-26.221879754276614,147.55174788550616,63.05152873699464,55.1945580886461,42.80122233662723,30.666988998814617,-19.763521852395222,-52.58455177583064,24.021066994127843,13.783025477068605,34.87156639688481,5.345225164324727,6.120109266997673,14.165778717620487,0.0,24.021066994127843,5.0983076130329135,8.427724682524907,-2.3922951522383613,1.3997940862205134,4.382387873944005,1668.1782345662743
0.0,17.480343137981496,80.79065838884156,38.25639523630487,6.162843334630613,9.667634991297842,0.0,0.0,25.10360955528212,7.666866814215588,2.842823689353071,4.980334470148832,11.456210609670764,12.499364241765248,216.90708446949196,0.0,0.0,0.0,0.0,0.0,-8.990613339581579,-20.589906216476262,-16.793126811941214,-14.489038944813109,-23.487361952265296,-21.91048306345294,-21.91048306345294,-24.602527637041334,-25.037545598480474,-24.553774038037588,-25.09780080730041,-25.36066593573934,-26.835946467648768,151.94546796656377,64.96161650292821,58.59116470624174,44.25200472073296,31.621955401607607,-22.199493682599822,-54.71593130202104,24.470907859180024,14.041139244669205,35.704797267884246,5.361548948075861,6.295449181170053,14.380164147340487,0.0,24.470907859180024,5.148141555492798,8.260295993074305,-2.5187252587227897,1.315114711021221,4.239068248690943,1718.1103876357067
0.0,19.471997782428833,88.8878516979419,46.91708542804361,7.487681263714,11.102116154621363,0.0,0.0,27.73290017934776,8.758104623047174,3.3936697013704813,5.791657774918082,12.209001594703663,14.724863700199247,246.47692990033613,0.0,0.0,0.0,0.0,0.0,-10.197815413862747,-23.170008474448615,-19.174440343935277,-16.533775879685404,-26.708197400861888,-24.93342954670714,-24.93342954670714,-27.96301257174985,-28.468505852739888,-27.93533189873509,-28.527297726920565,-28.791035523602844,-30.56562557488924,172.34773388309526,74.12919601724087,65.52605475873044,50.9109853112099,36.43869603072609,-23.36179693921146,-62.70872629422641,27.539160303997033,15.801668934184205,40.371484490026525,6.169605318618361,7.111138446732635,15.988624570054167,0.0,27.539160303997033,5.982169005799294,9.625760053034194,-2.77593561724788,1.3194806718145529,5.0991036471650535,1952.3316843709972
0.0,19.213866619093196,85.91558125981462,43.80784243730941,6.613269617576451,10.447272054489035,0.0,0.0,26.24727833153734,8.299388441978877,3.30975428379827,5.673160977038137,12.732296863611495,12.861066770368497,235.1207776566153,0.0,0.0,0.0,0.0,0.0,-9.741040978695725,-22.181498014705742,-18.23490056194618,-15.722700765207255,-25.456347468281958,-23.67589860468258,-23.67589860468258,-26.538198694016124,-27.03959180533763,-26.585203709789962,-27.23098400070598,-27.483664655687537,-28.908559650411537,164.62803749697017,70.49274015964515,62.84011232009901,48.17297858014096,34.40107997763703,-23.075468939715606,-59.658033643764504,26.018544580797624,14.929156266082824,38.6225168759412,5.675496437948694,6.9373227490091285,15.562425634494344,0.0,26.018544580797624,5.933646287828453,8.766776227514654,-2.365742154150424,1.2641617719709917,4.094290542853843,1862.3801588999445
0.0,20.47288573383385,86.35410343897335,46.38922968064228,7.257082424835926,11.029236911662219,0.0,0.0,27.665233547328437,8.204383428941563,3.3134143673202177,5.685255375150174,12.586760570941216,13.766916746833655,242.7245022264629,0.0,0.0,0.0,0.0,0.0,-10.050439393954681,-22.69115579274299,-18.8425657151702,-16.252365043048762,-26.274674031029225,-24.487607840352776,-24.487607840352776,-27.457247684419983,-27.934268685575198,-27.442729963832633,-28.071200603233407,-28.33856785693748,-29.93739941279543,169.85701189715533,72.86749032930757,63.85167651052341,49.86460027912612,35.667849373671956,-22.502426928449943,-61.51034604895359,26.9942718304446,15.48901788854289,39.76791122918999,5.872578847679306,7.022894226981682,15.843201242866785,0.0,26.9942718304446,5.6452189485824755,9.172837223076577,-2.5591644803590876,1.3376388518315085,4.5940795237570775,1922.6088886352034
0.0,19.29509731364535,82.0001816715917,40.01325833079691,6.594974772500762,9.686076971532918,0.0,0.0,26.188148580435602,8.15588552675306,3.1499440861917227,5.595779871113776,11.909245003012675,13.24423214724536,225.83282427481987,0.0,0.0,0.0,0.0,0.0,-9.360256071107028,-21.234507919362997,-17.46840596565019,-15.086475889485309,-24.515248720955338,-22.852109594031496,-22.852109594031496,-25.684269292569304,-26.154550770146848,-25.657007983749057,-26.253935268727,-26.493992937217424,-28.05358392446459,158.19259880187641,67.64022547294346,59.98005681798237,45.98542363057602,32.932021039672655,-22.02012485360933,-56.564475805387886,25.74456593525872,14.771950316298884,37.41279593472751,5.740368339837741,6.796788818934607,15.189561804422246,0.0,25.74456593525872,5.565461273107043,8.762906398014959,-2.5904242536460176,1.2010089478208306,4.4813257492304,1788.8107352724587
0.0,18.27249636493547,81.901280182279,40.28300276023786,6.39201059835223,9.803370853928259,0.0,0.0,24.240080212514094,7.51672260850123,2.8781126110954833,5.2290479155145695,11.86781607327968,13.081331520267215,221.4652717009051,0.0,0.0,0.0,0.0,0.0,-9.181478703364592,-20.966359423112614,-17.139963195204874,-14.786234277938362,-23.91963481776057,-22.23920276376176,-22.23920276376176,-24.92171684628348,-25.36764687947567,-24.937516849424437,-25.588415186175503,-25.847153264104016,-27.316836545803522,155.17117970871374,66.29409199219137,59.52861908242669,45.13659534845895,32.23346891289261,-22.37266109985231,-55.89477362304706,24.384274907024118,13.991430204391753,36.24077668368466,5.117556720280853,6.523514985399045,14.796334124076504,0.0,24.384274907024118,5.2772784993158615,8.858346399585919,-2.239444109185369,1.2944670698844751,4.222985120681296,1754.215565344556
0.0,21.975514139496575,91.67599578051058,45.58975159946559,7.580045375088266,11.052248085749964,0.0,0.0,28.339260381015016,9.000029489555702,3.374784925042005,5.991211001049364,13.130286797316597,14.871036520369504,252.5801640946592,0.0,0.0,0.0,0.0,0.0,-10.473653063594845,-23.74030239629605,-19.522264285406386,-16.855277343965604,-27.278345893571256,-25.4220931884944,-25.4220931884944,-28.525766570422064,-29.04871605414544,-28.508753849716648,-29.172869723050578,-29.455653817507322,-31.19515930620371,177.00951603168573,75.57064806297348,67.0134330085427,51.319256022070896,36.70131286157556,-24.66256277196787,-63.333814805052995,28.212647776817214,16.188108678873164,41.358100744407785,6.186063127930522,7.405980334933425,16.71380919579387,0.0,28.212647776817214,6.188751286667186,9.872744788008168,-2.8112782028885164,1.4147693338840606,4.998291732361336,2000.675103365755
0.0,20.993246267738783,86.87186573242792,46.791623315566895,7.47140769318091,10.238669368622192,0.0,0.0,27.20763947044054,8.566865375072783,3.252572640671739,5.803778686937378,12.802280560960257,14.657462858362285,244.65741196998167,0.0,0.0,0.0,0.0,0.0,-10.133647875573308,-22.850608439071795,-18.97933424187039,-16.36982871001539,-26.40496276119408,-24.65456317028898,-24.65456317028898,-27.640083132106728,-28.130801182066293,-27.600774188005456,-28.25175046690532,-28.53469937895559,-30.261556475540203,171.26327320556547,73.3941387644162,64.23680640247758,50.16836641502429,35.864854120324836,-22.635059329950337,-61.96878489325573,27.138623414396456,15.571845248366248,39.81880029830447,6.012123815039613,7.219372603538723,16.348634511103942,0.0,27.138623414396456,5.8073142007049094,9.695514991617255,-2.759551174367874,1.4155939166013445,4.96194786674503,1937.9193720010383
0.0,20.607234863522677,83.95179156425607,46.941584755327675,7.277475928572029,9.994418998625648,0.0,0.0,27.932411687275884,8.420424580493139,3.258231103422376,5.965255063718283,12.591118214916483,13.357458218330187,240.29740497846043,0.0,0.0,0.0,0.0,0.0,-9.946503769005755,-22.333818021516606,-18.677176471937337,-16.10280830122354,-25.97962036568312,-24.301681143444803,-24.301681143444803,-27.26051702194774,-27.7331246686201,-27.19005928981591,-27.814479747199805,-28.055832431752176,-29.640760839481832,168.10045240841228,72.19695257004815,62.57167375112814,49.51606569267003,35.40547810109147,-21.38011781312793,-61.13436643822835,26.896062889764078,15.432666672678645,39.190588304339265,6.085665782467477,7.172742979229438,15.937760544016703,0.0,26.896062889764078,5.592989901448038,8.803327973718812,-2.8274346790451004,1.2074879155111553,4.554130244611375,1903.383970261541
0.0,19.45367134736803,82.22457032127116,40.688233796389525,6.18423380802662,9.895243000201889,0.0,0.0,25.315938644852917,7.38397666318011,2.818207189630096,5.165116260327984,11.045035133194489,12.22516047771352,222.39938664215634,0.0,0.0,0.0,0.0,0.0,-9.234582618489336,-21.03791811195278,-17.172172997084918,-14.79440524655904,-23.780409299787433,-22.247103538638456,-22.247103538638456,-24.916829575728663,-25.32754405700348,-24.84286496603374,-25.392379297530667,-25.61950661720106,-27.084275663954152,156.06866010629264,66.33072653586369,59.621839134532784,45.0180942524704,31.975055371921453,-22.602731186738374,-56.4656316914243,24.268030516227704,13.92473044453908,35.65591640833423,5.341657447191071,6.301434649713595,14.11758131122767,0.0,24.268030516227704,4.860526405619135,8.016295910294726,-2.5234502575609747,1.136318389385611,4.208864567418793,1761.6146440225748
0.0,19.281654539792072,88.50980673728836,45.359277703769514,6.941076183103281,10.289456967573942,0.0,0.0,26.36718572519369,8.30192377900619,3.2970043688656085,5.664133280996486,12.2479954047787,13.110190256044556,239.36970494641238,0.0,0.0,0.0,0.0,0.0,-9.92148394938495,-22.68183041218892,-18.56790105793131,-15.99020574009319,-25.67771014894232,-23.99438389140021,-23.994383891400215,-26.849048086646548,-27.334263193512243,-26.842615244470167,-27.439814072992675,-27.684506690361033,-29.20921846173477,167.67760603996874,71.69209890644365,64.45596031117826,49.038209553915365,34.90178163508305,-24.0538464261101,-61.2133772937098,25.94913367190562,14.889329045839906,38.43942706471364,5.856737534076604,6.888330886401453,15.404901676661643,0.0,25.94913367190562,5.742190613795195,8.729086378756644,-2.5597331652109947,1.2241976054049672,4.381103877287911,1896.03570376499
0.0,18.63104244468967,84.38437703477798,41.75294931909721,6.810063484055828,10.22474583797254,0.0,0.0,25.763695668004793,7.638863633444601,3.205211668893271,5.2947188462586015,11.271877694776032,12.89543253567484,227.87297816764539,0.0,0.0,0.0,0.0,0.0,-9.446687688379619,-21.589225259034986,-17.64713144515518,-15.215709753296986,-24.502141044934547,-22.88866175170166,-22.888661751701658,-25.646029526296044,-26.086806960419143,-25.621505354556728,-26.158204195477236,-26.393879227577447,-27.93521689470479,159.65333257359504,68.21964559405033,61.335240544806574,46.50886885648571,33.1781807276131,-23.04913648997141,-57.73976945756806,25.064701159843533,14.38185134514162,36.84799338003952,5.627774306798265,6.473801456325743,14.521671778942972,0.0,25.064701159843533,5.216300995539608,8.466555841440758,-2.422562637904994,1.1790826100671419,4.428876694234081,1804.9706942899888
0.0,17.76295995307545,77.66262161141931,38.339997160941955,5.893659218272412,9.661867804160888,0.0,0.0,23.74759599577152,7.599595659005448,2.858987964637862,4.809391057386182,10.540243156806651,11.962040373803235,210.83895995528098,0.0,0.0,0.0,0.0,0.0,-8.744378453942995,-19.93088769752423,-16.312484891963354,-14.06378138222939,-22.721422756249744,-21.205901485343695,-21.205901485343695,-23.780140005991033,-24.221087114890945,-23.763713382658747,-24.24729100005363,-24.47824410639309,-25.905549524648563,147.78398603925967,63.0549739160213,56.506082959949545,42.92256373650385,30.592379389730823,-21.156538651469766,-53.4007007773442,23.400041093058256,13.426687608378007,34.35299331013552,5.240274642579237,5.964849864367643,13.486000999027748,0.0,23.400041093058256,5.218308981064073,7.860823724600678,-2.3812866779413753,1.1554588069814615,4.1012166492025575,1670.0450706967429
0.0,22.42238459586896,88.3955480496943,46.72818418640322,7.4379077117193,10.791490169046899,0.0,0.0,29.84969161795957,8.70036738225491,3.4740894092530943,6.130662496064781,13.801953512629774,15.15391773519126,252.88619686608607,0.0,0.0,0.0,0.0,0.0,-10.47268744859159,-23.47918256063346,-19.597447309373386,-16.9271747575995,-27.55324726551077,-25.675039784221493,-25.675039784221493,-28.872227753607678,-29.36514860214974,-28.81448687785039,-29.511764054506617,-29.816676197634724,-31.59103108656604,176.9931966975087,75.89300016857737,65.69932369572086,51.751133511693496,37.12035489422538,-22.696224353973435,-63.41183927271165,29.062703112318783,16.675861131709684,42.16360807837184,6.341073968525003,7.656138497305996,17.374905443493937,0.0,29.062703112318783,5.833382822983002,10.055489803085884,-2.8669845592719083,1.5254760012412145,5.098427932105377,2003.0991739526212
0.0,17.711606059621325,77.9678509986194,40.832538423935944,6.5748989313420205,8.822709492816344,0.0,0.0,24.205602622074057,7.295278523313786,2.8647359855314174,5.109654025260806,11.844147248061828,12.317278239504256,215.54630055008118,0.0,0.0,0.0,0.0,0.0,-8.926901033853573,-20.267064607219197,-16.729203280014193,-14.425691819920784,-23.252569613216522,-21.703430782164922,-21.703430782164922,-24.320180818084978,-24.738605693206882,-24.28848871604659,-24.89237522013977,-25.15233799541427,-26.55825579347035,150.8687009270504,64.67759962303077,57.28223252697697,44.25080675000352,31.624055590448652,-20.685618471642428,-54.702243174861295,23.786474283429275,13.648418745857066,35.02451310727615,5.208240838763524,6.410248258173059,14.583314517523224,0.0,23.786474283429275,4.951773670081678,8.277516737130606,-2.3435048532321074,1.3005942329122533,4.039761502373651,1707.331684888466
0.0,20.75240718393792,88.95140636721175,47.605415485436446,7.558235567339133,10.758393670552543,0.0,0.0,28.49574009341996,8.770117024504207,3.6368312329961014,5.962590897050326,13.717723112186903,14.6812682000646,250.8901288346999,0.0,0.0,0.0,0.0,0.0,-10.381358058878318,-23.43399915945809,-19.497061846068224,-16.82623584868981,-27.290689035346723,-25.410124652225328,-25.410124652225328,-28.520759882262354,-29.040080695341217,-28.536029745285607,-29.204496601204433,-29.508068844799418,-31.18638310137868,175.44968833662867,75.44044049807124,65.93241956144746,51.69977193279211,37.06508965845117,-23.018986805764285,-63.42498212724802,28.2759315520137,16.22442021682572,41.52231246193522,6.261139818697203,7.4813633785141676,17.02141559417131,0.0,28.2759315520137,6.145808438803106,9.858803236616353,-2.624308585701102,1.5187724814638415,4.8224649634482475,1987.288416883345
0.0,19.879445482795873,85.3430105198981,44.199655684770924,7.091734831003134,10.048634250332155,0.0,0.0,26.99343591531616,8.138605527935804,2.9994334595684062,5.1503831631080255,12.251213738268268,12.878204949218434,234.9737575222153,0.0,0.0,0.0,0.0,0.0,-9.740631159493857,-22.11384207705541,-18.207076213631826,-15.691454198804252,-25.204035826643832,-23.617096167988876,-23.617096167988876,-26.463099874850094,-26.910857971109444,-26.36543810852488,-26.89653354830807,-27.18952695574855,-28.740299333397086,164.62111136545306,70.35264615676225,62.5004339928351,48.017496904140025,34.22373498568204,-22.842576527063002,-59.73930218065958,25.870409116091476,14.844157756874163,37.74534413078161,5.8391266057367845,6.616229708237515,15.241353566475158,0.0,25.870409116091476,5.298912381767425,8.422218575882052,-2.8396931461683783,1.46584654512949,4.455986373336382,1861.2156196193487
